solid body
 facet normal 0 -0.415598 -0.909548
  outer loop
  vertex 2.8300000000000001 -0.036196599999999995 -0.066257499999999997
  vertex 0.80000000000000004 -0.036196599999999995 -0.066257499999999997
  vertex 2.8300000000000001 -0.0263988 -0.070734399999999989
  endloop
 endfacet

 facet normal 0 -0.415598 -0.909548
  outer loop
  vertex 2.8300000000000001 -0.0263988 -0.070734399999999989
  vertex 0.80000000000000004 -0.036196599999999995 -0.066257499999999997
  vertex 0.80000000000000004 -0.0263988 -0.070734399999999989
  endloop
 endfacet

 facet normal 0 -0.281925 -0.959436
  outer loop
  vertex 2.8300000000000001 -0.0263988 -0.070734399999999989
  vertex 0.80000000000000004 -0.0263988 -0.070734399999999989
  vertex 2.8300000000000001 -0.016063500000000001 -0.073771400000000001
  endloop
 endfacet

 facet normal 0 -0.281925 -0.959436
  outer loop
  vertex 2.8300000000000001 -0.016063500000000001 -0.073771400000000001
  vertex 0.80000000000000004 -0.0263988 -0.070734399999999989
  vertex 0.80000000000000004 -0.016063500000000001 -0.073771400000000001
  endloop
 endfacet

 facet normal 0 -0.142514 -0.989793
  outer loop
  vertex 2.8300000000000001 -0.016063500000000001 -0.073771400000000001
  vertex 0.80000000000000004 -0.016063500000000001 -0.073771400000000001
  vertex 2.8300000000000001 -0.0054012599999999997 -0.075306499999999998
  endloop
 endfacet

 facet normal 0 -0.142514 -0.989793
  outer loop
  vertex 2.8300000000000001 -0.0054012599999999997 -0.075306499999999998
  vertex 0.80000000000000004 -0.016063500000000001 -0.073771400000000001
  vertex 0.80000000000000004 -0.0054012599999999997 -0.075306499999999998
  endloop
 endfacet

 facet normal 0 -0.000201142 -1
  outer loop
  vertex 2.8300000000000001 -0.0054012599999999997 -0.075306499999999998
  vertex 0.80000000000000004 -0.0054012599999999997 -0.075306499999999998
  vertex 2.8300000000000001 0.0053709600000000001 -0.075308700000000006
  endloop
 endfacet

 facet normal 0 -0.000201142 -1
  outer loop
  vertex 2.8300000000000001 0.0053709600000000001 -0.075308700000000006
  vertex 0.80000000000000004 -0.0054012599999999997 -0.075306499999999998
  vertex 0.80000000000000004 0.0053709600000000001 -0.075308700000000006
  endloop
 endfacet

 facet normal 0 0.142116 -0.98985
  outer loop
  vertex 2.8300000000000001 0.0053709600000000001 -0.075308700000000006
  vertex 0.80000000000000004 0.0053709600000000001 -0.075308700000000006
  vertex 2.8300000000000001 0.016033800000000001 -0.073777800000000004
  endloop
 endfacet

 facet normal 0 0.142116 -0.98985
  outer loop
  vertex 2.8300000000000001 0.016033800000000001 -0.073777800000000004
  vertex 0.80000000000000004 0.0053709600000000001 -0.075308700000000006
  vertex 0.80000000000000004 0.016033800000000001 -0.073777800000000004
  endloop
 endfacet

 facet normal 0 0.28154 -0.95955
  outer loop
  vertex 2.8300000000000001 0.016033800000000001 -0.073777800000000004
  vertex 0.80000000000000004 0.016033800000000001 -0.073777800000000004
  vertex 2.8300000000000001 0.026370299999999999 -0.070745000000000002
  endloop
 endfacet

 facet normal 0 0.28154 -0.95955
  outer loop
  vertex 2.8300000000000001 0.026370299999999999 -0.070745000000000002
  vertex 0.80000000000000004 0.016033800000000001 -0.073777800000000004
  vertex 0.80000000000000004 0.026370299999999999 -0.070745000000000002
  endloop
 endfacet

 facet normal 0 0.415232 -0.909716
  outer loop
  vertex 2.8300000000000001 0.026370299999999999 -0.070745000000000002
  vertex 0.80000000000000004 0.026370299999999999 -0.070745000000000002
  vertex 2.8300000000000001 0.036170000000000001 -0.066272000000000011
  endloop
 endfacet

 facet normal 0 0.415232 -0.909716
  outer loop
  vertex 2.8300000000000001 0.036170000000000001 -0.066272000000000011
  vertex 0.80000000000000004 0.026370299999999999 -0.070745000000000002
  vertex 0.80000000000000004 0.036170000000000001 -0.066272000000000011
  endloop
 endfacet

 facet normal 0 0.540472 -0.841362
  outer loop
  vertex 2.8300000000000001 0.036170000000000001 -0.066272000000000011
  vertex 0.80000000000000004 0.036170000000000001 -0.066272000000000011
  vertex 2.8300000000000001 0.045233299999999997 -0.060450000000000004
  endloop
 endfacet

 facet normal 0 0.540472 -0.841362
  outer loop
  vertex 2.8300000000000001 0.045233299999999997 -0.060450000000000004
  vertex 0.80000000000000004 0.036170000000000001 -0.066272000000000011
  vertex 0.80000000000000004 0.045233299999999997 -0.060450000000000004
  endloop
 endfacet

 facet normal 0 0.654709 -0.755881
  outer loop
  vertex 2.8300000000000001 0.045233299999999997 -0.060450000000000004
  vertex 0.80000000000000004 0.045233299999999997 -0.060450000000000004
  vertex 2.8300000000000001 0.053375800000000001 -0.053397300000000002
  endloop
 endfacet

 facet normal 0 0.654709 -0.755881
  outer loop
  vertex 2.8300000000000001 0.053375800000000001 -0.053397300000000002
  vertex 0.80000000000000004 0.045233299999999997 -0.060450000000000004
  vertex 0.80000000000000004 0.053375800000000001 -0.053397300000000002
  endloop
 endfacet

 facet normal 0 0.755618 -0.655013
  outer loop
  vertex 2.8300000000000001 0.053375800000000001 -0.053397300000000002
  vertex 0.80000000000000004 0.053375800000000001 -0.053397300000000002
  vertex 2.8300000000000001 0.060431800000000001 -0.045257599999999995
  endloop
 endfacet

 facet normal 0 0.755618 -0.655013
  outer loop
  vertex 2.8300000000000001 0.060431800000000001 -0.045257599999999995
  vertex 0.80000000000000004 0.053375800000000001 -0.053397300000000002
  vertex 0.80000000000000004 0.060431800000000001 -0.045257599999999995
  endloop
 endfacet

 facet normal 0 0.841145 -0.54081
  outer loop
  vertex 2.8300000000000001 0.060431800000000001 -0.045257599999999995
  vertex 0.80000000000000004 0.060431800000000001 -0.045257599999999995
  vertex 2.8300000000000001 0.066257499999999997 -0.036196599999999995
  endloop
 endfacet

 facet normal 0 0.841145 -0.54081
  outer loop
  vertex 2.8300000000000001 0.066257499999999997 -0.036196599999999995
  vertex 0.80000000000000004 0.060431800000000001 -0.045257599999999995
  vertex 0.80000000000000004 0.066257499999999997 -0.036196599999999995
  endloop
 endfacet

 facet normal 0 0.909548 -0.415598
  outer loop
  vertex 2.8300000000000001 0.066257499999999997 -0.036196599999999995
  vertex 0.80000000000000004 0.066257499999999997 -0.036196599999999995
  vertex 2.8300000000000001 0.070734399999999989 -0.0263988
  endloop
 endfacet

 facet normal 0 0.909548 -0.415598
  outer loop
  vertex 2.8300000000000001 0.070734399999999989 -0.0263988
  vertex 0.80000000000000004 0.066257499999999997 -0.036196599999999995
  vertex 0.80000000000000004 0.070734399999999989 -0.0263988
  endloop
 endfacet

 facet normal 0 0.959436 -0.281925
  outer loop
  vertex 2.8300000000000001 0.070734399999999989 -0.0263988
  vertex 0.80000000000000004 0.070734399999999989 -0.0263988
  vertex 2.8300000000000001 0.073771400000000001 -0.016063500000000001
  endloop
 endfacet

 facet normal 0 0.959436 -0.281925
  outer loop
  vertex 2.8300000000000001 0.073771400000000001 -0.016063500000000001
  vertex 0.80000000000000004 0.070734399999999989 -0.0263988
  vertex 0.80000000000000004 0.073771400000000001 -0.016063500000000001
  endloop
 endfacet

 facet normal 0 0.989793 -0.142514
  outer loop
  vertex 2.8300000000000001 0.073771400000000001 -0.016063500000000001
  vertex 0.80000000000000004 0.073771400000000001 -0.016063500000000001
  vertex 2.8300000000000001 0.075306499999999998 -0.0054012599999999997
  endloop
 endfacet

 facet normal 0 0.989793 -0.142514
  outer loop
  vertex 2.8300000000000001 0.075306499999999998 -0.0054012599999999997
  vertex 0.80000000000000004 0.073771400000000001 -0.016063500000000001
  vertex 0.80000000000000004 0.075306499999999998 -0.0054012599999999997
  endloop
 endfacet

 facet normal 0 1 -0.000201142
  outer loop
  vertex 2.8300000000000001 0.075306499999999998 -0.0054012599999999997
  vertex 0.80000000000000004 0.075306499999999998 -0.0054012599999999997
  vertex 2.8300000000000001 0.075308700000000006 0.0053709600000000001
  endloop
 endfacet

 facet normal 0 1 -0.000201142
  outer loop
  vertex 2.8300000000000001 0.075308700000000006 0.0053709600000000001
  vertex 0.80000000000000004 0.075306499999999998 -0.0054012599999999997
  vertex 0.80000000000000004 0.075308700000000006 0.0053709600000000001
  endloop
 endfacet

 facet normal 0 0.98985 0.142116
  outer loop
  vertex 2.8300000000000001 0.075308700000000006 0.0053709600000000001
  vertex 0.80000000000000004 0.075308700000000006 0.0053709600000000001
  vertex 2.8300000000000001 0.073777800000000004 0.016033800000000001
  endloop
 endfacet

 facet normal 0 0.98985 0.142116
  outer loop
  vertex 2.8300000000000001 0.073777800000000004 0.016033800000000001
  vertex 0.80000000000000004 0.075308700000000006 0.0053709600000000001
  vertex 0.80000000000000004 0.073777800000000004 0.016033800000000001
  endloop
 endfacet

 facet normal 0 0.95955 0.28154
  outer loop
  vertex 2.8300000000000001 0.073777800000000004 0.016033800000000001
  vertex 0.80000000000000004 0.073777800000000004 0.016033800000000001
  vertex 2.8300000000000001 0.070745000000000002 0.026370299999999999
  endloop
 endfacet

 facet normal 0 0.95955 0.28154
  outer loop
  vertex 2.8300000000000001 0.070745000000000002 0.026370299999999999
  vertex 0.80000000000000004 0.073777800000000004 0.016033800000000001
  vertex 0.80000000000000004 0.070745000000000002 0.026370299999999999
  endloop
 endfacet

 facet normal 0 0.909716 0.415232
  outer loop
  vertex 2.8300000000000001 0.070745000000000002 0.026370299999999999
  vertex 0.80000000000000004 0.070745000000000002 0.026370299999999999
  vertex 2.8300000000000001 0.066272000000000011 0.036170000000000001
  endloop
 endfacet

 facet normal 0 0.909716 0.415232
  outer loop
  vertex 2.8300000000000001 0.066272000000000011 0.036170000000000001
  vertex 0.80000000000000004 0.070745000000000002 0.026370299999999999
  vertex 0.80000000000000004 0.066272000000000011 0.036170000000000001
  endloop
 endfacet

 facet normal 0 0.841362 0.540472
  outer loop
  vertex 2.8300000000000001 0.066272000000000011 0.036170000000000001
  vertex 0.80000000000000004 0.066272000000000011 0.036170000000000001
  vertex 2.8300000000000001 0.060450000000000004 0.045233299999999997
  endloop
 endfacet

 facet normal 0 0.841362 0.540472
  outer loop
  vertex 2.8300000000000001 0.060450000000000004 0.045233299999999997
  vertex 0.80000000000000004 0.066272000000000011 0.036170000000000001
  vertex 0.80000000000000004 0.060450000000000004 0.045233299999999997
  endloop
 endfacet

 facet normal 0 0.755881 0.654709
  outer loop
  vertex 2.8300000000000001 0.060450000000000004 0.045233299999999997
  vertex 0.80000000000000004 0.060450000000000004 0.045233299999999997
  vertex 2.8300000000000001 0.053397300000000002 0.053375800000000001
  endloop
 endfacet

 facet normal 0 0.755881 0.654709
  outer loop
  vertex 2.8300000000000001 0.053397300000000002 0.053375800000000001
  vertex 0.80000000000000004 0.060450000000000004 0.045233299999999997
  vertex 0.80000000000000004 0.053397300000000002 0.053375800000000001
  endloop
 endfacet

 facet normal 0 0.655013 0.755618
  outer loop
  vertex 2.8300000000000001 0.053397300000000002 0.053375800000000001
  vertex 0.80000000000000004 0.053397300000000002 0.053375800000000001
  vertex 2.8300000000000001 0.045257599999999995 0.060431800000000001
  endloop
 endfacet

 facet normal 0 0.655013 0.755618
  outer loop
  vertex 2.8300000000000001 0.045257599999999995 0.060431800000000001
  vertex 0.80000000000000004 0.053397300000000002 0.053375800000000001
  vertex 0.80000000000000004 0.045257599999999995 0.060431800000000001
  endloop
 endfacet

 facet normal 0 0.54081 0.841145
  outer loop
  vertex 2.8300000000000001 0.045257599999999995 0.060431800000000001
  vertex 0.80000000000000004 0.045257599999999995 0.060431800000000001
  vertex 2.8300000000000001 0.036196599999999995 0.066257499999999997
  endloop
 endfacet

 facet normal 0 0.54081 0.841145
  outer loop
  vertex 2.8300000000000001 0.036196599999999995 0.066257499999999997
  vertex 0.80000000000000004 0.045257599999999995 0.060431800000000001
  vertex 0.80000000000000004 0.036196599999999995 0.066257499999999997
  endloop
 endfacet

 facet normal 0 0.415598 0.909548
  outer loop
  vertex 2.8300000000000001 0.036196599999999995 0.066257499999999997
  vertex 0.80000000000000004 0.036196599999999995 0.066257499999999997
  vertex 2.8300000000000001 0.0263988 0.070734399999999989
  endloop
 endfacet

 facet normal 0 0.415598 0.909548
  outer loop
  vertex 2.8300000000000001 0.0263988 0.070734399999999989
  vertex 0.80000000000000004 0.036196599999999995 0.066257499999999997
  vertex 0.80000000000000004 0.0263988 0.070734399999999989
  endloop
 endfacet

 facet normal 0 0.281925 0.959436
  outer loop
  vertex 2.8300000000000001 0.0263988 0.070734399999999989
  vertex 0.80000000000000004 0.0263988 0.070734399999999989
  vertex 2.8300000000000001 0.016063500000000001 0.073771400000000001
  endloop
 endfacet

 facet normal 0 0.281925 0.959436
  outer loop
  vertex 2.8300000000000001 0.016063500000000001 0.073771400000000001
  vertex 0.80000000000000004 0.0263988 0.070734399999999989
  vertex 0.80000000000000004 0.016063500000000001 0.073771400000000001
  endloop
 endfacet

 facet normal 0 0.142514 0.989793
  outer loop
  vertex 2.8300000000000001 0.016063500000000001 0.073771400000000001
  vertex 0.80000000000000004 0.016063500000000001 0.073771400000000001
  vertex 2.8300000000000001 0.0054012599999999997 0.075306499999999998
  endloop
 endfacet

 facet normal 0 0.142514 0.989793
  outer loop
  vertex 2.8300000000000001 0.0054012599999999997 0.075306499999999998
  vertex 0.80000000000000004 0.016063500000000001 0.073771400000000001
  vertex 0.80000000000000004 0.0054012599999999997 0.075306499999999998
  endloop
 endfacet

 facet normal 0 0.000201142 1
  outer loop
  vertex 2.8300000000000001 0.0054012599999999997 0.075306499999999998
  vertex 0.80000000000000004 0.0054012599999999997 0.075306499999999998
  vertex 2.8300000000000001 -0.0053709600000000001 0.075308700000000006
  endloop
 endfacet

 facet normal 0 0.000201142 1
  outer loop
  vertex 2.8300000000000001 -0.0053709600000000001 0.075308700000000006
  vertex 0.80000000000000004 0.0054012599999999997 0.075306499999999998
  vertex 0.80000000000000004 -0.0053709600000000001 0.075308700000000006
  endloop
 endfacet

 facet normal 0 -0.142116 0.98985
  outer loop
  vertex 2.8300000000000001 -0.0053709600000000001 0.075308700000000006
  vertex 0.80000000000000004 -0.0053709600000000001 0.075308700000000006
  vertex 2.8300000000000001 -0.016033800000000001 0.073777800000000004
  endloop
 endfacet

 facet normal 0 -0.142116 0.98985
  outer loop
  vertex 2.8300000000000001 -0.016033800000000001 0.073777800000000004
  vertex 0.80000000000000004 -0.0053709600000000001 0.075308700000000006
  vertex 0.80000000000000004 -0.016033800000000001 0.073777800000000004
  endloop
 endfacet

 facet normal 0 -0.28154 0.95955
  outer loop
  vertex 2.8300000000000001 -0.016033800000000001 0.073777800000000004
  vertex 0.80000000000000004 -0.016033800000000001 0.073777800000000004
  vertex 2.8300000000000001 -0.026370299999999999 0.070745000000000002
  endloop
 endfacet

 facet normal 0 -0.28154 0.95955
  outer loop
  vertex 2.8300000000000001 -0.026370299999999999 0.070745000000000002
  vertex 0.80000000000000004 -0.016033800000000001 0.073777800000000004
  vertex 0.80000000000000004 -0.026370299999999999 0.070745000000000002
  endloop
 endfacet

 facet normal 0 -0.415232 0.909716
  outer loop
  vertex 2.8300000000000001 -0.026370299999999999 0.070745000000000002
  vertex 0.80000000000000004 -0.026370299999999999 0.070745000000000002
  vertex 2.8300000000000001 -0.036170000000000001 0.066272000000000011
  endloop
 endfacet

 facet normal 0 -0.415232 0.909716
  outer loop
  vertex 2.8300000000000001 -0.036170000000000001 0.066272000000000011
  vertex 0.80000000000000004 -0.026370299999999999 0.070745000000000002
  vertex 0.80000000000000004 -0.036170000000000001 0.066272000000000011
  endloop
 endfacet

 facet normal 0 -0.540472 0.841362
  outer loop
  vertex 2.8300000000000001 -0.036170000000000001 0.066272000000000011
  vertex 0.80000000000000004 -0.036170000000000001 0.066272000000000011
  vertex 2.8300000000000001 -0.045233299999999997 0.060450000000000004
  endloop
 endfacet

 facet normal 0 -0.540472 0.841362
  outer loop
  vertex 2.8300000000000001 -0.045233299999999997 0.060450000000000004
  vertex 0.80000000000000004 -0.036170000000000001 0.066272000000000011
  vertex 0.80000000000000004 -0.045233299999999997 0.060450000000000004
  endloop
 endfacet

 facet normal 0 -0.654709 0.755881
  outer loop
  vertex 2.8300000000000001 -0.045233299999999997 0.060450000000000004
  vertex 0.80000000000000004 -0.045233299999999997 0.060450000000000004
  vertex 2.8300000000000001 -0.053375800000000001 0.053397300000000002
  endloop
 endfacet

 facet normal 0 -0.654709 0.755881
  outer loop
  vertex 2.8300000000000001 -0.053375800000000001 0.053397300000000002
  vertex 0.80000000000000004 -0.045233299999999997 0.060450000000000004
  vertex 0.80000000000000004 -0.053375800000000001 0.053397300000000002
  endloop
 endfacet

 facet normal 0 -0.755618 0.655013
  outer loop
  vertex 2.8300000000000001 -0.053375800000000001 0.053397300000000002
  vertex 0.80000000000000004 -0.053375800000000001 0.053397300000000002
  vertex 2.8300000000000001 -0.060431800000000001 0.045257599999999995
  endloop
 endfacet

 facet normal 0 -0.755618 0.655013
  outer loop
  vertex 2.8300000000000001 -0.060431800000000001 0.045257599999999995
  vertex 0.80000000000000004 -0.053375800000000001 0.053397300000000002
  vertex 0.80000000000000004 -0.060431800000000001 0.045257599999999995
  endloop
 endfacet

 facet normal 0 -0.841145 0.54081
  outer loop
  vertex 2.8300000000000001 -0.060431800000000001 0.045257599999999995
  vertex 0.80000000000000004 -0.060431800000000001 0.045257599999999995
  vertex 2.8300000000000001 -0.066257499999999997 0.036196599999999995
  endloop
 endfacet

 facet normal 0 -0.841145 0.54081
  outer loop
  vertex 2.8300000000000001 -0.066257499999999997 0.036196599999999995
  vertex 0.80000000000000004 -0.060431800000000001 0.045257599999999995
  vertex 0.80000000000000004 -0.066257499999999997 0.036196599999999995
  endloop
 endfacet

 facet normal 0 -0.909548 0.415598
  outer loop
  vertex 2.8300000000000001 -0.066257499999999997 0.036196599999999995
  vertex 0.80000000000000004 -0.066257499999999997 0.036196599999999995
  vertex 2.8300000000000001 -0.070734399999999989 0.0263988
  endloop
 endfacet

 facet normal 0 -0.909548 0.415598
  outer loop
  vertex 2.8300000000000001 -0.070734399999999989 0.0263988
  vertex 0.80000000000000004 -0.066257499999999997 0.036196599999999995
  vertex 0.80000000000000004 -0.070734399999999989 0.0263988
  endloop
 endfacet

 facet normal 0 -0.959436 0.281925
  outer loop
  vertex 2.8300000000000001 -0.070734399999999989 0.0263988
  vertex 0.80000000000000004 -0.070734399999999989 0.0263988
  vertex 2.8300000000000001 -0.073771400000000001 0.016063500000000001
  endloop
 endfacet

 facet normal 0 -0.959436 0.281925
  outer loop
  vertex 2.8300000000000001 -0.073771400000000001 0.016063500000000001
  vertex 0.80000000000000004 -0.070734399999999989 0.0263988
  vertex 0.80000000000000004 -0.073771400000000001 0.016063500000000001
  endloop
 endfacet

 facet normal 0 -0.989793 0.142514
  outer loop
  vertex 2.8300000000000001 -0.073771400000000001 0.016063500000000001
  vertex 0.80000000000000004 -0.073771400000000001 0.016063500000000001
  vertex 2.8300000000000001 -0.075306499999999998 0.0054012599999999997
  endloop
 endfacet

 facet normal 0 -0.989793 0.142514
  outer loop
  vertex 2.8300000000000001 -0.075306499999999998 0.0054012599999999997
  vertex 0.80000000000000004 -0.073771400000000001 0.016063500000000001
  vertex 0.80000000000000004 -0.075306499999999998 0.0054012599999999997
  endloop
 endfacet

 facet normal 0 -1 0.000201142
  outer loop
  vertex 2.8300000000000001 -0.075306499999999998 0.0054012599999999997
  vertex 0.80000000000000004 -0.075306499999999998 0.0054012599999999997
  vertex 2.8300000000000001 -0.075308700000000006 -0.0053709600000000001
  endloop
 endfacet

 facet normal 0 -1 0.000201142
  outer loop
  vertex 2.8300000000000001 -0.075308700000000006 -0.0053709600000000001
  vertex 0.80000000000000004 -0.075306499999999998 0.0054012599999999997
  vertex 0.80000000000000004 -0.075308700000000006 -0.0053709600000000001
  endloop
 endfacet

 facet normal 0 -0.98985 -0.142116
  outer loop
  vertex 2.8300000000000001 -0.075308700000000006 -0.0053709600000000001
  vertex 0.80000000000000004 -0.075308700000000006 -0.0053709600000000001
  vertex 2.8300000000000001 -0.073777800000000004 -0.016033800000000001
  endloop
 endfacet

 facet normal 0 -0.98985 -0.142116
  outer loop
  vertex 2.8300000000000001 -0.073777800000000004 -0.016033800000000001
  vertex 0.80000000000000004 -0.075308700000000006 -0.0053709600000000001
  vertex 0.80000000000000004 -0.073777800000000004 -0.016033800000000001
  endloop
 endfacet

 facet normal 0 -0.95955 -0.28154
  outer loop
  vertex 2.8300000000000001 -0.073777800000000004 -0.016033800000000001
  vertex 0.80000000000000004 -0.073777800000000004 -0.016033800000000001
  vertex 2.8300000000000001 -0.070745000000000002 -0.026370299999999999
  endloop
 endfacet

 facet normal 0 -0.95955 -0.28154
  outer loop
  vertex 2.8300000000000001 -0.070745000000000002 -0.026370299999999999
  vertex 0.80000000000000004 -0.073777800000000004 -0.016033800000000001
  vertex 0.80000000000000004 -0.070745000000000002 -0.026370299999999999
  endloop
 endfacet

 facet normal 0 -0.909716 -0.415232
  outer loop
  vertex 2.8300000000000001 -0.070745000000000002 -0.026370299999999999
  vertex 0.80000000000000004 -0.070745000000000002 -0.026370299999999999
  vertex 2.8300000000000001 -0.066272000000000011 -0.036170000000000001
  endloop
 endfacet

 facet normal 0 -0.909716 -0.415232
  outer loop
  vertex 2.8300000000000001 -0.066272000000000011 -0.036170000000000001
  vertex 0.80000000000000004 -0.070745000000000002 -0.026370299999999999
  vertex 0.80000000000000004 -0.066272000000000011 -0.036170000000000001
  endloop
 endfacet

 facet normal 0 -0.841362 -0.540472
  outer loop
  vertex 2.8300000000000001 -0.066272000000000011 -0.036170000000000001
  vertex 0.80000000000000004 -0.066272000000000011 -0.036170000000000001
  vertex 2.8300000000000001 -0.060450000000000004 -0.045233299999999997
  endloop
 endfacet

 facet normal 0 -0.841362 -0.540472
  outer loop
  vertex 2.8300000000000001 -0.060450000000000004 -0.045233299999999997
  vertex 0.80000000000000004 -0.066272000000000011 -0.036170000000000001
  vertex 0.80000000000000004 -0.060450000000000004 -0.045233299999999997
  endloop
 endfacet

 facet normal 0 -0.755881 -0.654709
  outer loop
  vertex 2.8300000000000001 -0.060450000000000004 -0.045233299999999997
  vertex 0.80000000000000004 -0.060450000000000004 -0.045233299999999997
  vertex 2.8300000000000001 -0.053397300000000002 -0.053375800000000001
  endloop
 endfacet

 facet normal 0 -0.755881 -0.654709
  outer loop
  vertex 2.8300000000000001 -0.053397300000000002 -0.053375800000000001
  vertex 0.80000000000000004 -0.060450000000000004 -0.045233299999999997
  vertex 0.80000000000000004 -0.053397300000000002 -0.053375800000000001
  endloop
 endfacet

 facet normal 0 -0.655013 -0.755618
  outer loop
  vertex 2.8300000000000001 -0.053397300000000002 -0.053375800000000001
  vertex 0.80000000000000004 -0.053397300000000002 -0.053375800000000001
  vertex 2.8300000000000001 -0.045257599999999995 -0.060431800000000001
  endloop
 endfacet

 facet normal 0 -0.655013 -0.755618
  outer loop
  vertex 2.8300000000000001 -0.045257599999999995 -0.060431800000000001
  vertex 0.80000000000000004 -0.053397300000000002 -0.053375800000000001
  vertex 0.80000000000000004 -0.045257599999999995 -0.060431800000000001
  endloop
 endfacet

 facet normal 0 -0.54081 -0.841145
  outer loop
  vertex 2.8300000000000001 -0.045257599999999995 -0.060431800000000001
  vertex 0.80000000000000004 -0.045257599999999995 -0.060431800000000001
  vertex 2.8300000000000001 -0.036196599999999995 -0.066257499999999997
  endloop
 endfacet

 facet normal 0 -0.54081 -0.841145
  outer loop
  vertex 2.8300000000000001 -0.036196599999999995 -0.066257499999999997
  vertex 0.80000000000000004 -0.045257599999999995 -0.060431800000000001
  vertex 0.80000000000000004 -0.036196599999999995 -0.066257499999999997
  endloop
 endfacet

 facet normal 1 0 0
  outer loop
  vertex 2.8300000000000001 0.0053709600000000001 -0.075308700000000006
  vertex 2.8300000000000001 0.016033800000000001 -0.073777800000000004
  vertex 2.8300000000000001 -0.0054012599999999997 -0.075306499999999998
  endloop
 endfacet

 facet normal 1 0 0
  outer loop
  vertex 2.8300000000000001 0.016033800000000001 -0.073777800000000004
  vertex 2.8300000000000001 -0.016063500000000001 -0.073771400000000001
  vertex 2.8300000000000001 -0.0054012599999999997 -0.075306499999999998
  endloop
 endfacet

 facet normal 1 0 0
  outer loop
  vertex 2.8300000000000001 0.016033800000000001 -0.073777800000000004
  vertex 2.8300000000000001 0.026370299999999999 -0.070745000000000002
  vertex 2.8300000000000001 -0.016063500000000001 -0.073771400000000001
  endloop
 endfacet

 facet normal 1 0 0
  outer loop
  vertex 2.8300000000000001 0.026370299999999999 -0.070745000000000002
  vertex 2.8300000000000001 -0.0263988 -0.070734399999999989
  vertex 2.8300000000000001 -0.016063500000000001 -0.073771400000000001
  endloop
 endfacet

 facet normal 1 0 0
  outer loop
  vertex 2.8300000000000001 0.026370299999999999 -0.070745000000000002
  vertex 2.8300000000000001 0.036170000000000001 -0.066272000000000011
  vertex 2.8300000000000001 -0.0263988 -0.070734399999999989
  endloop
 endfacet

 facet normal 1 0 0
  outer loop
  vertex 2.8300000000000001 0.036170000000000001 -0.066272000000000011
  vertex 2.8300000000000001 -0.036196599999999995 -0.066257499999999997
  vertex 2.8300000000000001 -0.0263988 -0.070734399999999989
  endloop
 endfacet

 facet normal 1 0 0
  outer loop
  vertex 2.8300000000000001 0.036170000000000001 -0.066272000000000011
  vertex 2.8300000000000001 0.045233299999999997 -0.060450000000000004
  vertex 2.8300000000000001 -0.036196599999999995 -0.066257499999999997
  endloop
 endfacet

 facet normal 1 0 0
  outer loop
  vertex 2.8300000000000001 0.045233299999999997 -0.060450000000000004
  vertex 2.8300000000000001 -0.045257599999999995 -0.060431800000000001
  vertex 2.8300000000000001 -0.036196599999999995 -0.066257499999999997
  endloop
 endfacet

 facet normal 1 0 0
  outer loop
  vertex 2.8300000000000001 0.045233299999999997 -0.060450000000000004
  vertex 2.8300000000000001 0.053375800000000001 -0.053397300000000002
  vertex 2.8300000000000001 -0.045257599999999995 -0.060431800000000001
  endloop
 endfacet

 facet normal 1 0 0
  outer loop
  vertex 2.8300000000000001 0.053375800000000001 -0.053397300000000002
  vertex 2.8300000000000001 -0.053397300000000002 -0.053375800000000001
  vertex 2.8300000000000001 -0.045257599999999995 -0.060431800000000001
  endloop
 endfacet

 facet normal 1 0 0
  outer loop
  vertex 2.8300000000000001 0.053375800000000001 -0.053397300000000002
  vertex 2.8300000000000001 0.060431800000000001 -0.045257599999999995
  vertex 2.8300000000000001 -0.053397300000000002 -0.053375800000000001
  endloop
 endfacet

 facet normal 1 0 0
  outer loop
  vertex 2.8300000000000001 0.060431800000000001 -0.045257599999999995
  vertex 2.8300000000000001 -0.060450000000000004 -0.045233299999999997
  vertex 2.8300000000000001 -0.053397300000000002 -0.053375800000000001
  endloop
 endfacet

 facet normal 1 0 0
  outer loop
  vertex 2.8300000000000001 0.060431800000000001 -0.045257599999999995
  vertex 2.8300000000000001 0.066257499999999997 -0.036196599999999995
  vertex 2.8300000000000001 -0.060450000000000004 -0.045233299999999997
  endloop
 endfacet

 facet normal 1 0 0
  outer loop
  vertex 2.8300000000000001 0.066257499999999997 -0.036196599999999995
  vertex 2.8300000000000001 -0.066272000000000011 -0.036170000000000001
  vertex 2.8300000000000001 -0.060450000000000004 -0.045233299999999997
  endloop
 endfacet

 facet normal 1 0 0
  outer loop
  vertex 2.8300000000000001 0.066257499999999997 -0.036196599999999995
  vertex 2.8300000000000001 0.070734399999999989 -0.0263988
  vertex 2.8300000000000001 -0.066272000000000011 -0.036170000000000001
  endloop
 endfacet

 facet normal 1 0 0
  outer loop
  vertex 2.8300000000000001 0.070734399999999989 -0.0263988
  vertex 2.8300000000000001 -0.070745000000000002 -0.026370299999999999
  vertex 2.8300000000000001 -0.066272000000000011 -0.036170000000000001
  endloop
 endfacet

 facet normal 1 0 0
  outer loop
  vertex 2.8300000000000001 0.070734399999999989 -0.0263988
  vertex 2.8300000000000001 0.073771400000000001 -0.016063500000000001
  vertex 2.8300000000000001 -0.070745000000000002 -0.026370299999999999
  endloop
 endfacet

 facet normal 1 0 0
  outer loop
  vertex 2.8300000000000001 0.073771400000000001 -0.016063500000000001
  vertex 2.8300000000000001 -0.073777800000000004 -0.016033800000000001
  vertex 2.8300000000000001 -0.070745000000000002 -0.026370299999999999
  endloop
 endfacet

 facet normal 1 0 0
  outer loop
  vertex 2.8300000000000001 0.073771400000000001 -0.016063500000000001
  vertex 2.8300000000000001 0.075306499999999998 -0.0054012599999999997
  vertex 2.8300000000000001 -0.073777800000000004 -0.016033800000000001
  endloop
 endfacet

 facet normal 1 0 0
  outer loop
  vertex 2.8300000000000001 0.075306499999999998 -0.0054012599999999997
  vertex 2.8300000000000001 -0.075308700000000006 -0.0053709600000000001
  vertex 2.8300000000000001 -0.073777800000000004 -0.016033800000000001
  endloop
 endfacet

 facet normal 1 0 0
  outer loop
  vertex 2.8300000000000001 0.075306499999999998 -0.0054012599999999997
  vertex 2.8300000000000001 0.075308700000000006 0.0053709600000000001
  vertex 2.8300000000000001 -0.075308700000000006 -0.0053709600000000001
  endloop
 endfacet

 facet normal 1 0 0
  outer loop
  vertex 2.8300000000000001 0.075308700000000006 0.0053709600000000001
  vertex 2.8300000000000001 -0.075306499999999998 0.0054012599999999997
  vertex 2.8300000000000001 -0.075308700000000006 -0.0053709600000000001
  endloop
 endfacet

 facet normal 1 0 0
  outer loop
  vertex 2.8300000000000001 0.075308700000000006 0.0053709600000000001
  vertex 2.8300000000000001 0.073777800000000004 0.016033800000000001
  vertex 2.8300000000000001 -0.075306499999999998 0.0054012599999999997
  endloop
 endfacet

 facet normal 1 0 0
  outer loop
  vertex 2.8300000000000001 0.073777800000000004 0.016033800000000001
  vertex 2.8300000000000001 -0.073771400000000001 0.016063500000000001
  vertex 2.8300000000000001 -0.075306499999999998 0.0054012599999999997
  endloop
 endfacet

 facet normal 1 0 0
  outer loop
  vertex 2.8300000000000001 0.073777800000000004 0.016033800000000001
  vertex 2.8300000000000001 0.070745000000000002 0.026370299999999999
  vertex 2.8300000000000001 -0.073771400000000001 0.016063500000000001
  endloop
 endfacet

 facet normal 1 0 0
  outer loop
  vertex 2.8300000000000001 0.070745000000000002 0.026370299999999999
  vertex 2.8300000000000001 -0.070734399999999989 0.0263988
  vertex 2.8300000000000001 -0.073771400000000001 0.016063500000000001
  endloop
 endfacet

 facet normal 1 0 0
  outer loop
  vertex 2.8300000000000001 0.070745000000000002 0.026370299999999999
  vertex 2.8300000000000001 0.066272000000000011 0.036170000000000001
  vertex 2.8300000000000001 -0.070734399999999989 0.0263988
  endloop
 endfacet

 facet normal 1 0 0
  outer loop
  vertex 2.8300000000000001 0.066272000000000011 0.036170000000000001
  vertex 2.8300000000000001 -0.066257499999999997 0.036196599999999995
  vertex 2.8300000000000001 -0.070734399999999989 0.0263988
  endloop
 endfacet

 facet normal 1 0 0
  outer loop
  vertex 2.8300000000000001 0.066272000000000011 0.036170000000000001
  vertex 2.8300000000000001 0.060450000000000004 0.045233299999999997
  vertex 2.8300000000000001 -0.066257499999999997 0.036196599999999995
  endloop
 endfacet

 facet normal 1 0 0
  outer loop
  vertex 2.8300000000000001 0.060450000000000004 0.045233299999999997
  vertex 2.8300000000000001 -0.060431800000000001 0.045257599999999995
  vertex 2.8300000000000001 -0.066257499999999997 0.036196599999999995
  endloop
 endfacet

 facet normal 1 0 0
  outer loop
  vertex 2.8300000000000001 0.060450000000000004 0.045233299999999997
  vertex 2.8300000000000001 0.053397300000000002 0.053375800000000001
  vertex 2.8300000000000001 -0.060431800000000001 0.045257599999999995
  endloop
 endfacet

 facet normal 1 0 0
  outer loop
  vertex 2.8300000000000001 0.053397300000000002 0.053375800000000001
  vertex 2.8300000000000001 -0.053375800000000001 0.053397300000000002
  vertex 2.8300000000000001 -0.060431800000000001 0.045257599999999995
  endloop
 endfacet

 facet normal 1 0 0
  outer loop
  vertex 2.8300000000000001 0.053397300000000002 0.053375800000000001
  vertex 2.8300000000000001 0.045257599999999995 0.060431800000000001
  vertex 2.8300000000000001 -0.053375800000000001 0.053397300000000002
  endloop
 endfacet

 facet normal 1 0 0
  outer loop
  vertex 2.8300000000000001 0.045257599999999995 0.060431800000000001
  vertex 2.8300000000000001 -0.045233299999999997 0.060450000000000004
  vertex 2.8300000000000001 -0.053375800000000001 0.053397300000000002
  endloop
 endfacet

 facet normal 1 0 0
  outer loop
  vertex 2.8300000000000001 0.045257599999999995 0.060431800000000001
  vertex 2.8300000000000001 0.036196599999999995 0.066257499999999997
  vertex 2.8300000000000001 -0.045233299999999997 0.060450000000000004
  endloop
 endfacet

 facet normal 1 0 0
  outer loop
  vertex 2.8300000000000001 0.036196599999999995 0.066257499999999997
  vertex 2.8300000000000001 -0.036170000000000001 0.066272000000000011
  vertex 2.8300000000000001 -0.045233299999999997 0.060450000000000004
  endloop
 endfacet

 facet normal 1 0 0
  outer loop
  vertex 2.8300000000000001 0.036196599999999995 0.066257499999999997
  vertex 2.8300000000000001 0.0263988 0.070734399999999989
  vertex 2.8300000000000001 -0.036170000000000001 0.066272000000000011
  endloop
 endfacet

 facet normal 1 0 0
  outer loop
  vertex 2.8300000000000001 0.0263988 0.070734399999999989
  vertex 2.8300000000000001 -0.026370299999999999 0.070745000000000002
  vertex 2.8300000000000001 -0.036170000000000001 0.066272000000000011
  endloop
 endfacet

 facet normal 1 0 0
  outer loop
  vertex 2.8300000000000001 0.0263988 0.070734399999999989
  vertex 2.8300000000000001 0.016063500000000001 0.073771400000000001
  vertex 2.8300000000000001 -0.026370299999999999 0.070745000000000002
  endloop
 endfacet

 facet normal 1 0 0
  outer loop
  vertex 2.8300000000000001 0.016063500000000001 0.073771400000000001
  vertex 2.8300000000000001 -0.016033800000000001 0.073777800000000004
  vertex 2.8300000000000001 -0.026370299999999999 0.070745000000000002
  endloop
 endfacet

 facet normal 1 0 0
  outer loop
  vertex 2.8300000000000001 0.016063500000000001 0.073771400000000001
  vertex 2.8300000000000001 0.0054012599999999997 0.075306499999999998
  vertex 2.8300000000000001 -0.016033800000000001 0.073777800000000004
  endloop
 endfacet

 facet normal 1 0 0
  outer loop
  vertex 2.8300000000000001 0.0054012599999999997 0.075306499999999998
  vertex 2.8300000000000001 -0.0053709600000000001 0.075308700000000006
  vertex 2.8300000000000001 -0.016033800000000001 0.073777800000000004
  endloop
 endfacet

 facet normal -1 0 0
  outer loop
  vertex 0.80000000000000004 0.0053709600000000001 -0.075308700000000006
  vertex 0.80000000000000004 -0.0054012599999999997 -0.075306499999999998
  vertex 0.80000000000000004 0.016033800000000001 -0.073777800000000004
  endloop
 endfacet

 facet normal -1 0 0
  outer loop
  vertex 0.80000000000000004 0.016033800000000001 -0.073777800000000004
  vertex 0.80000000000000004 -0.0054012599999999997 -0.075306499999999998
  vertex 0.80000000000000004 -0.016063500000000001 -0.073771400000000001
  endloop
 endfacet

 facet normal -1 0 0
  outer loop
  vertex 0.80000000000000004 0.016033800000000001 -0.073777800000000004
  vertex 0.80000000000000004 -0.016063500000000001 -0.073771400000000001
  vertex 0.80000000000000004 0.026370299999999999 -0.070745000000000002
  endloop
 endfacet

 facet normal -1 0 0
  outer loop
  vertex 0.80000000000000004 0.026370299999999999 -0.070745000000000002
  vertex 0.80000000000000004 -0.016063500000000001 -0.073771400000000001
  vertex 0.80000000000000004 -0.0263988 -0.070734399999999989
  endloop
 endfacet

 facet normal -1 0 0
  outer loop
  vertex 0.80000000000000004 0.026370299999999999 -0.070745000000000002
  vertex 0.80000000000000004 -0.0263988 -0.070734399999999989
  vertex 0.80000000000000004 0.036170000000000001 -0.066272000000000011
  endloop
 endfacet

 facet normal -1 0 0
  outer loop
  vertex 0.80000000000000004 0.036170000000000001 -0.066272000000000011
  vertex 0.80000000000000004 -0.0263988 -0.070734399999999989
  vertex 0.80000000000000004 -0.036196599999999995 -0.066257499999999997
  endloop
 endfacet

 facet normal -1 0 0
  outer loop
  vertex 0.80000000000000004 0.036170000000000001 -0.066272000000000011
  vertex 0.80000000000000004 -0.036196599999999995 -0.066257499999999997
  vertex 0.80000000000000004 0.045233299999999997 -0.060450000000000004
  endloop
 endfacet

 facet normal -1 0 0
  outer loop
  vertex 0.80000000000000004 0.045233299999999997 -0.060450000000000004
  vertex 0.80000000000000004 -0.036196599999999995 -0.066257499999999997
  vertex 0.80000000000000004 -0.045257599999999995 -0.060431800000000001
  endloop
 endfacet

 facet normal -1 0 0
  outer loop
  vertex 0.80000000000000004 0.045233299999999997 -0.060450000000000004
  vertex 0.80000000000000004 -0.045257599999999995 -0.060431800000000001
  vertex 0.80000000000000004 0.053375800000000001 -0.053397300000000002
  endloop
 endfacet

 facet normal -1 0 0
  outer loop
  vertex 0.80000000000000004 0.053375800000000001 -0.053397300000000002
  vertex 0.80000000000000004 -0.045257599999999995 -0.060431800000000001
  vertex 0.80000000000000004 -0.053397300000000002 -0.053375800000000001
  endloop
 endfacet

 facet normal -1 0 0
  outer loop
  vertex 0.80000000000000004 0.053375800000000001 -0.053397300000000002
  vertex 0.80000000000000004 -0.053397300000000002 -0.053375800000000001
  vertex 0.80000000000000004 0.060431800000000001 -0.045257599999999995
  endloop
 endfacet

 facet normal -1 0 0
  outer loop
  vertex 0.80000000000000004 0.060431800000000001 -0.045257599999999995
  vertex 0.80000000000000004 -0.053397300000000002 -0.053375800000000001
  vertex 0.80000000000000004 -0.060450000000000004 -0.045233299999999997
  endloop
 endfacet

 facet normal -1 0 0
  outer loop
  vertex 0.80000000000000004 0.060431800000000001 -0.045257599999999995
  vertex 0.80000000000000004 -0.060450000000000004 -0.045233299999999997
  vertex 0.80000000000000004 0.066257499999999997 -0.036196599999999995
  endloop
 endfacet

 facet normal -1 0 0
  outer loop
  vertex 0.80000000000000004 0.066257499999999997 -0.036196599999999995
  vertex 0.80000000000000004 -0.060450000000000004 -0.045233299999999997
  vertex 0.80000000000000004 -0.066272000000000011 -0.036170000000000001
  endloop
 endfacet

 facet normal -1 0 0
  outer loop
  vertex 0.80000000000000004 0.066257499999999997 -0.036196599999999995
  vertex 0.80000000000000004 -0.066272000000000011 -0.036170000000000001
  vertex 0.80000000000000004 0.070734399999999989 -0.0263988
  endloop
 endfacet

 facet normal -1 0 0
  outer loop
  vertex 0.80000000000000004 0.070734399999999989 -0.0263988
  vertex 0.80000000000000004 -0.066272000000000011 -0.036170000000000001
  vertex 0.80000000000000004 -0.070745000000000002 -0.026370299999999999
  endloop
 endfacet

 facet normal -1 0 0
  outer loop
  vertex 0.80000000000000004 0.070734399999999989 -0.0263988
  vertex 0.80000000000000004 -0.070745000000000002 -0.026370299999999999
  vertex 0.80000000000000004 0.073771400000000001 -0.016063500000000001
  endloop
 endfacet

 facet normal -1 0 0
  outer loop
  vertex 0.80000000000000004 0.073771400000000001 -0.016063500000000001
  vertex 0.80000000000000004 -0.070745000000000002 -0.026370299999999999
  vertex 0.80000000000000004 -0.073777800000000004 -0.016033800000000001
  endloop
 endfacet

 facet normal -1 0 0
  outer loop
  vertex 0.80000000000000004 0.073771400000000001 -0.016063500000000001
  vertex 0.80000000000000004 -0.073777800000000004 -0.016033800000000001
  vertex 0.80000000000000004 0.075306499999999998 -0.0054012599999999997
  endloop
 endfacet

 facet normal -1 0 0
  outer loop
  vertex 0.80000000000000004 0.075306499999999998 -0.0054012599999999997
  vertex 0.80000000000000004 -0.073777800000000004 -0.016033800000000001
  vertex 0.80000000000000004 -0.075308700000000006 -0.0053709600000000001
  endloop
 endfacet

 facet normal -1 0 0
  outer loop
  vertex 0.80000000000000004 0.075306499999999998 -0.0054012599999999997
  vertex 0.80000000000000004 -0.075308700000000006 -0.0053709600000000001
  vertex 0.80000000000000004 0.075308700000000006 0.0053709600000000001
  endloop
 endfacet

 facet normal -1 0 0
  outer loop
  vertex 0.80000000000000004 0.075308700000000006 0.0053709600000000001
  vertex 0.80000000000000004 -0.075308700000000006 -0.0053709600000000001
  vertex 0.80000000000000004 -0.075306499999999998 0.0054012599999999997
  endloop
 endfacet

 facet normal -1 0 0
  outer loop
  vertex 0.80000000000000004 0.075308700000000006 0.0053709600000000001
  vertex 0.80000000000000004 -0.075306499999999998 0.0054012599999999997
  vertex 0.80000000000000004 0.073777800000000004 0.016033800000000001
  endloop
 endfacet

 facet normal -1 0 0
  outer loop
  vertex 0.80000000000000004 0.073777800000000004 0.016033800000000001
  vertex 0.80000000000000004 -0.075306499999999998 0.0054012599999999997
  vertex 0.80000000000000004 -0.073771400000000001 0.016063500000000001
  endloop
 endfacet

 facet normal -1 0 0
  outer loop
  vertex 0.80000000000000004 0.073777800000000004 0.016033800000000001
  vertex 0.80000000000000004 -0.073771400000000001 0.016063500000000001
  vertex 0.80000000000000004 0.070745000000000002 0.026370299999999999
  endloop
 endfacet

 facet normal -1 0 0
  outer loop
  vertex 0.80000000000000004 0.070745000000000002 0.026370299999999999
  vertex 0.80000000000000004 -0.073771400000000001 0.016063500000000001
  vertex 0.80000000000000004 -0.070734399999999989 0.0263988
  endloop
 endfacet

 facet normal -1 0 0
  outer loop
  vertex 0.80000000000000004 0.070745000000000002 0.026370299999999999
  vertex 0.80000000000000004 -0.070734399999999989 0.0263988
  vertex 0.80000000000000004 0.066272000000000011 0.036170000000000001
  endloop
 endfacet

 facet normal -1 0 0
  outer loop
  vertex 0.80000000000000004 0.066272000000000011 0.036170000000000001
  vertex 0.80000000000000004 -0.070734399999999989 0.0263988
  vertex 0.80000000000000004 -0.066257499999999997 0.036196599999999995
  endloop
 endfacet

 facet normal -1 0 0
  outer loop
  vertex 0.80000000000000004 0.066272000000000011 0.036170000000000001
  vertex 0.80000000000000004 -0.066257499999999997 0.036196599999999995
  vertex 0.80000000000000004 0.060450000000000004 0.045233299999999997
  endloop
 endfacet

 facet normal -1 0 0
  outer loop
  vertex 0.80000000000000004 0.060450000000000004 0.045233299999999997
  vertex 0.80000000000000004 -0.066257499999999997 0.036196599999999995
  vertex 0.80000000000000004 -0.060431800000000001 0.045257599999999995
  endloop
 endfacet

 facet normal -1 0 0
  outer loop
  vertex 0.80000000000000004 0.060450000000000004 0.045233299999999997
  vertex 0.80000000000000004 -0.060431800000000001 0.045257599999999995
  vertex 0.80000000000000004 0.053397300000000002 0.053375800000000001
  endloop
 endfacet

 facet normal -1 0 0
  outer loop
  vertex 0.80000000000000004 0.053397300000000002 0.053375800000000001
  vertex 0.80000000000000004 -0.060431800000000001 0.045257599999999995
  vertex 0.80000000000000004 -0.053375800000000001 0.053397300000000002
  endloop
 endfacet

 facet normal -1 0 0
  outer loop
  vertex 0.80000000000000004 0.053397300000000002 0.053375800000000001
  vertex 0.80000000000000004 -0.053375800000000001 0.053397300000000002
  vertex 0.80000000000000004 0.045257599999999995 0.060431800000000001
  endloop
 endfacet

 facet normal -1 0 0
  outer loop
  vertex 0.80000000000000004 0.045257599999999995 0.060431800000000001
  vertex 0.80000000000000004 -0.053375800000000001 0.053397300000000002
  vertex 0.80000000000000004 -0.045233299999999997 0.060450000000000004
  endloop
 endfacet

 facet normal -1 0 0
  outer loop
  vertex 0.80000000000000004 0.045257599999999995 0.060431800000000001
  vertex 0.80000000000000004 -0.045233299999999997 0.060450000000000004
  vertex 0.80000000000000004 0.036196599999999995 0.066257499999999997
  endloop
 endfacet

 facet normal -1 0 0
  outer loop
  vertex 0.80000000000000004 0.036196599999999995 0.066257499999999997
  vertex 0.80000000000000004 -0.045233299999999997 0.060450000000000004
  vertex 0.80000000000000004 -0.036170000000000001 0.066272000000000011
  endloop
 endfacet

 facet normal -1 0 0
  outer loop
  vertex 0.80000000000000004 0.036196599999999995 0.066257499999999997
  vertex 0.80000000000000004 -0.036170000000000001 0.066272000000000011
  vertex 0.80000000000000004 0.0263988 0.070734399999999989
  endloop
 endfacet

 facet normal -1 0 0
  outer loop
  vertex 0.80000000000000004 0.0263988 0.070734399999999989
  vertex 0.80000000000000004 -0.036170000000000001 0.066272000000000011
  vertex 0.80000000000000004 -0.026370299999999999 0.070745000000000002
  endloop
 endfacet

 facet normal -1 0 0
  outer loop
  vertex 0.80000000000000004 0.0263988 0.070734399999999989
  vertex 0.80000000000000004 -0.026370299999999999 0.070745000000000002
  vertex 0.80000000000000004 0.016063500000000001 0.073771400000000001
  endloop
 endfacet

 facet normal -1 0 0
  outer loop
  vertex 0.80000000000000004 0.016063500000000001 0.073771400000000001
  vertex 0.80000000000000004 -0.026370299999999999 0.070745000000000002
  vertex 0.80000000000000004 -0.016033800000000001 0.073777800000000004
  endloop
 endfacet

 facet normal -1 0 0
  outer loop
  vertex 0.80000000000000004 0.016063500000000001 0.073771400000000001
  vertex 0.80000000000000004 -0.016033800000000001 0.073777800000000004
  vertex 0.80000000000000004 0.0054012599999999997 0.075306499999999998
  endloop
 endfacet

 facet normal -1 0 0
  outer loop
  vertex 0.80000000000000004 0.0054012599999999997 0.075306499999999998
  vertex 0.80000000000000004 -0.016033800000000001 0.073777800000000004
  vertex 0.80000000000000004 -0.0053709600000000001 0.075308700000000006
  endloop
 endfacet

endsolid body

solid nosecone
 facet normal 0 -3.21625e-16 1
  outer loop
  vertex 4.1179499999999999E-07 -2.1591800000000003E-06 -6.94444E-22
  vertex 1.05538E-05 -2.1533299999999999E-05 -6.9256199999999992E-21
  vertex 8.6736200000000004E-22 3.4694499999999997E-21 0
  endloop
 endfacet

 facet normal -0.897505 -0.439882 0.031461
  outer loop
  vertex 1.05538E-05 -2.1533299999999999E-05 -6.9256199999999992E-21
  vertex 1.05538E-05 -2.13141E-05 3.0645000000000001E-06
  vertex 8.6736200000000004E-22 3.4694499999999997E-21 0
  endloop
 endfacet

 facet normal -0.703551 -0.708834 0.0506968
  outer loop
  vertex 1.05538E-05 -2.1533299999999999E-05 -6.9256199999999992E-21
  vertex 0.00013818700000000001 -0.00014821500000000002 -4.7669699999999997E-20
  vertex 1.05538E-05 -2.13141E-05 3.0645000000000001E-06
  endloop
 endfacet

 facet normal -0.703551 -0.708834 0.0506967
  outer loop
  vertex 0.00013818700000000001 -0.00014821500000000002 -4.7669699999999997E-20
  vertex 0.00013818700000000001 -0.00014670700000000002 2.10932E-05
  vertex 1.05538E-05 -2.13141E-05 3.0645000000000001E-06
  endloop
 endfacet

 facet normal -0.454697 -0.888377 0.0635376
  outer loop
  vertex 0.00013818700000000001 -0.00014821500000000002 -4.7669699999999997E-20
  vertex 0.00198263 -0.0010922499999999999 -3.5129599999999999E-19
  vertex 0.00013818700000000001 -0.00014670700000000002 2.10932E-05
  endloop
 endfacet

 facet normal -0.454697 -0.888377 0.0635377
  outer loop
  vertex 0.00198263 -0.0010922499999999999 -3.5129599999999999E-19
  vertex 0.00198263 -0.00108114 0.000155444
  vertex 0.00013818700000000001 -0.00014670700000000002 2.10932E-05
  endloop
 endfacet

 facet normal -0.31864 -0.945461 0.0676207
  outer loop
  vertex 0.00198263 -0.0010922499999999999 -3.5129599999999999E-19
  vertex 0.0076858899999999999 -0.0030143700000000002 -9.6949500000000006E-19
  vertex 0.00198263 -0.00108114 0.000155444
  endloop
 endfacet

 facet normal -0.31864 -0.945461 0.0676208
  outer loop
  vertex 0.0076858899999999999 -0.0030143700000000002 -9.6949500000000006E-19
  vertex 0.0076858899999999999 -0.0029836900000000002 0.00042898999999999997
  vertex 0.00198263 -0.00108114 0.000155444
  endloop
 endfacet

 facet normal -0.252638 -0.965096 0.0690253
  outer loop
  vertex 0.0076858899999999999 -0.0030143700000000002 -9.6949500000000006E-19
  vertex 0.0172239 -0.0055111700000000001 -1.77253E-18
  vertex 0.0076858899999999999 -0.0029836900000000002 0.00042898999999999997
  endloop
 endfacet

 facet normal -0.252638 -0.965096 0.0690253
  outer loop
  vertex 0.0172239 -0.0055111700000000001 -1.77253E-18
  vertex 0.0172239 -0.0054550799999999993 0.00078432199999999995
  vertex 0.0076858899999999999 -0.0029836900000000002 0.00042898999999999997
  endloop
 endfacet

 facet normal -0.214851 -0.974159 0.0696735
  outer loop
  vertex 0.0172239 -0.0055111700000000001 -1.77253E-18
  vertex 0.030448200000000002 -0.0084277999999999992 -2.7105900000000003E-18
  vertex 0.0172239 -0.0054550799999999993 0.00078432199999999995
  endloop
 endfacet

 facet normal -0.214851 -0.974159 0.0696735
  outer loop
  vertex 0.030448200000000002 -0.0084277999999999992 -2.7105900000000003E-18
  vertex 0.030448200000000002 -0.0083420100000000004 0.0011994
  vertex 0.0172239 -0.0054550799999999993 0.00078432199999999995
  endloop
 endfacet

 facet normal -0.179422 -0.981266 0.0701816
  outer loop
  vertex 0.030448200000000002 -0.0084277999999999992 -2.7105900000000003E-18
  vertex 0.067412200000000005 -0.0151866 -4.8843799999999997E-18
  vertex 0.030448200000000002 -0.0083420100000000004 0.0011994
  endloop
 endfacet

 facet normal -0.179422 -0.981266 0.0701816
  outer loop
  vertex 0.067412200000000005 -0.0151866 -4.8843799999999997E-18
  vertex 0.067412200000000005 -0.015032 0.0021612800000000002
  vertex 0.030448200000000002 -0.0083420100000000004 0.0011994
  endloop
 endfacet

 facet normal -0.151585 -0.985926 0.0705147
  outer loop
  vertex 0.067412200000000005 -0.0151866 -4.8843799999999997E-18
  vertex 0.110301 -0.0217807 -7.00521E-18
  vertex 0.067412200000000005 -0.015032 0.0021612800000000002
  endloop
 endfacet

 facet normal -0.151585 -0.985926 0.0705146
  outer loop
  vertex 0.110301 -0.0217807 -7.00521E-18
  vertex 0.110301 -0.021559000000000002 0.0030997199999999998
  vertex 0.067412200000000005 -0.015032 0.0021612800000000002
  endloop
 endfacet

 facet normal -0.130885 -0.988872 0.0707251
  outer loop
  vertex 0.110301 -0.0217807 -7.00521E-18
  vertex 0.17777199999999999 -0.030710999999999999 -9.8774000000000011E-18
  vertex 0.110301 -0.021559000000000002 0.0030997199999999998
  endloop
 endfacet

 facet normal -0.130885 -0.988872 0.0707252
  outer loop
  vertex 0.17777199999999999 -0.030710999999999999 -9.8774000000000011E-18
  vertex 0.17777199999999999 -0.030398399999999999 0.0043706300000000003
  vertex 0.110301 -0.021559000000000002 0.0030997199999999998
  endloop
 endfacet

 facet normal -0.11418 -0.990929 0.0708727
  outer loop
  vertex 0.17777199999999999 -0.030710999999999999 -9.8774000000000011E-18
  vertex 0.24692699999999998 -0.0386793 -1.2440200000000001E-17
  vertex 0.17777199999999999 -0.030398399999999999 0.0043706300000000003
  endloop
 endfacet

 facet normal -0.11418 -0.990929 0.0708726
  outer loop
  vertex 0.24692699999999998 -0.0386793 -1.2440200000000001E-17
  vertex 0.24692699999999998 -0.038285600000000003 0.0055046399999999999
  vertex 0.17777199999999999 -0.030398399999999999 0.0043706300000000003
  endloop
 endfacet

 facet normal -0.101207 -0.992331 0.0709729
  outer loop
  vertex 0.24692699999999998 -0.0386793 -1.2440200000000001E-17
  vertex 0.32196399999999997 -0.0463323 -1.4901600000000001E-17
  vertex 0.24692699999999998 -0.038285600000000003 0.0055046399999999999
  endloop
 endfacet

 facet normal -0.101207 -0.992331 0.0709729
  outer loop
  vertex 0.32196399999999997 -0.0463323 -1.4901600000000001E-17
  vertex 0.32196399999999997 -0.045860700000000004 0.0065937700000000005
  vertex 0.24692699999999998 -0.038285600000000003 0.0055046399999999999
  endloop
 endfacet

 facet normal -0.089803 -0.993422 0.0710509
  outer loop
  vertex 0.32196399999999997 -0.0463323 -1.4901600000000001E-17
  vertex 0.40000000000000002 -0.053386599999999999 -1.7170400000000002E-17
  vertex 0.32196399999999997 -0.045860700000000004 0.0065937700000000005
  endloop
 endfacet

 facet normal -0.089803 -0.993422 0.071051
  outer loop
  vertex 0.40000000000000002 -0.053386599999999999 -1.7170400000000002E-17
  vertex 0.40000000000000002 -0.0528432 0.0075976999999999998
  vertex 0.32196399999999997 -0.045860700000000004 0.0065937700000000005
  endloop
 endfacet

 facet normal -0.0793201 -0.994309 0.0711146
  outer loop
  vertex 0.40000000000000002 -0.053386599999999999 -1.7170400000000002E-17
  vertex 0.47803600000000002 -0.0596118 -1.9172600000000002E-17
  vertex 0.40000000000000002 -0.0528432 0.0075976999999999998
  endloop
 endfacet

 facet normal -0.0793201 -0.994309 0.0711145
  outer loop
  vertex 0.47803600000000002 -0.0596118 -1.9172600000000002E-17
  vertex 0.47803600000000002 -0.059005099999999998 0.0084836500000000006
  vertex 0.40000000000000002 -0.0528432 0.0075976999999999998
  endloop
 endfacet

 facet normal -0.069323 -0.995053 0.0711675
  outer loop
  vertex 0.47803600000000002 -0.0596118 -1.9172600000000002E-17
  vertex 0.55307299999999993 -0.064839499999999994 -2.0854E-17
  vertex 0.47803600000000002 -0.059005099999999998 0.0084836500000000006
  endloop
 endfacet

 facet normal -0.069323 -0.995053 0.0711675
  outer loop
  vertex 0.55307299999999993 -0.064839499999999994 -2.0854E-17
  vertex 0.55307299999999993 -0.0641795 0.0092276200000000006
  vertex 0.47803600000000002 -0.059005099999999998 0.0084836500000000006
  endloop
 endfacet

 facet normal -0.0594943 -0.995685 0.0712129
  outer loop
  vertex 0.55307299999999993 -0.064839499999999994 -2.0854E-17
  vertex 0.622228 -0.068971599999999994 -2.2183E-17
  vertex 0.55307299999999993 -0.0641795 0.0092276200000000006
  endloop
 endfacet

 facet normal -0.0594943 -0.995685 0.0712127
  outer loop
  vertex 0.622228 -0.068971599999999994 -2.2183E-17
  vertex 0.622228 -0.0682696 0.0098156900000000002
  vertex 0.55307299999999993 -0.0641795 0.0092276200000000006
  endloop
 endfacet

 facet normal -0.0472526 -0.996338 0.071259
  outer loop
  vertex 0.622228 -0.068971599999999994 -2.2183E-17
  vertex 0.70920399999999995 -0.073096599999999998 -2.3509700000000001E-17
  vertex 0.622228 -0.0682696 0.0098156900000000002
  endloop
 endfacet

 facet normal -0.0472526 -0.996338 0.0712592
  outer loop
  vertex 0.70920399999999995 -0.073096599999999998 -2.3509700000000001E-17
  vertex 0.70920399999999995 -0.072352599999999989 0.010402699999999999
  vertex 0.622228 -0.0682696 0.0098156900000000002
  endloop
 endfacet

 facet normal -0.0319093 -0.996944 0.0713029
  outer loop
  vertex 0.70920399999999995 -0.073096599999999998 -2.3509700000000001E-17
  vertex 0.76955200000000001 -0.0750281 -2.4130899999999998E-17
  vertex 0.70920399999999995 -0.072352599999999989 0.010402699999999999
  endloop
 endfacet

 facet normal -0.0319093 -0.996944 0.0713029
  outer loop
  vertex 0.76955200000000001 -0.0750281 -2.4130899999999998E-17
  vertex 0.76955200000000001 -0.074264499999999997 0.010677600000000001
  vertex 0.70920399999999995 -0.072352599999999989 0.010402699999999999
  endloop
 endfacet

 facet normal -0.0156292 -0.99733 0.0713306
  outer loop
  vertex 0.76955200000000001 -0.0750281 -2.4130899999999998E-17
  vertex 0.79961900000000008 -0.074730900000000003 0.010744699999999999
  vertex 0.76955200000000001 -0.074264499999999997 0.010677600000000001
  endloop
 endfacet

 facet normal -0.425635 0.0811765 0.901246
  outer loop
  vertex 8.6736200000000004E-22 3.4694499999999997E-21 0
  vertex 1.05538E-05 2.13141E-05 3.0645000000000001E-06
  vertex 4.1179499999999999E-07 2.1591800000000003E-06 0
  endloop
 endfacet

 facet normal -0.885463 0.463525 0.033152
  outer loop
  vertex 1.05538E-05 2.13141E-05 3.0645000000000001E-06
  vertex 1.05538E-05 2.1533299999999999E-05 0
  vertex 4.1179499999999999E-07 2.1591800000000003E-06 0
  endloop
 endfacet

 facet normal -0.703551 0.708834 0.0506968
  outer loop
  vertex 1.05538E-05 2.13141E-05 3.0645000000000001E-06
  vertex 0.00013818700000000001 0.00014670700000000002 2.10932E-05
  vertex 1.05538E-05 2.1533299999999999E-05 0
  endloop
 endfacet

 facet normal -0.703551 0.708834 0.0506967
  outer loop
  vertex 0.00013818700000000001 0.00014670700000000002 2.10932E-05
  vertex 0.00013818700000000001 0.00014821500000000002 0
  vertex 1.05538E-05 2.1533299999999999E-05 0
  endloop
 endfacet

 facet normal -0.454697 0.888377 0.0635376
  outer loop
  vertex 0.00013818700000000001 0.00014670700000000002 2.10932E-05
  vertex 0.00198263 0.00108114 0.000155444
  vertex 0.00013818700000000001 0.00014821500000000002 0
  endloop
 endfacet

 facet normal -0.454697 0.888377 0.0635377
  outer loop
  vertex 0.00198263 0.00108114 0.000155444
  vertex 0.00198263 0.0010922499999999999 0
  vertex 0.00013818700000000001 0.00014821500000000002 0
  endloop
 endfacet

 facet normal -0.31864 0.945461 0.0676207
  outer loop
  vertex 0.00198263 0.00108114 0.000155444
  vertex 0.0076858899999999999 0.0029836900000000002 0.00042898999999999997
  vertex 0.00198263 0.0010922499999999999 0
  endloop
 endfacet

 facet normal -0.31864 0.945461 0.0676208
  outer loop
  vertex 0.0076858899999999999 0.0029836900000000002 0.00042898999999999997
  vertex 0.0076858899999999999 0.0030143700000000002 0
  vertex 0.00198263 0.0010922499999999999 0
  endloop
 endfacet

 facet normal -0.252638 0.965096 0.0690253
  outer loop
  vertex 0.0076858899999999999 0.0029836900000000002 0.00042898999999999997
  vertex 0.0172239 0.0054550799999999993 0.00078432199999999995
  vertex 0.0076858899999999999 0.0030143700000000002 0
  endloop
 endfacet

 facet normal -0.252638 0.965096 0.0690253
  outer loop
  vertex 0.0172239 0.0054550799999999993 0.00078432199999999995
  vertex 0.0172239 0.0055111700000000001 0
  vertex 0.0076858899999999999 0.0030143700000000002 0
  endloop
 endfacet

 facet normal -0.214851 0.974159 0.0696735
  outer loop
  vertex 0.0172239 0.0054550799999999993 0.00078432199999999995
  vertex 0.030448200000000002 0.0083420100000000004 0.0011994
  vertex 0.0172239 0.0055111700000000001 0
  endloop
 endfacet

 facet normal -0.214851 0.974159 0.0696735
  outer loop
  vertex 0.030448200000000002 0.0083420100000000004 0.0011994
  vertex 0.030448200000000002 0.0084277999999999992 0
  vertex 0.0172239 0.0055111700000000001 0
  endloop
 endfacet

 facet normal -0.179422 0.981266 0.0701816
  outer loop
  vertex 0.030448200000000002 0.0083420100000000004 0.0011994
  vertex 0.067412200000000005 0.015032 0.0021612800000000002
  vertex 0.030448200000000002 0.0084277999999999992 0
  endloop
 endfacet

 facet normal -0.179422 0.981266 0.0701816
  outer loop
  vertex 0.067412200000000005 0.015032 0.0021612800000000002
  vertex 0.067412200000000005 0.0151866 0
  vertex 0.030448200000000002 0.0084277999999999992 0
  endloop
 endfacet

 facet normal -0.151585 0.985926 0.0705147
  outer loop
  vertex 0.067412200000000005 0.015032 0.0021612800000000002
  vertex 0.110301 0.021559000000000002 0.0030997199999999998
  vertex 0.067412200000000005 0.0151866 0
  endloop
 endfacet

 facet normal -0.151585 0.985926 0.0705146
  outer loop
  vertex 0.110301 0.021559000000000002 0.0030997199999999998
  vertex 0.110301 0.0217807 0
  vertex 0.067412200000000005 0.0151866 0
  endloop
 endfacet

 facet normal -0.130885 0.988872 0.0707251
  outer loop
  vertex 0.110301 0.021559000000000002 0.0030997199999999998
  vertex 0.17777199999999999 0.030398399999999999 0.0043706300000000003
  vertex 0.110301 0.0217807 0
  endloop
 endfacet

 facet normal -0.130885 0.988872 0.0707252
  outer loop
  vertex 0.17777199999999999 0.030398399999999999 0.0043706300000000003
  vertex 0.17777199999999999 0.030710999999999999 0
  vertex 0.110301 0.0217807 0
  endloop
 endfacet

 facet normal -0.11418 0.990929 0.0708727
  outer loop
  vertex 0.17777199999999999 0.030398399999999999 0.0043706300000000003
  vertex 0.24692699999999998 0.038285600000000003 0.0055046399999999999
  vertex 0.17777199999999999 0.030710999999999999 0
  endloop
 endfacet

 facet normal -0.11418 0.990929 0.0708726
  outer loop
  vertex 0.24692699999999998 0.038285600000000003 0.0055046399999999999
  vertex 0.24692699999999998 0.0386793 0
  vertex 0.17777199999999999 0.030710999999999999 0
  endloop
 endfacet

 facet normal -0.101207 0.992331 0.0709729
  outer loop
  vertex 0.24692699999999998 0.038285600000000003 0.0055046399999999999
  vertex 0.32196399999999997 0.045860700000000004 0.0065937700000000005
  vertex 0.24692699999999998 0.0386793 0
  endloop
 endfacet

 facet normal -0.101207 0.992331 0.0709729
  outer loop
  vertex 0.32196399999999997 0.045860700000000004 0.0065937700000000005
  vertex 0.32196399999999997 0.0463323 0
  vertex 0.24692699999999998 0.0386793 0
  endloop
 endfacet

 facet normal -0.089803 0.993422 0.0710509
  outer loop
  vertex 0.32196399999999997 0.045860700000000004 0.0065937700000000005
  vertex 0.40000000000000002 0.0528432 0.0075976999999999998
  vertex 0.32196399999999997 0.0463323 0
  endloop
 endfacet

 facet normal -0.089803 0.993422 0.071051
  outer loop
  vertex 0.40000000000000002 0.0528432 0.0075976999999999998
  vertex 0.40000000000000002 0.053386599999999999 0
  vertex 0.32196399999999997 0.0463323 0
  endloop
 endfacet

 facet normal -0.0793201 0.994309 0.0711146
  outer loop
  vertex 0.40000000000000002 0.0528432 0.0075976999999999998
  vertex 0.47803600000000002 0.059005099999999998 0.0084836500000000006
  vertex 0.40000000000000002 0.053386599999999999 0
  endloop
 endfacet

 facet normal -0.0793201 0.994309 0.0711145
  outer loop
  vertex 0.47803600000000002 0.059005099999999998 0.0084836500000000006
  vertex 0.47803600000000002 0.0596118 0
  vertex 0.40000000000000002 0.053386599999999999 0
  endloop
 endfacet

 facet normal -0.069323 0.995053 0.0711675
  outer loop
  vertex 0.47803600000000002 0.059005099999999998 0.0084836500000000006
  vertex 0.55307299999999993 0.0641795 0.0092276200000000006
  vertex 0.47803600000000002 0.0596118 0
  endloop
 endfacet

 facet normal -0.069323 0.995053 0.0711675
  outer loop
  vertex 0.55307299999999993 0.0641795 0.0092276200000000006
  vertex 0.55307299999999993 0.064839499999999994 0
  vertex 0.47803600000000002 0.0596118 0
  endloop
 endfacet

 facet normal -0.0594944 0.995685 0.0712129
  outer loop
  vertex 0.55307299999999993 0.0641795 0.0092276200000000006
  vertex 0.622228 0.0682696 0.0098156900000000002
  vertex 0.55307299999999993 0.064839499999999994 0
  endloop
 endfacet

 facet normal -0.0594944 0.995685 0.0712127
  outer loop
  vertex 0.622228 0.0682696 0.0098156900000000002
  vertex 0.622228 0.068971599999999994 0
  vertex 0.55307299999999993 0.064839499999999994 0
  endloop
 endfacet

 facet normal -0.0472526 0.996338 0.071259
  outer loop
  vertex 0.622228 0.0682696 0.0098156900000000002
  vertex 0.70920399999999995 0.072352599999999989 0.010402699999999999
  vertex 0.622228 0.068971599999999994 0
  endloop
 endfacet

 facet normal -0.0472526 0.996338 0.0712592
  outer loop
  vertex 0.70920399999999995 0.072352599999999989 0.010402699999999999
  vertex 0.70920399999999995 0.073096599999999998 0
  vertex 0.622228 0.068971599999999994 0
  endloop
 endfacet

 facet normal -0.0319093 0.996944 0.0713029
  outer loop
  vertex 0.70920399999999995 0.072352599999999989 0.010402699999999999
  vertex 0.76955200000000001 0.074264499999999997 0.010677600000000001
  vertex 0.70920399999999995 0.073096599999999998 0
  endloop
 endfacet

 facet normal -0.0319093 0.996944 0.0713029
  outer loop
  vertex 0.76955200000000001 0.074264499999999997 0.010677600000000001
  vertex 0.76955200000000001 0.0750281 0
  vertex 0.70920399999999995 0.073096599999999998 0
  endloop
 endfacet

 facet normal -0.0156292 0.99733 0.0713306
  outer loop
  vertex 0.76955200000000001 0.074264499999999997 0.010677600000000001
  vertex 0.79961900000000008 0.074730900000000003 0.010744699999999999
  vertex 0.76955200000000001 0.0750281 0
  endloop
 endfacet

 facet normal -0.703551 0.694404 0.151058
  outer loop
  vertex 1.05538E-05 2.0660999999999998E-05 6.0666200000000002E-06
  vertex 0.00013818700000000001 0.00014221200000000001 4.17571E-05
  vertex 1.05538E-05 2.13141E-05 3.0645000000000001E-06
  endloop
 endfacet

 facet normal -0.703551 0.694404 0.151058
  outer loop
  vertex 0.00013818700000000001 0.00014221200000000001 4.17571E-05
  vertex 0.00013818700000000001 0.00014670700000000002 2.10932E-05
  vertex 1.05538E-05 2.13141E-05 3.0645000000000001E-06
  endloop
 endfacet

 facet normal -0.454697 0.870292 0.189321
  outer loop
  vertex 0.00013818700000000001 0.00014221200000000001 4.17571E-05
  vertex 0.00198263 0.00104801 0.000307724
  vertex 0.00013818700000000001 0.00014670700000000002 2.10932E-05
  endloop
 endfacet

 facet normal -0.454697 0.870292 0.18932
  outer loop
  vertex 0.00198263 0.00104801 0.000307724
  vertex 0.00198263 0.00108114 0.000155444
  vertex 0.00013818700000000001 0.00014670700000000002 2.10932E-05
  endloop
 endfacet

 facet normal -0.31864 0.926214 0.201485
  outer loop
  vertex 0.00198263 0.00104801 0.000307724
  vertex 0.0076858899999999999 0.0028922699999999997 0.0008492459999999999
  vertex 0.00198263 0.00108114 0.000155444
  endloop
 endfacet

 facet normal -0.31864 0.926214 0.201485
  outer loop
  vertex 0.0076858899999999999 0.0028922699999999997 0.0008492459999999999
  vertex 0.0076858899999999999 0.0029836900000000002 0.00042898999999999997
  vertex 0.00198263 0.00108114 0.000155444
  endloop
 endfacet

 facet normal -0.252638 0.945449 0.20567
  outer loop
  vertex 0.0076858899999999999 0.0028922699999999997 0.0008492459999999999
  vertex 0.0172239 0.0052879300000000006 0.0015526800000000001
  vertex 0.0076858899999999999 0.0029836900000000002 0.00042898999999999997
  endloop
 endfacet

 facet normal -0.252638 0.945449 0.20567
  outer loop
  vertex 0.0172239 0.0052879300000000006 0.0015526800000000001
  vertex 0.0172239 0.0054550799999999993 0.00078432199999999995
  vertex 0.0076858899999999999 0.0029836900000000002 0.00042898999999999997
  endloop
 endfacet

 facet normal -0.214851 0.954328 0.207601
  outer loop
  vertex 0.0172239 0.0052879300000000006 0.0015526800000000001
  vertex 0.030448200000000002 0.0080864100000000005 0.0023743799999999997
  vertex 0.0172239 0.0054550799999999993 0.00078432199999999995
  endloop
 endfacet

 facet normal -0.214851 0.954328 0.207601
  outer loop
  vertex 0.030448200000000002 0.0080864100000000005 0.0023743799999999997
  vertex 0.030448200000000002 0.0083420100000000004 0.0011994
  vertex 0.0172239 0.0054550799999999993 0.00078432199999999995
  endloop
 endfacet

 facet normal -0.179422 0.96129 0.209116
  outer loop
  vertex 0.030448200000000002 0.0080864100000000005 0.0023743799999999997
  vertex 0.067412200000000005 0.0145714 0.0042785499999999999
  vertex 0.030448200000000002 0.0083420100000000004 0.0011994
  endloop
 endfacet

 facet normal -0.179422 0.96129 0.209116
  outer loop
  vertex 0.067412200000000005 0.0145714 0.0042785499999999999
  vertex 0.067412200000000005 0.015032 0.0021612800000000002
  vertex 0.030448200000000002 0.0083420100000000004 0.0011994
  endloop
 endfacet

 facet normal -0.151585 0.965855 0.210109
  outer loop
  vertex 0.067412200000000005 0.0145714 0.0042785499999999999
  vertex 0.110301 0.020898399999999998 0.0061363299999999997
  vertex 0.067412200000000005 0.015032 0.0021612800000000002
  endloop
 endfacet

 facet normal -0.151585 0.965855 0.210109
  outer loop
  vertex 0.110301 0.020898399999999998 0.0061363299999999997
  vertex 0.110301 0.021559000000000002 0.0030997199999999998
  vertex 0.067412200000000005 0.015032 0.0021612800000000002
  endloop
 endfacet

 facet normal -0.130885 0.968741 0.210737
  outer loop
  vertex 0.110301 0.020898399999999998 0.0061363299999999997
  vertex 0.17777199999999999 0.029467 0.00865228
  vertex 0.110301 0.021559000000000002 0.0030997199999999998
  endloop
 endfacet

 facet normal -0.130885 0.968741 0.210737
  outer loop
  vertex 0.17777199999999999 0.029467 0.00865228
  vertex 0.17777199999999999 0.030398399999999999 0.0043706300000000003
  vertex 0.110301 0.021559000000000002 0.0030997199999999998
  endloop
 endfacet

 facet normal -0.11418 0.970756 0.211175
  outer loop
  vertex 0.17777199999999999 0.029467 0.00865228
  vertex 0.24692699999999998 0.0371125 0.010897199999999999
  vertex 0.17777199999999999 0.030398399999999999 0.0043706300000000003
  endloop
 endfacet

 facet normal -0.11418 0.970756 0.211175
  outer loop
  vertex 0.24692699999999998 0.0371125 0.010897199999999999
  vertex 0.24692699999999998 0.038285600000000003 0.0055046399999999999
  vertex 0.17777199999999999 0.030398399999999999 0.0043706300000000003
  endloop
 endfacet

 facet normal -0.101207 0.97213 0.211474
  outer loop
  vertex 0.24692699999999998 0.0371125 0.010897199999999999
  vertex 0.32196399999999997 0.044455500000000002 0.0130533
  vertex 0.24692699999999998 0.038285600000000003 0.0055046399999999999
  endloop
 endfacet

 facet normal -0.101207 0.97213 0.211474
  outer loop
  vertex 0.32196399999999997 0.044455500000000002 0.0130533
  vertex 0.32196399999999997 0.045860700000000004 0.0065937700000000005
  vertex 0.24692699999999998 0.038285600000000003 0.0055046399999999999
  endloop
 endfacet

 facet normal -0.089803 0.973199 0.211707
  outer loop
  vertex 0.32196399999999997 0.044455500000000002 0.0130533
  vertex 0.40000000000000002 0.051223999999999999 0.015040699999999999
  vertex 0.32196399999999997 0.045860700000000004 0.0065937700000000005
  endloop
 endfacet

 facet normal -0.089803 0.973199 0.211707
  outer loop
  vertex 0.40000000000000002 0.051223999999999999 0.015040699999999999
  vertex 0.40000000000000002 0.0528432 0.0075976999999999998
  vertex 0.32196399999999997 0.045860700000000004 0.0065937700000000005
  endloop
 endfacet

 facet normal -0.0793202 0.974068 0.211896
  outer loop
  vertex 0.40000000000000002 0.051223999999999999 0.015040699999999999
  vertex 0.47803600000000002 0.057197100000000001 0.0167946
  vertex 0.40000000000000002 0.0528432 0.0075976999999999998
  endloop
 endfacet

 facet normal -0.0793202 0.974068 0.211896
  outer loop
  vertex 0.47803600000000002 0.057197100000000001 0.0167946
  vertex 0.47803600000000002 0.059005099999999998 0.0084836500000000006
  vertex 0.40000000000000002 0.0528432 0.0075976999999999998
  endloop
 endfacet

 facet normal -0.0693229 0.974796 0.212054
  outer loop
  vertex 0.47803600000000002 0.057197100000000001 0.0167946
  vertex 0.55307299999999993 0.062213000000000004 0.0182674
  vertex 0.47803600000000002 0.059005099999999998 0.0084836500000000006
  endloop
 endfacet

 facet normal -0.0693229 0.974796 0.212054
  outer loop
  vertex 0.55307299999999993 0.062213000000000004 0.0182674
  vertex 0.55307299999999993 0.0641795 0.0092276200000000006
  vertex 0.47803600000000002 0.059005099999999998 0.0084836500000000006
  endloop
 endfacet

 facet normal -0.0594944 0.975416 0.212189
  outer loop
  vertex 0.55307299999999993 0.062213000000000004 0.0182674
  vertex 0.622228 0.066177800000000009 0.0194316
  vertex 0.55307299999999993 0.0641795 0.0092276200000000006
  endloop
 endfacet

 facet normal -0.0594944 0.975416 0.212189
  outer loop
  vertex 0.622228 0.066177800000000009 0.0194316
  vertex 0.622228 0.0682696 0.0098156900000000002
  vertex 0.55307299999999993 0.0641795 0.0092276200000000006
  endloop
 endfacet

 facet normal -0.0472526 0.976055 0.212328
  outer loop
  vertex 0.622228 0.066177800000000009 0.0194316
  vertex 0.70920399999999995 0.070135699999999995 0.0205937
  vertex 0.622228 0.0682696 0.0098156900000000002
  endloop
 endfacet

 facet normal -0.0472526 0.976055 0.212328
  outer loop
  vertex 0.70920399999999995 0.070135699999999995 0.0205937
  vertex 0.70920399999999995 0.072352599999999989 0.010402699999999999
  vertex 0.622228 0.0682696 0.0098156900000000002
  endloop
 endfacet

 facet normal -0.0319093 0.976649 0.212457
  outer loop
  vertex 0.70920399999999995 0.070135699999999995 0.0205937
  vertex 0.76955200000000001 0.071988999999999997 0.021137899999999998
  vertex 0.70920399999999995 0.072352599999999989 0.010402699999999999
  endloop
 endfacet

 facet normal -0.0319093 0.976649 0.212457
  outer loop
  vertex 0.76955200000000001 0.071988999999999997 0.021137899999999998
  vertex 0.76955200000000001 0.074264499999999997 0.010677600000000001
  vertex 0.70920399999999995 0.072352599999999989 0.010402699999999999
  endloop
 endfacet

 facet normal -0.0156292 0.977027 0.212539
  outer loop
  vertex 0.76955200000000001 0.071988999999999997 0.021137899999999998
  vertex 0.79961900000000008 0.072441100000000008 0.021270600000000001
  vertex 0.76955200000000001 0.074264499999999997 0.010677600000000001
  endloop
 endfacet

 facet normal -0.0156292 0.977027 0.212539
  outer loop
  vertex 0.79961900000000008 0.072441100000000008 0.021270600000000001
  vertex 0.79961900000000008 0.074730900000000003 0.010744699999999999
  vertex 0.76955200000000001 0.074264499999999997 0.010677600000000001
  endloop
 endfacet

 facet normal -0.377066 0.90502 0.196875
  outer loop
  vertex 0.79961900000000008 0.072441100000000008 0.021270600000000001
  vertex 0.80000000000000004 0.073228100000000004 0.018381699999999997
  vertex 0.79961900000000008 0.074730900000000003 0.010744699999999999
  endloop
 endfacet

 facet normal -0.703551 0.665838 0.248345
  outer loop
  vertex 1.05538E-05 1.9587299999999998E-05 8.9452399999999998E-06
  vertex 0.00013818700000000001 0.000134821 6.1570900000000004E-05
  vertex 1.05538E-05 2.0660999999999998E-05 6.0666200000000002E-06
  endloop
 endfacet

 facet normal -0.703551 0.665838 0.248345
  outer loop
  vertex 0.00013818700000000001 0.000134821 6.1570900000000004E-05
  vertex 0.00013818700000000001 0.00014221200000000001 4.17571E-05
  vertex 1.05538E-05 2.0660999999999998E-05 6.0666200000000002E-06
  endloop
 endfacet

 facet normal -0.454697 0.834491 0.311249
  outer loop
  vertex 0.00013818700000000001 0.000134821 6.1570900000000004E-05
  vertex 0.00198263 0.00099354900000000004 0.00045373899999999999
  vertex 0.00013818700000000001 0.00014221200000000001 4.17571E-05
  endloop
 endfacet

 facet normal -0.454697 0.834491 0.311249
  outer loop
  vertex 0.00198263 0.00099354900000000004 0.00045373899999999999
  vertex 0.00198263 0.00104801 0.000307724
  vertex 0.00013818700000000001 0.00014221200000000001 4.17571E-05
  endloop
 endfacet

 facet normal -0.31864 0.888112 0.331249
  outer loop
  vertex 0.00198263 0.00099354900000000004 0.00045373899999999999
  vertex 0.0076858899999999999 0.0027419699999999998 0.0012522100000000001
  vertex 0.00198263 0.00104801 0.000307724
  endloop
 endfacet

 facet normal -0.31864 0.888112 0.331249
  outer loop
  vertex 0.0076858899999999999 0.0027419699999999998 0.0012522100000000001
  vertex 0.0076858899999999999 0.0028922699999999997 0.0008492459999999999
  vertex 0.00198263 0.00104801 0.000307724
  endloop
 endfacet

 facet normal -0.252638 0.906556 0.338128
  outer loop
  vertex 0.0076858899999999999 0.0027419699999999998 0.0012522100000000001
  vertex 0.0172239 0.0050131400000000001 0.0022894199999999999
  vertex 0.0076858899999999999 0.0028922699999999997 0.0008492459999999999
  endloop
 endfacet

 facet normal -0.252638 0.906556 0.338128
  outer loop
  vertex 0.0172239 0.0050131400000000001 0.0022894199999999999
  vertex 0.0172239 0.0052879300000000006 0.0015526800000000001
  vertex 0.0076858899999999999 0.0028922699999999997 0.0008492459999999999
  endloop
 endfacet

 facet normal -0.214851 0.915069 0.341303
  outer loop
  vertex 0.0172239 0.0050131400000000001 0.0022894199999999999
  vertex 0.030448200000000002 0.0076661900000000007 0.00350103
  vertex 0.0172239 0.0052879300000000006 0.0015526800000000001
  endloop
 endfacet

 facet normal -0.214851 0.915069 0.341303
  outer loop
  vertex 0.030448200000000002 0.0076661900000000007 0.00350103
  vertex 0.030448200000000002 0.0080864100000000005 0.0023743799999999997
  vertex 0.0172239 0.0052879300000000006 0.0015526800000000001
  endloop
 endfacet

 facet normal -0.179422 0.921745 0.343793
  outer loop
  vertex 0.030448200000000002 0.0076661900000000007 0.00350103
  vertex 0.067412200000000005 0.0138142 0.0063087299999999994
  vertex 0.030448200000000002 0.0080864100000000005 0.0023743799999999997
  endloop
 endfacet

 facet normal -0.179422 0.921745 0.343793
  outer loop
  vertex 0.067412200000000005 0.0138142 0.0063087299999999994
  vertex 0.067412200000000005 0.0145714 0.0042785499999999999
  vertex 0.030448200000000002 0.0080864100000000005 0.0023743799999999997
  endloop
 endfacet

 facet normal -0.151585 0.926123 0.345426
  outer loop
  vertex 0.067412200000000005 0.0138142 0.0063087299999999994
  vertex 0.110301 0.019812400000000001 0.0090480300000000003
  vertex 0.067412200000000005 0.0145714 0.0042785499999999999
  endloop
 endfacet

 facet normal -0.151585 0.926123 0.345426
  outer loop
  vertex 0.110301 0.019812400000000001 0.0090480300000000003
  vertex 0.110301 0.020898399999999998 0.0061363299999999997
  vertex 0.067412200000000005 0.0145714 0.0042785499999999999
  endloop
 endfacet

 facet normal -0.130885 0.92889 0.346458
  outer loop
  vertex 0.110301 0.019812400000000001 0.0090480300000000003
  vertex 0.17777199999999999 0.027935700000000001 0.0127578
  vertex 0.110301 0.020898399999999998 0.0061363299999999997
  endloop
 endfacet

 facet normal -0.130885 0.92889 0.346458
  outer loop
  vertex 0.17777199999999999 0.027935700000000001 0.0127578
  vertex 0.17777199999999999 0.029467 0.00865228
  vertex 0.110301 0.020898399999999998 0.0061363299999999997
  endloop
 endfacet

 facet normal -0.11418 0.930822 0.347179
  outer loop
  vertex 0.17777199999999999 0.027935700000000001 0.0127578
  vertex 0.24692699999999998 0.035184 0.016068000000000002
  vertex 0.17777199999999999 0.029467 0.00865228
  endloop
 endfacet

 facet normal -0.11418 0.930822 0.347179
  outer loop
  vertex 0.24692699999999998 0.035184 0.016068000000000002
  vertex 0.24692699999999998 0.0371125 0.010897199999999999
  vertex 0.17777199999999999 0.029467 0.00865228
  endloop
 endfacet

 facet normal -0.101207 0.932139 0.34767
  outer loop
  vertex 0.24692699999999998 0.035184 0.016068000000000002
  vertex 0.32196399999999997 0.042145299999999997 0.0192471
  vertex 0.24692699999999998 0.0371125 0.010897199999999999
  endloop
 endfacet

 facet normal -0.101207 0.932139 0.34767
  outer loop
  vertex 0.32196399999999997 0.042145299999999997 0.0192471
  vertex 0.32196399999999997 0.044455500000000002 0.0130533
  vertex 0.24692699999999998 0.0371125 0.010897199999999999
  endloop
 endfacet

 facet normal -0.089803 0.933164 0.348052
  outer loop
  vertex 0.32196399999999997 0.042145299999999997 0.0192471
  vertex 0.40000000000000002 0.048562100000000004 0.022177600000000002
  vertex 0.32196399999999997 0.044455500000000002 0.0130533
  endloop
 endfacet

 facet normal -0.089803 0.933164 0.348052
  outer loop
  vertex 0.40000000000000002 0.048562100000000004 0.022177600000000002
  vertex 0.40000000000000002 0.051223999999999999 0.015040699999999999
  vertex 0.32196399999999997 0.044455500000000002 0.0130533
  endloop
 endfacet

 facet normal -0.0793201 0.933998 0.348363
  outer loop
  vertex 0.40000000000000002 0.048562100000000004 0.022177600000000002
  vertex 0.47803600000000002 0.054224800000000004 0.0247636
  vertex 0.40000000000000002 0.051223999999999999 0.015040699999999999
  endloop
 endfacet

 facet normal -0.0793201 0.933998 0.348363
  outer loop
  vertex 0.47803600000000002 0.054224800000000004 0.0247636
  vertex 0.47803600000000002 0.057197100000000001 0.0167946
  vertex 0.40000000000000002 0.051223999999999999 0.015040699999999999
  endloop
 endfacet

 facet normal -0.069323 0.934696 0.348624
  outer loop
  vertex 0.47803600000000002 0.054224800000000004 0.0247636
  vertex 0.55307299999999993 0.058980100000000001 0.026935300000000002
  vertex 0.47803600000000002 0.057197100000000001 0.0167946
  endloop
 endfacet

 facet normal -0.0693229 0.934696 0.348624
  outer loop
  vertex 0.55307299999999993 0.058980100000000001 0.026935300000000002
  vertex 0.55307299999999993 0.062213000000000004 0.0182674
  vertex 0.47803600000000002 0.057197100000000001 0.0167946
  endloop
 endfacet

 facet normal -0.0594944 0.93529 0.348845
  outer loop
  vertex 0.55307299999999993 0.058980100000000001 0.026935300000000002
  vertex 0.622228 0.062738799999999997 0.028651900000000001
  vertex 0.55307299999999993 0.062213000000000004 0.0182674
  endloop
 endfacet

 facet normal -0.0594944 0.93529 0.348845
  outer loop
  vertex 0.622228 0.062738799999999997 0.028651900000000001
  vertex 0.622228 0.066177800000000009 0.0194316
  vertex 0.55307299999999993 0.062213000000000004 0.0182674
  endloop
 endfacet

 facet normal -0.0472526 0.935903 0.349074
  outer loop
  vertex 0.622228 0.062738799999999997 0.028651900000000001
  vertex 0.70920399999999995 0.066490999999999995 0.030365400000000001
  vertex 0.622228 0.066177800000000009 0.0194316
  endloop
 endfacet

 facet normal -0.0472526 0.935903 0.349074
  outer loop
  vertex 0.70920399999999995 0.066490999999999995 0.030365400000000001
  vertex 0.70920399999999995 0.070135699999999995 0.0205937
  vertex 0.622228 0.066177800000000009 0.0194316
  endloop
 endfacet

 facet normal -0.0319093 0.936473 0.349286
  outer loop
  vertex 0.70920399999999995 0.066490999999999995 0.030365400000000001
  vertex 0.76955200000000001 0.068248000000000003 0.031167799999999999
  vertex 0.70920399999999995 0.070135699999999995 0.0205937
  endloop
 endfacet

 facet normal -0.0319093 0.936473 0.349286
  outer loop
  vertex 0.76955200000000001 0.068248000000000003 0.031167799999999999
  vertex 0.76955200000000001 0.071988999999999997 0.021137899999999998
  vertex 0.70920399999999995 0.070135699999999995 0.0205937
  endloop
 endfacet

 facet normal -0.0156291 0.936835 0.349421
  outer loop
  vertex 0.76955200000000001 0.068248000000000003 0.031167799999999999
  vertex 0.79961900000000008 0.06867659999999999 0.031363599999999998
  vertex 0.76955200000000001 0.071988999999999997 0.021137899999999998
  endloop
 endfacet

 facet normal -0.0156291 0.936835 0.349421
  outer loop
  vertex 0.79961900000000008 0.06867659999999999 0.031363599999999998
  vertex 0.79961900000000008 0.072441100000000008 0.021270600000000001
  vertex 0.76955200000000001 0.071988999999999997 0.021137899999999998
  endloop
 endfacet

 facet normal -0.44214 0.840393 0.313451
  outer loop
  vertex 0.79961900000000008 0.06867659999999999 0.031363599999999998
  vertex 0.80000000000000004 0.070420500000000011 0.027225000000000003
  vertex 0.79961900000000008 0.072441100000000008 0.021270600000000001
  endloop
 endfacet

 facet normal -0.703551 0.623718 0.340575
  outer loop
  vertex 1.05538E-05 1.8114899999999998E-05 1.1641800000000001E-05
  vertex 0.00013818700000000001 0.00012468700000000001 8.0131199999999996E-05
  vertex 1.05538E-05 1.9587299999999998E-05 8.9452399999999998E-06
  endloop
 endfacet

 facet normal -0.703551 0.623718 0.340575
  outer loop
  vertex 0.00013818700000000001 0.00012468700000000001 8.0131199999999996E-05
  vertex 0.00013818700000000001 0.000134821 6.1570900000000004E-05
  vertex 1.05538E-05 1.9587299999999998E-05 8.9452399999999998E-06
  endloop
 endfacet

 facet normal -0.454697 0.781702 0.426841
  outer loop
  vertex 0.00013818700000000001 0.00012468700000000001 8.0131199999999996E-05
  vertex 0.00198263 0.00091886300000000001 0.00059051699999999993
  vertex 0.00013818700000000001 0.000134821 6.1570900000000004E-05
  endloop
 endfacet

 facet normal -0.454697 0.781702 0.426841
  outer loop
  vertex 0.00198263 0.00091886300000000001 0.00059051699999999993
  vertex 0.00198263 0.00099354900000000004 0.00045373899999999999
  vertex 0.00013818700000000001 0.000134821 6.1570900000000004E-05
  endloop
 endfacet

 facet normal -0.31864 0.831931 0.454269
  outer loop
  vertex 0.00198263 0.00091886300000000001 0.00059051699999999993
  vertex 0.0076858899999999999 0.0025358500000000001 0.00162969
  vertex 0.00198263 0.00099354900000000004 0.00045373899999999999
  endloop
 endfacet

 facet normal -0.31864 0.831931 0.454269
  outer loop
  vertex 0.0076858899999999999 0.0025358500000000001 0.00162969
  vertex 0.0076858899999999999 0.0027419699999999998 0.0012522100000000001
  vertex 0.00198263 0.00099354900000000004 0.00045373899999999999
  endloop
 endfacet

 facet normal -0.252638 0.849208 0.463702
  outer loop
  vertex 0.0076858899999999999 0.0025358500000000001 0.00162969
  vertex 0.0172239 0.0046362899999999995 0.00297957
  vertex 0.0076858899999999999 0.0027419699999999998 0.0012522100000000001
  endloop
 endfacet

 facet normal -0.252638 0.849208 0.463702
  outer loop
  vertex 0.0172239 0.0046362899999999995 0.00297957
  vertex 0.0172239 0.0050131400000000001 0.0022894199999999999
  vertex 0.0076858899999999999 0.0027419699999999998 0.0012522100000000001
  endloop
 endfacet

 facet normal -0.214851 0.857183 0.468057
  outer loop
  vertex 0.0172239 0.0046362899999999995 0.00297957
  vertex 0.030448200000000002 0.0070899099999999996 0.0045564099999999995
  vertex 0.0172239 0.0050131400000000001 0.0022894199999999999
  endloop
 endfacet

 facet normal -0.214851 0.857183 0.468057
  outer loop
  vertex 0.030448200000000002 0.0070899099999999996 0.0045564099999999995
  vertex 0.030448200000000002 0.0076661900000000007 0.00350103
  vertex 0.0172239 0.0050131400000000001 0.0022894199999999999
  endloop
 endfacet

 facet normal -0.179422 0.863436 0.471472
  outer loop
  vertex 0.030448200000000002 0.0070899099999999996 0.0045564099999999995
  vertex 0.067412200000000005 0.0127758 0.0082104800000000009
  vertex 0.030448200000000002 0.0076661900000000007 0.00350103
  endloop
 endfacet

 facet normal -0.179422 0.863436 0.471472
  outer loop
  vertex 0.067412200000000005 0.0127758 0.0082104800000000009
  vertex 0.067412200000000005 0.0138142 0.0063087299999999994
  vertex 0.030448200000000002 0.0076661900000000007 0.00350103
  endloop
 endfacet

 facet normal -0.151585 0.867537 0.473711
  outer loop
  vertex 0.067412200000000005 0.0127758 0.0082104800000000009
  vertex 0.110301 0.018323100000000002 0.0117755
  vertex 0.067412200000000005 0.0138142 0.0063087299999999994
  endloop
 endfacet

 facet normal -0.151585 0.867537 0.473711
  outer loop
  vertex 0.110301 0.018323100000000002 0.0117755
  vertex 0.110301 0.019812400000000001 0.0090480300000000003
  vertex 0.067412200000000005 0.0138142 0.0063087299999999994
  endloop
 endfacet

 facet normal -0.130885 0.870129 0.475126
  outer loop
  vertex 0.110301 0.018323100000000002 0.0117755
  vertex 0.17777199999999999 0.0258357 0.0166036
  vertex 0.110301 0.019812400000000001 0.0090480300000000003
  endloop
 endfacet

 facet normal -0.130885 0.870129 0.475126
  outer loop
  vertex 0.17777199999999999 0.0258357 0.0166036
  vertex 0.17777199999999999 0.027935700000000001 0.0127578
  vertex 0.110301 0.019812400000000001 0.0090480300000000003
  endloop
 endfacet

 facet normal -0.11418 0.871939 0.476115
  outer loop
  vertex 0.17777199999999999 0.0258357 0.0166036
  vertex 0.24692699999999998 0.032539099999999994 0.020911599999999999
  vertex 0.17777199999999999 0.027935700000000001 0.0127578
  endloop
 endfacet

 facet normal -0.11418 0.871939 0.476115
  outer loop
  vertex 0.24692699999999998 0.032539099999999994 0.020911599999999999
  vertex 0.24692699999999998 0.035184 0.016068000000000002
  vertex 0.17777199999999999 0.027935700000000001 0.0127578
  endloop
 endfacet

 facet normal -0.101207 0.873173 0.476788
  outer loop
  vertex 0.24692699999999998 0.032539099999999994 0.020911599999999999
  vertex 0.32196399999999997 0.038977200000000004 0.025049099999999998
  vertex 0.24692699999999998 0.035184 0.016068000000000002
  endloop
 endfacet

 facet normal -0.101207 0.873173 0.476788
  outer loop
  vertex 0.32196399999999997 0.038977200000000004 0.025049099999999998
  vertex 0.32196399999999997 0.042145299999999997 0.0192471
  vertex 0.24692699999999998 0.035184 0.016068000000000002
  endloop
 endfacet

 facet normal -0.089803 0.874133 0.477313
  outer loop
  vertex 0.32196399999999997 0.038977200000000004 0.025049099999999998
  vertex 0.40000000000000002 0.044911600000000003 0.028863
  vertex 0.32196399999999997 0.042145299999999997 0.0192471
  endloop
 endfacet

 facet normal -0.089803 0.874133 0.477313
  outer loop
  vertex 0.40000000000000002 0.044911600000000003 0.028863
  vertex 0.40000000000000002 0.048562100000000004 0.022177600000000002
  vertex 0.32196399999999997 0.042145299999999997 0.0192471
  endloop
 endfacet

 facet normal -0.0793202 0.874913 0.477739
  outer loop
  vertex 0.40000000000000002 0.044911600000000003 0.028863
  vertex 0.47803600000000002 0.050148699999999997 0.032228600000000003
  vertex 0.40000000000000002 0.048562100000000004 0.022177600000000002
  endloop
 endfacet

 facet normal -0.0793201 0.874913 0.477739
  outer loop
  vertex 0.47803600000000002 0.050148699999999997 0.032228600000000003
  vertex 0.47803600000000002 0.054224800000000004 0.0247636
  vertex 0.40000000000000002 0.048562100000000004 0.022177600000000002
  endloop
 endfacet

 facet normal -0.069323 0.875567 0.478096
  outer loop
  vertex 0.47803600000000002 0.050148699999999997 0.032228600000000003
  vertex 0.55307299999999993 0.054546500000000005 0.035054900000000007
  vertex 0.47803600000000002 0.054224800000000004 0.0247636
  endloop
 endfacet

 facet normal -0.069323 0.875567 0.478096
  outer loop
  vertex 0.55307299999999993 0.054546500000000005 0.035054900000000007
  vertex 0.55307299999999993 0.058980100000000001 0.026935300000000002
  vertex 0.47803600000000002 0.054224800000000004 0.0247636
  endloop
 endfacet

 facet normal -0.0594944 0.876124 0.4784
  outer loop
  vertex 0.55307299999999993 0.054546500000000005 0.035054900000000007
  vertex 0.622228 0.058022599999999994 0.0372889
  vertex 0.55307299999999993 0.058980100000000001 0.026935300000000002
  endloop
 endfacet

 facet normal -0.0594944 0.876124 0.4784
  outer loop
  vertex 0.622228 0.058022599999999994 0.0372889
  vertex 0.622228 0.062738799999999997 0.028651900000000001
  vertex 0.55307299999999993 0.058980100000000001 0.026935300000000002
  endloop
 endfacet

 facet normal -0.0472526 0.876699 0.478714
  outer loop
  vertex 0.622228 0.058022599999999994 0.0372889
  vertex 0.70920399999999995 0.0614928 0.039518999999999999
  vertex 0.622228 0.062738799999999997 0.028651900000000001
  endloop
 endfacet

 facet normal -0.0472526 0.876699 0.478714
  outer loop
  vertex 0.70920399999999995 0.0614928 0.039518999999999999
  vertex 0.70920399999999995 0.066490999999999995 0.030365400000000001
  vertex 0.622228 0.062738799999999997 0.028651900000000001
  endloop
 endfacet

 facet normal -0.0319093 0.877232 0.479005
  outer loop
  vertex 0.70920399999999995 0.0614928 0.039518999999999999
  vertex 0.76955200000000001 0.063117699999999999 0.040563299999999997
  vertex 0.70920399999999995 0.066490999999999995 0.030365400000000001
  endloop
 endfacet

 facet normal -0.0319093 0.877232 0.479005
  outer loop
  vertex 0.76955200000000001 0.063117699999999999 0.040563299999999997
  vertex 0.76955200000000001 0.068248000000000003 0.031167799999999999
  vertex 0.70920399999999995 0.066490999999999995 0.030365400000000001
  endloop
 endfacet

 facet normal -0.0156292 0.877572 0.47919
  outer loop
  vertex 0.76955200000000001 0.063117699999999999 0.040563299999999997
  vertex 0.79961900000000008 0.063514100000000004 0.040818
  vertex 0.76955200000000001 0.068248000000000003 0.031167799999999999
  endloop
 endfacet

 facet normal -0.0156292 0.877572 0.47919
  outer loop
  vertex 0.79961900000000008 0.063514100000000004 0.040818
  vertex 0.79961900000000008 0.06867659999999999 0.031363599999999998
  vertex 0.76955200000000001 0.068248000000000003 0.031167799999999999
  endloop
 endfacet

 facet normal -0.447765 0.784778 0.428521
  outer loop
  vertex 0.79961900000000008 0.063514100000000004 0.040818
  vertex 0.80000000000000004 0.066549300000000006 0.0356572
  vertex 0.79961900000000008 0.06867659999999999 0.031363599999999998
  endloop
 endfacet

 facet normal -0.703551 0.5689 0.425874
  outer loop
  vertex 1.05538E-05 1.62737E-05 1.41013E-05
  vertex 0.00013818700000000001 0.000112014 9.706040000000001E-05
  vertex 1.05538E-05 1.8114899999999998E-05 1.1641800000000001E-05
  endloop
 endfacet

 facet normal -0.703551 0.5689 0.425873
  outer loop
  vertex 0.00013818700000000001 0.000112014 9.706040000000001E-05
  vertex 0.00013818700000000001 0.00012468700000000001 8.0131199999999996E-05
  vertex 1.05538E-05 1.8114899999999998E-05 1.1641800000000001E-05
  endloop
 endfacet

 facet normal -0.454697 0.712999 0.533744
  outer loop
  vertex 0.00013818700000000001 0.000112014 9.706040000000001E-05
  vertex 0.00198263 0.00082547099999999993 0.00071527400000000001
  vertex 0.00013818700000000001 0.00012468700000000001 8.0131199999999996E-05
  endloop
 endfacet

 facet normal -0.454697 0.712999 0.533744
  outer loop
  vertex 0.00198263 0.00082547099999999993 0.00071527400000000001
  vertex 0.00198263 0.00091886300000000001 0.00059051699999999993
  vertex 0.00013818700000000001 0.00012468700000000001 8.0131199999999996E-05
  endloop
 endfacet

 facet normal -0.31864 0.758814 0.568041
  outer loop
  vertex 0.00198263 0.00082547099999999993 0.00071527400000000001
  vertex 0.0076858899999999999 0.0022781099999999999 0.0019739900000000001
  vertex 0.00198263 0.00091886300000000001 0.00059051699999999993
  endloop
 endfacet

 facet normal -0.31864 0.758814 0.568041
  outer loop
  vertex 0.0076858899999999999 0.0022781099999999999 0.0019739900000000001
  vertex 0.0076858899999999999 0.0025358500000000001 0.00162969
  vertex 0.00198263 0.00091886300000000001 0.00059051699999999993
  endloop
 endfacet

 facet normal -0.252638 0.774572 0.579838
  outer loop
  vertex 0.0076858899999999999 0.0022781099999999999 0.0019739900000000001
  vertex 0.0172239 0.0041650699999999999 0.0036090499999999999
  vertex 0.0076858899999999999 0.0025358500000000001 0.00162969
  endloop
 endfacet

 facet normal -0.252638 0.774572 0.579838
  outer loop
  vertex 0.0172239 0.0041650699999999999 0.0036090499999999999
  vertex 0.0172239 0.0046362899999999995 0.00297957
  vertex 0.0076858899999999999 0.0025358500000000001 0.00162969
  endloop
 endfacet

 facet normal -0.214851 0.781846 0.585283
  outer loop
  vertex 0.0172239 0.0041650699999999999 0.0036090499999999999
  vertex 0.030448200000000002 0.0063692999999999996 0.0055190300000000003
  vertex 0.0172239 0.0046362899999999995 0.00297957
  endloop
 endfacet

 facet normal -0.214851 0.781846 0.585283
  outer loop
  vertex 0.030448200000000002 0.0063692999999999996 0.0055190300000000003
  vertex 0.030448200000000002 0.0070899099999999996 0.0045564099999999995
  vertex 0.0172239 0.0046362899999999995 0.00297957
  endloop
 endfacet

 facet normal -0.179422 0.78755 0.589553
  outer loop
  vertex 0.030448200000000002 0.0063692999999999996 0.0055190300000000003
  vertex 0.067412200000000005 0.011477299999999999 0.0099450900000000002
  vertex 0.030448200000000002 0.0070899099999999996 0.0045564099999999995
  endloop
 endfacet

 facet normal -0.179422 0.78755 0.589553
  outer loop
  vertex 0.067412200000000005 0.011477299999999999 0.0099450900000000002
  vertex 0.067412200000000005 0.0127758 0.0082104800000000009
  vertex 0.030448200000000002 0.0070899099999999996 0.0045564099999999995
  endloop
 endfacet

 facet normal -0.151585 0.79129 0.592353
  outer loop
  vertex 0.067412200000000005 0.011477299999999999 0.0099450900000000002
  vertex 0.110301 0.016460799999999998 0.0142633
  vertex 0.067412200000000005 0.0127758 0.0082104800000000009
  endloop
 endfacet

 facet normal -0.151585 0.79129 0.592353
  outer loop
  vertex 0.110301 0.016460799999999998 0.0142633
  vertex 0.110301 0.018323100000000002 0.0117755
  vertex 0.067412200000000005 0.0127758 0.0082104800000000009
  endloop
 endfacet

 facet normal -0.130885 0.793655 0.594123
  outer loop
  vertex 0.110301 0.016460799999999998 0.0142633
  vertex 0.17777199999999999 0.023209800000000003 0.020111399999999998
  vertex 0.110301 0.018323100000000002 0.0117755
  endloop
 endfacet

 facet normal -0.130885 0.793655 0.594123
  outer loop
  vertex 0.17777199999999999 0.023209800000000003 0.020111399999999998
  vertex 0.17777199999999999 0.0258357 0.0166036
  vertex 0.110301 0.018323100000000002 0.0117755
  endloop
 endfacet

 facet normal -0.11418 0.795306 0.595359
  outer loop
  vertex 0.17777199999999999 0.023209800000000003 0.020111399999999998
  vertex 0.24692699999999998 0.029231899999999998 0.025329600000000001
  vertex 0.17777199999999999 0.0258357 0.0166036
  endloop
 endfacet

 facet normal -0.11418 0.795306 0.595359
  outer loop
  vertex 0.24692699999999998 0.029231899999999998 0.025329600000000001
  vertex 0.24692699999999998 0.032539099999999994 0.020911599999999999
  vertex 0.17777199999999999 0.0258357 0.0166036
  endloop
 endfacet

 facet normal -0.101207 0.796431 0.596201
  outer loop
  vertex 0.24692699999999998 0.029231899999999998 0.025329600000000001
  vertex 0.32196399999999997 0.035015600000000001 0.030341200000000002
  vertex 0.24692699999999998 0.032539099999999994 0.020911599999999999
  endloop
 endfacet

 facet normal -0.101207 0.796431 0.596201
  outer loop
  vertex 0.32196399999999997 0.035015600000000001 0.030341200000000002
  vertex 0.32196399999999997 0.038977200000000004 0.025049099999999998
  vertex 0.24692699999999998 0.032539099999999994 0.020911599999999999
  endloop
 endfacet

 facet normal -0.089803 0.797307 0.596856
  outer loop
  vertex 0.32196399999999997 0.035015600000000001 0.030341200000000002
  vertex 0.40000000000000002 0.040346899999999998 0.0349608
  vertex 0.32196399999999997 0.038977200000000004 0.025049099999999998
  endloop
 endfacet

 facet normal -0.089803 0.797307 0.596856
  outer loop
  vertex 0.40000000000000002 0.040346899999999998 0.0349608
  vertex 0.40000000000000002 0.044911600000000003 0.028863
  vertex 0.32196399999999997 0.038977200000000004 0.025049099999999998
  endloop
 endfacet

 facet normal -0.0793202 0.798019 0.59739
  outer loop
  vertex 0.40000000000000002 0.040346899999999998 0.0349608
  vertex 0.47803600000000002 0.045051599999999997 0.0390374
  vertex 0.40000000000000002 0.044911600000000003 0.028863
  endloop
 endfacet

 facet normal -0.0793202 0.798019 0.597389
  outer loop
  vertex 0.47803600000000002 0.045051599999999997 0.0390374
  vertex 0.47803600000000002 0.050148699999999997 0.032228600000000003
  vertex 0.40000000000000002 0.044911600000000003 0.028863
  endloop
 endfacet

 facet normal -0.0693229 0.798616 0.597836
  outer loop
  vertex 0.47803600000000002 0.045051599999999997 0.0390374
  vertex 0.55307299999999993 0.049002400000000002 0.0424608
  vertex 0.47803600000000002 0.050148699999999997 0.032228600000000003
  endloop
 endfacet

 facet normal -0.069323 0.798616 0.597836
  outer loop
  vertex 0.55307299999999993 0.049002400000000002 0.0424608
  vertex 0.55307299999999993 0.054546500000000005 0.035054900000000007
  vertex 0.47803600000000002 0.050148699999999997 0.032228600000000003
  endloop
 endfacet

 facet normal -0.0594944 0.799123 0.598216
  outer loop
  vertex 0.55307299999999993 0.049002400000000002 0.0424608
  vertex 0.622228 0.052125299999999999 0.0451668
  vertex 0.55307299999999993 0.054546500000000005 0.035054900000000007
  endloop
 endfacet

 facet normal -0.0594944 0.799123 0.598216
  outer loop
  vertex 0.622228 0.052125299999999999 0.0451668
  vertex 0.622228 0.058022599999999994 0.0372889
  vertex 0.55307299999999993 0.054546500000000005 0.035054900000000007
  endloop
 endfacet

 facet normal -0.0472526 0.799647 0.598608
  outer loop
  vertex 0.622228 0.052125299999999999 0.0451668
  vertex 0.70920399999999995 0.055242699999999999 0.047868099999999997
  vertex 0.622228 0.058022599999999994 0.0372889
  endloop
 endfacet

 facet normal -0.0472526 0.799647 0.598608
  outer loop
  vertex 0.70920399999999995 0.055242699999999999 0.047868099999999997
  vertex 0.70920399999999995 0.0614928 0.039518999999999999
  vertex 0.622228 0.058022599999999994 0.0372889
  endloop
 endfacet

 facet normal -0.0319094 0.800133 0.598973
  outer loop
  vertex 0.70920399999999995 0.055242699999999999 0.047868099999999997
  vertex 0.76955200000000001 0.056702500000000003 0.049133000000000003
  vertex 0.70920399999999995 0.0614928 0.039518999999999999
  endloop
 endfacet

 facet normal -0.0319093 0.800133 0.598973
  outer loop
  vertex 0.76955200000000001 0.056702500000000003 0.049133000000000003
  vertex 0.76955200000000001 0.063117699999999999 0.040563299999999997
  vertex 0.70920399999999995 0.0614928 0.039518999999999999
  endloop
 endfacet

 facet normal -0.0156293 0.800443 0.599205
  outer loop
  vertex 0.76955200000000001 0.056702500000000003 0.049133000000000003
  vertex 0.79961900000000008 0.057058600000000001 0.049441499999999999
  vertex 0.76955200000000001 0.063117699999999999 0.040563299999999997
  endloop
 endfacet

 facet normal -0.0156292 0.800443 0.599204
  outer loop
  vertex 0.79961900000000008 0.057058600000000001 0.049441499999999999
  vertex 0.79961900000000008 0.063514100000000004 0.040818
  vertex 0.76955200000000001 0.063117699999999999 0.040563299999999997
  endloop
 endfacet

 facet normal -0.395522 0.735262 0.55041
  outer loop
  vertex 0.79961900000000008 0.057058600000000001 0.049441499999999999
  vertex 0.80000000000000004 0.061673099999999995 0.043550899999999997
  vertex 0.79961900000000008 0.063514100000000004 0.040818
  endloop
 endfacet

 facet normal -0.703551 0.502501 0.502501
  outer loop
  vertex 1.05538E-05 1.41013E-05 1.62737E-05
  vertex 0.00013818700000000001 9.706040000000001E-05 0.000112014
  vertex 1.05538E-05 1.62737E-05 1.41013E-05
  endloop
 endfacet

 facet normal -0.703551 0.502501 0.502501
  outer loop
  vertex 0.00013818700000000001 9.706040000000001E-05 0.000112014
  vertex 0.00013818700000000001 0.000112014 9.706040000000001E-05
  vertex 1.05538E-05 1.62737E-05 1.41013E-05
  endloop
 endfacet

 facet normal -0.454697 0.629782 0.629782
  outer loop
  vertex 0.00013818700000000001 9.706040000000001E-05 0.000112014
  vertex 0.00198263 0.00071527400000000001 0.00082547099999999993
  vertex 0.00013818700000000001 0.000112014 9.706040000000001E-05
  endloop
 endfacet

 facet normal -0.454697 0.629782 0.629782
  outer loop
  vertex 0.00198263 0.00071527400000000001 0.00082547099999999993
  vertex 0.00198263 0.00082547099999999993 0.00071527400000000001
  vertex 0.00013818700000000001 0.000112014 9.706040000000001E-05
  endloop
 endfacet

 facet normal -0.31864 0.670249 0.670249
  outer loop
  vertex 0.00198263 0.00071527400000000001 0.00082547099999999993
  vertex 0.0076858899999999999 0.0019739900000000001 0.0022781099999999999
  vertex 0.00198263 0.00082547099999999993 0.00071527400000000001
  endloop
 endfacet

 facet normal -0.31864 0.670249 0.670249
  outer loop
  vertex 0.0076858899999999999 0.0019739900000000001 0.0022781099999999999
  vertex 0.0076858899999999999 0.0022781099999999999 0.0019739900000000001
  vertex 0.00198263 0.00082547099999999993 0.00071527400000000001
  endloop
 endfacet

 facet normal -0.252638 0.684169 0.684169
  outer loop
  vertex 0.0076858899999999999 0.0019739900000000001 0.0022781099999999999
  vertex 0.0172239 0.0036090499999999999 0.0041650699999999999
  vertex 0.0076858899999999999 0.0022781099999999999 0.0019739900000000001
  endloop
 endfacet

 facet normal -0.252638 0.684169 0.684169
  outer loop
  vertex 0.0172239 0.0036090499999999999 0.0041650699999999999
  vertex 0.0172239 0.0041650699999999999 0.0036090499999999999
  vertex 0.0076858899999999999 0.0022781099999999999 0.0019739900000000001
  endloop
 endfacet

 facet normal -0.214851 0.690594 0.690594
  outer loop
  vertex 0.0172239 0.0036090499999999999 0.0041650699999999999
  vertex 0.030448200000000002 0.0055190300000000003 0.0063692999999999996
  vertex 0.0172239 0.0041650699999999999 0.0036090499999999999
  endloop
 endfacet

 facet normal -0.214851 0.690594 0.690594
  outer loop
  vertex 0.030448200000000002 0.0055190300000000003 0.0063692999999999996
  vertex 0.030448200000000002 0.0063692999999999996 0.0055190300000000003
  vertex 0.0172239 0.0041650699999999999 0.0036090499999999999
  endloop
 endfacet

 facet normal -0.179422 0.695632 0.695632
  outer loop
  vertex 0.030448200000000002 0.0055190300000000003 0.0063692999999999996
  vertex 0.067412200000000005 0.0099450900000000002 0.011477299999999999
  vertex 0.030448200000000002 0.0063692999999999996 0.0055190300000000003
  endloop
 endfacet

 facet normal -0.179422 0.695632 0.695632
  outer loop
  vertex 0.067412200000000005 0.0099450900000000002 0.011477299999999999
  vertex 0.067412200000000005 0.011477299999999999 0.0099450900000000002
  vertex 0.030448200000000002 0.0063692999999999996 0.0055190300000000003
  endloop
 endfacet

 facet normal -0.151585 0.698936 0.698936
  outer loop
  vertex 0.067412200000000005 0.0099450900000000002 0.011477299999999999
  vertex 0.110301 0.0142633 0.016460799999999998
  vertex 0.067412200000000005 0.011477299999999999 0.0099450900000000002
  endloop
 endfacet

 facet normal -0.151585 0.698936 0.698936
  outer loop
  vertex 0.110301 0.0142633 0.016460799999999998
  vertex 0.110301 0.016460799999999998 0.0142633
  vertex 0.067412200000000005 0.011477299999999999 0.0099450900000000002
  endloop
 endfacet

 facet normal -0.130885 0.701024 0.701024
  outer loop
  vertex 0.110301 0.0142633 0.016460799999999998
  vertex 0.17777199999999999 0.020111399999999998 0.023209800000000003
  vertex 0.110301 0.016460799999999998 0.0142633
  endloop
 endfacet

 facet normal -0.130885 0.701024 0.701024
  outer loop
  vertex 0.17777199999999999 0.020111399999999998 0.023209800000000003
  vertex 0.17777199999999999 0.023209800000000003 0.020111399999999998
  vertex 0.110301 0.016460799999999998 0.0142633
  endloop
 endfacet

 facet normal -0.11418 0.702482 0.702482
  outer loop
  vertex 0.17777199999999999 0.020111399999999998 0.023209800000000003
  vertex 0.24692699999999998 0.025329600000000001 0.029231899999999998
  vertex 0.17777199999999999 0.023209800000000003 0.020111399999999998
  endloop
 endfacet

 facet normal -0.11418 0.702482 0.702482
  outer loop
  vertex 0.24692699999999998 0.025329600000000001 0.029231899999999998
  vertex 0.24692699999999998 0.029231899999999998 0.025329600000000001
  vertex 0.17777199999999999 0.023209800000000003 0.020111399999999998
  endloop
 endfacet

 facet normal -0.101207 0.703476 0.703476
  outer loop
  vertex 0.24692699999999998 0.025329600000000001 0.029231899999999998
  vertex 0.32196399999999997 0.030341200000000002 0.035015600000000001
  vertex 0.24692699999999998 0.029231899999999998 0.025329600000000001
  endloop
 endfacet

 facet normal -0.101207 0.703476 0.703476
  outer loop
  vertex 0.32196399999999997 0.030341200000000002 0.035015600000000001
  vertex 0.32196399999999997 0.035015600000000001 0.030341200000000002
  vertex 0.24692699999999998 0.029231899999999998 0.025329600000000001
  endloop
 endfacet

 facet normal -0.089803 0.70425 0.70425
  outer loop
  vertex 0.32196399999999997 0.030341200000000002 0.035015600000000001
  vertex 0.40000000000000002 0.0349608 0.040346899999999998
  vertex 0.32196399999999997 0.035015600000000001 0.030341200000000002
  endloop
 endfacet

 facet normal -0.089803 0.70425 0.70425
  outer loop
  vertex 0.40000000000000002 0.0349608 0.040346899999999998
  vertex 0.40000000000000002 0.040346899999999998 0.0349608
  vertex 0.32196399999999997 0.035015600000000001 0.030341200000000002
  endloop
 endfacet

 facet normal -0.0793202 0.704879 0.704879
  outer loop
  vertex 0.40000000000000002 0.0349608 0.040346899999999998
  vertex 0.47803600000000002 0.0390374 0.045051599999999997
  vertex 0.40000000000000002 0.040346899999999998 0.0349608
  endloop
 endfacet

 facet normal -0.0793202 0.704879 0.704879
  outer loop
  vertex 0.47803600000000002 0.0390374 0.045051599999999997
  vertex 0.47803600000000002 0.045051599999999997 0.0390374
  vertex 0.40000000000000002 0.040346899999999998 0.0349608
  endloop
 endfacet

 facet normal -0.069323 0.705406 0.705406
  outer loop
  vertex 0.47803600000000002 0.0390374 0.045051599999999997
  vertex 0.55307299999999993 0.0424608 0.049002400000000002
  vertex 0.47803600000000002 0.045051599999999997 0.0390374
  endloop
 endfacet

 facet normal -0.0693229 0.705406 0.705406
  outer loop
  vertex 0.55307299999999993 0.0424608 0.049002400000000002
  vertex 0.55307299999999993 0.049002400000000002 0.0424608
  vertex 0.47803600000000002 0.045051599999999997 0.0390374
  endloop
 endfacet

 facet normal -0.0594944 0.705854 0.705854
  outer loop
  vertex 0.55307299999999993 0.0424608 0.049002400000000002
  vertex 0.622228 0.0451668 0.052125299999999999
  vertex 0.55307299999999993 0.049002400000000002 0.0424608
  endloop
 endfacet

 facet normal -0.0594944 0.705854 0.705854
  outer loop
  vertex 0.622228 0.0451668 0.052125299999999999
  vertex 0.622228 0.052125299999999999 0.0451668
  vertex 0.55307299999999993 0.049002400000000002 0.0424608
  endloop
 endfacet

 facet normal -0.0472526 0.706317 0.706317
  outer loop
  vertex 0.622228 0.0451668 0.052125299999999999
  vertex 0.70920399999999995 0.047868099999999997 0.055242699999999999
  vertex 0.622228 0.052125299999999999 0.0451668
  endloop
 endfacet

 facet normal -0.0472526 0.706317 0.706317
  outer loop
  vertex 0.70920399999999995 0.047868099999999997 0.055242699999999999
  vertex 0.70920399999999995 0.055242699999999999 0.047868099999999997
  vertex 0.622228 0.052125299999999999 0.0451668
  endloop
 endfacet

 facet normal -0.0319094 0.706747 0.706747
  outer loop
  vertex 0.70920399999999995 0.047868099999999997 0.055242699999999999
  vertex 0.76955200000000001 0.049133000000000003 0.056702500000000003
  vertex 0.70920399999999995 0.055242699999999999 0.047868099999999997
  endloop
 endfacet

 facet normal -0.0319094 0.706747 0.706747
  outer loop
  vertex 0.76955200000000001 0.049133000000000003 0.056702500000000003
  vertex 0.76955200000000001 0.056702500000000003 0.049133000000000003
  vertex 0.70920399999999995 0.055242699999999999 0.047868099999999997
  endloop
 endfacet

 facet normal -0.0156293 0.70702 0.70702
  outer loop
  vertex 0.76955200000000001 0.049133000000000003 0.056702500000000003
  vertex 0.79961900000000008 0.049441499999999999 0.057058600000000001
  vertex 0.76955200000000001 0.056702500000000003 0.049133000000000003
  endloop
 endfacet

 facet normal -0.0156293 0.70702 0.70702
  outer loop
  vertex 0.79961900000000008 0.049441499999999999 0.057058600000000001
  vertex 0.79961900000000008 0.057058600000000001 0.049441499999999999
  vertex 0.76955200000000001 0.056702500000000003 0.049133000000000003
  endloop
 endfacet

 facet normal -0.271899 0.680467 0.680467
  outer loop
  vertex 0.79961900000000008 0.049441499999999999 0.057058600000000001
  vertex 0.80000000000000004 0.055865499999999998 0.0507868
  vertex 0.79961900000000008 0.057058600000000001 0.049441499999999999
  endloop
 endfacet

 facet normal -0.703551 0.425874 0.5689
  outer loop
  vertex 1.05538E-05 1.1641800000000001E-05 1.8114899999999998E-05
  vertex 0.00013818700000000001 8.0131199999999996E-05 0.00012468700000000001
  vertex 1.05538E-05 1.41013E-05 1.62737E-05
  endloop
 endfacet

 facet normal -0.703551 0.425874 0.5689
  outer loop
  vertex 0.00013818700000000001 8.0131199999999996E-05 0.00012468700000000001
  vertex 0.00013818700000000001 9.706040000000001E-05 0.000112014
  vertex 1.05538E-05 1.41013E-05 1.62737E-05
  endloop
 endfacet

 facet normal -0.454697 0.533744 0.712999
  outer loop
  vertex 0.00013818700000000001 8.0131199999999996E-05 0.00012468700000000001
  vertex 0.00198263 0.00059051699999999993 0.00091886300000000001
  vertex 0.00013818700000000001 9.706040000000001E-05 0.000112014
  endloop
 endfacet

 facet normal -0.454697 0.533744 0.712999
  outer loop
  vertex 0.00198263 0.00059051699999999993 0.00091886300000000001
  vertex 0.00198263 0.00071527400000000001 0.00082547099999999993
  vertex 0.00013818700000000001 9.706040000000001E-05 0.000112014
  endloop
 endfacet

 facet normal -0.31864 0.568041 0.758814
  outer loop
  vertex 0.00198263 0.00059051699999999993 0.00091886300000000001
  vertex 0.0076858899999999999 0.00162969 0.0025358500000000001
  vertex 0.00198263 0.00071527400000000001 0.00082547099999999993
  endloop
 endfacet

 facet normal -0.31864 0.568041 0.758814
  outer loop
  vertex 0.0076858899999999999 0.00162969 0.0025358500000000001
  vertex 0.0076858899999999999 0.0019739900000000001 0.0022781099999999999
  vertex 0.00198263 0.00071527400000000001 0.00082547099999999993
  endloop
 endfacet

 facet normal -0.252638 0.579838 0.774572
  outer loop
  vertex 0.0076858899999999999 0.00162969 0.0025358500000000001
  vertex 0.0172239 0.00297957 0.0046362899999999995
  vertex 0.0076858899999999999 0.0019739900000000001 0.0022781099999999999
  endloop
 endfacet

 facet normal -0.252638 0.579838 0.774572
  outer loop
  vertex 0.0172239 0.00297957 0.0046362899999999995
  vertex 0.0172239 0.0036090499999999999 0.0041650699999999999
  vertex 0.0076858899999999999 0.0019739900000000001 0.0022781099999999999
  endloop
 endfacet

 facet normal -0.214851 0.585283 0.781846
  outer loop
  vertex 0.0172239 0.00297957 0.0046362899999999995
  vertex 0.030448200000000002 0.0045564099999999995 0.0070899099999999996
  vertex 0.0172239 0.0036090499999999999 0.0041650699999999999
  endloop
 endfacet

 facet normal -0.214851 0.585283 0.781846
  outer loop
  vertex 0.030448200000000002 0.0045564099999999995 0.0070899099999999996
  vertex 0.030448200000000002 0.0055190300000000003 0.0063692999999999996
  vertex 0.0172239 0.0036090499999999999 0.0041650699999999999
  endloop
 endfacet

 facet normal -0.179422 0.589553 0.78755
  outer loop
  vertex 0.030448200000000002 0.0045564099999999995 0.0070899099999999996
  vertex 0.067412200000000005 0.0082104800000000009 0.0127758
  vertex 0.030448200000000002 0.0055190300000000003 0.0063692999999999996
  endloop
 endfacet

 facet normal -0.179422 0.589553 0.78755
  outer loop
  vertex 0.067412200000000005 0.0082104800000000009 0.0127758
  vertex 0.067412200000000005 0.0099450900000000002 0.011477299999999999
  vertex 0.030448200000000002 0.0055190300000000003 0.0063692999999999996
  endloop
 endfacet

 facet normal -0.151585 0.592353 0.79129
  outer loop
  vertex 0.067412200000000005 0.0082104800000000009 0.0127758
  vertex 0.110301 0.0117755 0.018323100000000002
  vertex 0.067412200000000005 0.0099450900000000002 0.011477299999999999
  endloop
 endfacet

 facet normal -0.151585 0.592353 0.79129
  outer loop
  vertex 0.110301 0.0117755 0.018323100000000002
  vertex 0.110301 0.0142633 0.016460799999999998
  vertex 0.067412200000000005 0.0099450900000000002 0.011477299999999999
  endloop
 endfacet

 facet normal -0.130885 0.594123 0.793655
  outer loop
  vertex 0.110301 0.0117755 0.018323100000000002
  vertex 0.17777199999999999 0.0166036 0.0258357
  vertex 0.110301 0.0142633 0.016460799999999998
  endloop
 endfacet

 facet normal -0.130885 0.594123 0.793655
  outer loop
  vertex 0.17777199999999999 0.0166036 0.0258357
  vertex 0.17777199999999999 0.020111399999999998 0.023209800000000003
  vertex 0.110301 0.0142633 0.016460799999999998
  endloop
 endfacet

 facet normal -0.11418 0.595359 0.795306
  outer loop
  vertex 0.17777199999999999 0.0166036 0.0258357
  vertex 0.24692699999999998 0.020911599999999999 0.032539099999999994
  vertex 0.17777199999999999 0.020111399999999998 0.023209800000000003
  endloop
 endfacet

 facet normal -0.11418 0.595359 0.795306
  outer loop
  vertex 0.24692699999999998 0.020911599999999999 0.032539099999999994
  vertex 0.24692699999999998 0.025329600000000001 0.029231899999999998
  vertex 0.17777199999999999 0.020111399999999998 0.023209800000000003
  endloop
 endfacet

 facet normal -0.101207 0.596201 0.796431
  outer loop
  vertex 0.24692699999999998 0.020911599999999999 0.032539099999999994
  vertex 0.32196399999999997 0.025049099999999998 0.038977200000000004
  vertex 0.24692699999999998 0.025329600000000001 0.029231899999999998
  endloop
 endfacet

 facet normal -0.101207 0.596201 0.796431
  outer loop
  vertex 0.32196399999999997 0.025049099999999998 0.038977200000000004
  vertex 0.32196399999999997 0.030341200000000002 0.035015600000000001
  vertex 0.24692699999999998 0.025329600000000001 0.029231899999999998
  endloop
 endfacet

 facet normal -0.089803 0.596856 0.797307
  outer loop
  vertex 0.32196399999999997 0.025049099999999998 0.038977200000000004
  vertex 0.40000000000000002 0.028863 0.044911600000000003
  vertex 0.32196399999999997 0.030341200000000002 0.035015600000000001
  endloop
 endfacet

 facet normal -0.089803 0.596856 0.797307
  outer loop
  vertex 0.40000000000000002 0.028863 0.044911600000000003
  vertex 0.40000000000000002 0.0349608 0.040346899999999998
  vertex 0.32196399999999997 0.030341200000000002 0.035015600000000001
  endloop
 endfacet

 facet normal -0.0793201 0.59739 0.798019
  outer loop
  vertex 0.40000000000000002 0.028863 0.044911600000000003
  vertex 0.47803600000000002 0.032228600000000003 0.050148699999999997
  vertex 0.40000000000000002 0.0349608 0.040346899999999998
  endloop
 endfacet

 facet normal -0.0793202 0.597389 0.798019
  outer loop
  vertex 0.47803600000000002 0.032228600000000003 0.050148699999999997
  vertex 0.47803600000000002 0.0390374 0.045051599999999997
  vertex 0.40000000000000002 0.0349608 0.040346899999999998
  endloop
 endfacet

 facet normal -0.069323 0.597836 0.798616
  outer loop
  vertex 0.47803600000000002 0.032228600000000003 0.050148699999999997
  vertex 0.55307299999999993 0.035054900000000007 0.054546500000000005
  vertex 0.47803600000000002 0.0390374 0.045051599999999997
  endloop
 endfacet

 facet normal -0.069323 0.597836 0.798616
  outer loop
  vertex 0.55307299999999993 0.035054900000000007 0.054546500000000005
  vertex 0.55307299999999993 0.0424608 0.049002400000000002
  vertex 0.47803600000000002 0.0390374 0.045051599999999997
  endloop
 endfacet

 facet normal -0.0594944 0.598216 0.799123
  outer loop
  vertex 0.55307299999999993 0.035054900000000007 0.054546500000000005
  vertex 0.622228 0.0372889 0.058022599999999994
  vertex 0.55307299999999993 0.0424608 0.049002400000000002
  endloop
 endfacet

 facet normal -0.0594944 0.598216 0.799123
  outer loop
  vertex 0.622228 0.0372889 0.058022599999999994
  vertex 0.622228 0.0451668 0.052125299999999999
  vertex 0.55307299999999993 0.0424608 0.049002400000000002
  endloop
 endfacet

 facet normal -0.0472526 0.598608 0.799647
  outer loop
  vertex 0.622228 0.0372889 0.058022599999999994
  vertex 0.70920399999999995 0.039518999999999999 0.0614928
  vertex 0.622228 0.0451668 0.052125299999999999
  endloop
 endfacet

 facet normal -0.0472526 0.598608 0.799647
  outer loop
  vertex 0.70920399999999995 0.039518999999999999 0.0614928
  vertex 0.70920399999999995 0.047868099999999997 0.055242699999999999
  vertex 0.622228 0.0451668 0.052125299999999999
  endloop
 endfacet

 facet normal -0.0319093 0.598973 0.800133
  outer loop
  vertex 0.70920399999999995 0.039518999999999999 0.0614928
  vertex 0.76955200000000001 0.040563299999999997 0.063117699999999999
  vertex 0.70920399999999995 0.047868099999999997 0.055242699999999999
  endloop
 endfacet

 facet normal -0.0319093 0.598973 0.800133
  outer loop
  vertex 0.76955200000000001 0.040563299999999997 0.063117699999999999
  vertex 0.76955200000000001 0.049133000000000003 0.056702500000000003
  vertex 0.70920399999999995 0.047868099999999997 0.055242699999999999
  endloop
 endfacet

 facet normal -0.0156292 0.599205 0.800443
  outer loop
  vertex 0.76955200000000001 0.040563299999999997 0.063117699999999999
  vertex 0.79961900000000008 0.040818 0.063514100000000004
  vertex 0.76955200000000001 0.049133000000000003 0.056702500000000003
  endloop
 endfacet

 facet normal -0.0156292 0.599204 0.800443
  outer loop
  vertex 0.79961900000000008 0.040818 0.063514100000000004
  vertex 0.79961900000000008 0.049441499999999999 0.057058600000000001
  vertex 0.76955200000000001 0.049133000000000003 0.056702500000000003
  endloop
 endfacet

 facet normal -0.0565048 0.59832 0.799262
  outer loop
  vertex 0.79961900000000008 0.040818 0.063514100000000004
  vertex 0.80000000000000004 0.049214000000000001 0.057255800000000003
  vertex 0.79961900000000008 0.049441499999999999 0.057058600000000001
  endloop
 endfacet

 facet normal -0.703551 0.340575 0.623718
  outer loop
  vertex 1.05538E-05 8.9452399999999998E-06 1.9587299999999998E-05
  vertex 0.00013818700000000001 6.1570900000000004E-05 0.000134821
  vertex 1.05538E-05 1.1641800000000001E-05 1.8114899999999998E-05
  endloop
 endfacet

 facet normal -0.703551 0.340575 0.623718
  outer loop
  vertex 0.00013818700000000001 6.1570900000000004E-05 0.000134821
  vertex 0.00013818700000000001 8.0131199999999996E-05 0.00012468700000000001
  vertex 1.05538E-05 1.1641800000000001E-05 1.8114899999999998E-05
  endloop
 endfacet

 facet normal -0.454697 0.426841 0.781702
  outer loop
  vertex 0.00013818700000000001 6.1570900000000004E-05 0.000134821
  vertex 0.00198263 0.00045373899999999999 0.00099354900000000004
  vertex 0.00013818700000000001 8.0131199999999996E-05 0.00012468700000000001
  endloop
 endfacet

 facet normal -0.454697 0.426841 0.781702
  outer loop
  vertex 0.00198263 0.00045373899999999999 0.00099354900000000004
  vertex 0.00198263 0.00059051699999999993 0.00091886300000000001
  vertex 0.00013818700000000001 8.0131199999999996E-05 0.00012468700000000001
  endloop
 endfacet

 facet normal -0.31864 0.454269 0.831931
  outer loop
  vertex 0.00198263 0.00045373899999999999 0.00099354900000000004
  vertex 0.0076858899999999999 0.0012522100000000001 0.0027419699999999998
  vertex 0.00198263 0.00059051699999999993 0.00091886300000000001
  endloop
 endfacet

 facet normal -0.31864 0.454269 0.831931
  outer loop
  vertex 0.0076858899999999999 0.0012522100000000001 0.0027419699999999998
  vertex 0.0076858899999999999 0.00162969 0.0025358500000000001
  vertex 0.00198263 0.00059051699999999993 0.00091886300000000001
  endloop
 endfacet

 facet normal -0.252638 0.463702 0.849208
  outer loop
  vertex 0.0076858899999999999 0.0012522100000000001 0.0027419699999999998
  vertex 0.0172239 0.0022894199999999999 0.0050131400000000001
  vertex 0.0076858899999999999 0.00162969 0.0025358500000000001
  endloop
 endfacet

 facet normal -0.252638 0.463702 0.849208
  outer loop
  vertex 0.0172239 0.0022894199999999999 0.0050131400000000001
  vertex 0.0172239 0.00297957 0.0046362899999999995
  vertex 0.0076858899999999999 0.00162969 0.0025358500000000001
  endloop
 endfacet

 facet normal -0.214851 0.468057 0.857183
  outer loop
  vertex 0.0172239 0.0022894199999999999 0.0050131400000000001
  vertex 0.030448200000000002 0.00350103 0.0076661900000000007
  vertex 0.0172239 0.00297957 0.0046362899999999995
  endloop
 endfacet

 facet normal -0.214851 0.468057 0.857183
  outer loop
  vertex 0.030448200000000002 0.00350103 0.0076661900000000007
  vertex 0.030448200000000002 0.0045564099999999995 0.0070899099999999996
  vertex 0.0172239 0.00297957 0.0046362899999999995
  endloop
 endfacet

 facet normal -0.179422 0.471472 0.863436
  outer loop
  vertex 0.030448200000000002 0.00350103 0.0076661900000000007
  vertex 0.067412200000000005 0.0063087299999999994 0.0138142
  vertex 0.030448200000000002 0.0045564099999999995 0.0070899099999999996
  endloop
 endfacet

 facet normal -0.179422 0.471472 0.863436
  outer loop
  vertex 0.067412200000000005 0.0063087299999999994 0.0138142
  vertex 0.067412200000000005 0.0082104800000000009 0.0127758
  vertex 0.030448200000000002 0.0045564099999999995 0.0070899099999999996
  endloop
 endfacet

 facet normal -0.151585 0.473711 0.867537
  outer loop
  vertex 0.067412200000000005 0.0063087299999999994 0.0138142
  vertex 0.110301 0.0090480300000000003 0.019812400000000001
  vertex 0.067412200000000005 0.0082104800000000009 0.0127758
  endloop
 endfacet

 facet normal -0.151585 0.473711 0.867537
  outer loop
  vertex 0.110301 0.0090480300000000003 0.019812400000000001
  vertex 0.110301 0.0117755 0.018323100000000002
  vertex 0.067412200000000005 0.0082104800000000009 0.0127758
  endloop
 endfacet

 facet normal -0.130885 0.475126 0.870129
  outer loop
  vertex 0.110301 0.0090480300000000003 0.019812400000000001
  vertex 0.17777199999999999 0.0127578 0.027935700000000001
  vertex 0.110301 0.0117755 0.018323100000000002
  endloop
 endfacet

 facet normal -0.130885 0.475126 0.870129
  outer loop
  vertex 0.17777199999999999 0.0127578 0.027935700000000001
  vertex 0.17777199999999999 0.0166036 0.0258357
  vertex 0.110301 0.0117755 0.018323100000000002
  endloop
 endfacet

 facet normal -0.11418 0.476115 0.871939
  outer loop
  vertex 0.17777199999999999 0.0127578 0.027935700000000001
  vertex 0.24692699999999998 0.016068000000000002 0.035184
  vertex 0.17777199999999999 0.0166036 0.0258357
  endloop
 endfacet

 facet normal -0.11418 0.476115 0.871939
  outer loop
  vertex 0.24692699999999998 0.016068000000000002 0.035184
  vertex 0.24692699999999998 0.020911599999999999 0.032539099999999994
  vertex 0.17777199999999999 0.0166036 0.0258357
  endloop
 endfacet

 facet normal -0.101207 0.476788 0.873173
  outer loop
  vertex 0.24692699999999998 0.016068000000000002 0.035184
  vertex 0.32196399999999997 0.0192471 0.042145299999999997
  vertex 0.24692699999999998 0.020911599999999999 0.032539099999999994
  endloop
 endfacet

 facet normal -0.101207 0.476788 0.873173
  outer loop
  vertex 0.32196399999999997 0.0192471 0.042145299999999997
  vertex 0.32196399999999997 0.025049099999999998 0.038977200000000004
  vertex 0.24692699999999998 0.020911599999999999 0.032539099999999994
  endloop
 endfacet

 facet normal -0.089803 0.477313 0.874133
  outer loop
  vertex 0.32196399999999997 0.0192471 0.042145299999999997
  vertex 0.40000000000000002 0.022177600000000002 0.048562100000000004
  vertex 0.32196399999999997 0.025049099999999998 0.038977200000000004
  endloop
 endfacet

 facet normal -0.089803 0.477313 0.874133
  outer loop
  vertex 0.40000000000000002 0.022177600000000002 0.048562100000000004
  vertex 0.40000000000000002 0.028863 0.044911600000000003
  vertex 0.32196399999999997 0.025049099999999998 0.038977200000000004
  endloop
 endfacet

 facet normal -0.0793201 0.477739 0.874913
  outer loop
  vertex 0.40000000000000002 0.022177600000000002 0.048562100000000004
  vertex 0.47803600000000002 0.0247636 0.054224800000000004
  vertex 0.40000000000000002 0.028863 0.044911600000000003
  endloop
 endfacet

 facet normal -0.0793201 0.477739 0.874914
  outer loop
  vertex 0.47803600000000002 0.0247636 0.054224800000000004
  vertex 0.47803600000000002 0.032228600000000003 0.050148699999999997
  vertex 0.40000000000000002 0.028863 0.044911600000000003
  endloop
 endfacet

 facet normal -0.069323 0.478096 0.875567
  outer loop
  vertex 0.47803600000000002 0.0247636 0.054224800000000004
  vertex 0.55307299999999993 0.026935300000000002 0.058980100000000001
  vertex 0.47803600000000002 0.032228600000000003 0.050148699999999997
  endloop
 endfacet

 facet normal -0.069323 0.478096 0.875567
  outer loop
  vertex 0.55307299999999993 0.026935300000000002 0.058980100000000001
  vertex 0.55307299999999993 0.035054900000000007 0.054546500000000005
  vertex 0.47803600000000002 0.032228600000000003 0.050148699999999997
  endloop
 endfacet

 facet normal -0.0594944 0.4784 0.876124
  outer loop
  vertex 0.55307299999999993 0.026935300000000002 0.058980100000000001
  vertex 0.622228 0.028651900000000001 0.062738799999999997
  vertex 0.55307299999999993 0.035054900000000007 0.054546500000000005
  endloop
 endfacet

 facet normal -0.0594944 0.4784 0.876124
  outer loop
  vertex 0.622228 0.028651900000000001 0.062738799999999997
  vertex 0.622228 0.0372889 0.058022599999999994
  vertex 0.55307299999999993 0.035054900000000007 0.054546500000000005
  endloop
 endfacet

 facet normal -0.0472526 0.478714 0.876699
  outer loop
  vertex 0.622228 0.028651900000000001 0.062738799999999997
  vertex 0.70920399999999995 0.030365400000000001 0.066490999999999995
  vertex 0.622228 0.0372889 0.058022599999999994
  endloop
 endfacet

 facet normal -0.0472526 0.478714 0.876699
  outer loop
  vertex 0.70920399999999995 0.030365400000000001 0.066490999999999995
  vertex 0.70920399999999995 0.039518999999999999 0.0614928
  vertex 0.622228 0.0372889 0.058022599999999994
  endloop
 endfacet

 facet normal -0.0319093 0.479005 0.877232
  outer loop
  vertex 0.70920399999999995 0.030365400000000001 0.066490999999999995
  vertex 0.76955200000000001 0.031167799999999999 0.068248000000000003
  vertex 0.70920399999999995 0.039518999999999999 0.0614928
  endloop
 endfacet

 facet normal -0.0319093 0.479005 0.877232
  outer loop
  vertex 0.76955200000000001 0.031167799999999999 0.068248000000000003
  vertex 0.76955200000000001 0.040563299999999997 0.063117699999999999
  vertex 0.70920399999999995 0.039518999999999999 0.0614928
  endloop
 endfacet

 facet normal -0.0156291 0.47919 0.877572
  outer loop
  vertex 0.76955200000000001 0.031167799999999999 0.068248000000000003
  vertex 0.79961900000000008 0.031363599999999998 0.06867659999999999
  vertex 0.76955200000000001 0.040563299999999997 0.063117699999999999
  endloop
 endfacet

 facet normal -0.0156291 0.47919 0.877572
  outer loop
  vertex 0.79961900000000008 0.031363599999999998 0.06867659999999999
  vertex 0.79961900000000008 0.040818 0.063514100000000004
  vertex 0.76955200000000001 0.040563299999999997 0.063117699999999999
  endloop
 endfacet

 facet normal -0.355559 0.447932 0.820326
  outer loop
  vertex 0.79961900000000008 0.031363599999999998 0.06867659999999999
  vertex 0.80000000000000004 0.033792999999999997 0.067515100000000008
  vertex 0.79961900000000008 0.040818 0.063514100000000004
  endloop
 endfacet

 facet normal -0.703551 0.248345 0.665838
  outer loop
  vertex 1.05538E-05 6.0666200000000002E-06 2.0660999999999998E-05
  vertex 0.00013818700000000001 4.17571E-05 0.00014221200000000001
  vertex 1.05538E-05 8.9452399999999998E-06 1.9587299999999998E-05
  endloop
 endfacet

 facet normal -0.703551 0.248345 0.665838
  outer loop
  vertex 0.00013818700000000001 4.17571E-05 0.00014221200000000001
  vertex 0.00013818700000000001 6.1570900000000004E-05 0.000134821
  vertex 1.05538E-05 8.9452399999999998E-06 1.9587299999999998E-05
  endloop
 endfacet

 facet normal -0.454697 0.311249 0.834491
  outer loop
  vertex 0.00013818700000000001 4.17571E-05 0.00014221200000000001
  vertex 0.00198263 0.000307724 0.00104801
  vertex 0.00013818700000000001 6.1570900000000004E-05 0.000134821
  endloop
 endfacet

 facet normal -0.454697 0.311249 0.834491
  outer loop
  vertex 0.00198263 0.000307724 0.00104801
  vertex 0.00198263 0.00045373899999999999 0.00099354900000000004
  vertex 0.00013818700000000001 6.1570900000000004E-05 0.000134821
  endloop
 endfacet

 facet normal -0.31864 0.331249 0.888112
  outer loop
  vertex 0.00198263 0.000307724 0.00104801
  vertex 0.0076858899999999999 0.0008492459999999999 0.0028922699999999997
  vertex 0.00198263 0.00045373899999999999 0.00099354900000000004
  endloop
 endfacet

 facet normal -0.31864 0.331249 0.888112
  outer loop
  vertex 0.0076858899999999999 0.0008492459999999999 0.0028922699999999997
  vertex 0.0076858899999999999 0.0012522100000000001 0.0027419699999999998
  vertex 0.00198263 0.00045373899999999999 0.00099354900000000004
  endloop
 endfacet

 facet normal -0.252638 0.338128 0.906556
  outer loop
  vertex 0.0076858899999999999 0.0008492459999999999 0.0028922699999999997
  vertex 0.0172239 0.0015526800000000001 0.0052879300000000006
  vertex 0.0076858899999999999 0.0012522100000000001 0.0027419699999999998
  endloop
 endfacet

 facet normal -0.252638 0.338128 0.906556
  outer loop
  vertex 0.0172239 0.0015526800000000001 0.0052879300000000006
  vertex 0.0172239 0.0022894199999999999 0.0050131400000000001
  vertex 0.0076858899999999999 0.0012522100000000001 0.0027419699999999998
  endloop
 endfacet

 facet normal -0.214851 0.341303 0.915069
  outer loop
  vertex 0.0172239 0.0015526800000000001 0.0052879300000000006
  vertex 0.030448200000000002 0.0023743799999999997 0.0080864100000000005
  vertex 0.0172239 0.0022894199999999999 0.0050131400000000001
  endloop
 endfacet

 facet normal -0.214851 0.341303 0.915069
  outer loop
  vertex 0.030448200000000002 0.0023743799999999997 0.0080864100000000005
  vertex 0.030448200000000002 0.00350103 0.0076661900000000007
  vertex 0.0172239 0.0022894199999999999 0.0050131400000000001
  endloop
 endfacet

 facet normal -0.179422 0.343793 0.921745
  outer loop
  vertex 0.030448200000000002 0.0023743799999999997 0.0080864100000000005
  vertex 0.067412200000000005 0.0042785499999999999 0.0145714
  vertex 0.030448200000000002 0.00350103 0.0076661900000000007
  endloop
 endfacet

 facet normal -0.179422 0.343793 0.921745
  outer loop
  vertex 0.067412200000000005 0.0042785499999999999 0.0145714
  vertex 0.067412200000000005 0.0063087299999999994 0.0138142
  vertex 0.030448200000000002 0.00350103 0.0076661900000000007
  endloop
 endfacet

 facet normal -0.151585 0.345426 0.926123
  outer loop
  vertex 0.067412200000000005 0.0042785499999999999 0.0145714
  vertex 0.110301 0.0061363299999999997 0.020898399999999998
  vertex 0.067412200000000005 0.0063087299999999994 0.0138142
  endloop
 endfacet

 facet normal -0.151585 0.345426 0.926123
  outer loop
  vertex 0.110301 0.0061363299999999997 0.020898399999999998
  vertex 0.110301 0.0090480300000000003 0.019812400000000001
  vertex 0.067412200000000005 0.0063087299999999994 0.0138142
  endloop
 endfacet

 facet normal -0.130885 0.346458 0.92889
  outer loop
  vertex 0.110301 0.0061363299999999997 0.020898399999999998
  vertex 0.17777199999999999 0.00865228 0.029467
  vertex 0.110301 0.0090480300000000003 0.019812400000000001
  endloop
 endfacet

 facet normal -0.130885 0.346458 0.92889
  outer loop
  vertex 0.17777199999999999 0.00865228 0.029467
  vertex 0.17777199999999999 0.0127578 0.027935700000000001
  vertex 0.110301 0.0090480300000000003 0.019812400000000001
  endloop
 endfacet

 facet normal -0.11418 0.347179 0.930822
  outer loop
  vertex 0.17777199999999999 0.00865228 0.029467
  vertex 0.24692699999999998 0.010897199999999999 0.0371125
  vertex 0.17777199999999999 0.0127578 0.027935700000000001
  endloop
 endfacet

 facet normal -0.11418 0.347179 0.930822
  outer loop
  vertex 0.24692699999999998 0.010897199999999999 0.0371125
  vertex 0.24692699999999998 0.016068000000000002 0.035184
  vertex 0.17777199999999999 0.0127578 0.027935700000000001
  endloop
 endfacet

 facet normal -0.101207 0.34767 0.932139
  outer loop
  vertex 0.24692699999999998 0.010897199999999999 0.0371125
  vertex 0.32196399999999997 0.0130533 0.044455500000000002
  vertex 0.24692699999999998 0.016068000000000002 0.035184
  endloop
 endfacet

 facet normal -0.101207 0.34767 0.932139
  outer loop
  vertex 0.32196399999999997 0.0130533 0.044455500000000002
  vertex 0.32196399999999997 0.0192471 0.042145299999999997
  vertex 0.24692699999999998 0.016068000000000002 0.035184
  endloop
 endfacet

 facet normal -0.089803 0.348052 0.933164
  outer loop
  vertex 0.32196399999999997 0.0130533 0.044455500000000002
  vertex 0.40000000000000002 0.015040699999999999 0.051223999999999999
  vertex 0.32196399999999997 0.0192471 0.042145299999999997
  endloop
 endfacet

 facet normal -0.089803 0.348052 0.933164
  outer loop
  vertex 0.40000000000000002 0.015040699999999999 0.051223999999999999
  vertex 0.40000000000000002 0.022177600000000002 0.048562100000000004
  vertex 0.32196399999999997 0.0192471 0.042145299999999997
  endloop
 endfacet

 facet normal -0.0793202 0.348363 0.933998
  outer loop
  vertex 0.40000000000000002 0.015040699999999999 0.051223999999999999
  vertex 0.47803600000000002 0.0167946 0.057197100000000001
  vertex 0.40000000000000002 0.022177600000000002 0.048562100000000004
  endloop
 endfacet

 facet normal -0.0793202 0.348363 0.933998
  outer loop
  vertex 0.47803600000000002 0.0167946 0.057197100000000001
  vertex 0.47803600000000002 0.0247636 0.054224800000000004
  vertex 0.40000000000000002 0.022177600000000002 0.048562100000000004
  endloop
 endfacet

 facet normal -0.0693229 0.348624 0.934696
  outer loop
  vertex 0.47803600000000002 0.0167946 0.057197100000000001
  vertex 0.55307299999999993 0.0182674 0.062213000000000004
  vertex 0.47803600000000002 0.0247636 0.054224800000000004
  endloop
 endfacet

 facet normal -0.0693229 0.348623 0.934696
  outer loop
  vertex 0.55307299999999993 0.0182674 0.062213000000000004
  vertex 0.55307299999999993 0.026935300000000002 0.058980100000000001
  vertex 0.47803600000000002 0.0247636 0.054224800000000004
  endloop
 endfacet

 facet normal -0.0594944 0.348845 0.93529
  outer loop
  vertex 0.55307299999999993 0.0182674 0.062213000000000004
  vertex 0.622228 0.0194316 0.066177800000000009
  vertex 0.55307299999999993 0.026935300000000002 0.058980100000000001
  endloop
 endfacet

 facet normal -0.0594944 0.348845 0.93529
  outer loop
  vertex 0.622228 0.0194316 0.066177800000000009
  vertex 0.622228 0.028651900000000001 0.062738799999999997
  vertex 0.55307299999999993 0.026935300000000002 0.058980100000000001
  endloop
 endfacet

 facet normal -0.0472526 0.349074 0.935903
  outer loop
  vertex 0.622228 0.0194316 0.066177800000000009
  vertex 0.70920399999999995 0.0205937 0.070135699999999995
  vertex 0.622228 0.028651900000000001 0.062738799999999997
  endloop
 endfacet

 facet normal -0.0472526 0.349074 0.935903
  outer loop
  vertex 0.70920399999999995 0.0205937 0.070135699999999995
  vertex 0.70920399999999995 0.030365400000000001 0.066490999999999995
  vertex 0.622228 0.028651900000000001 0.062738799999999997
  endloop
 endfacet

 facet normal -0.0319093 0.349286 0.936473
  outer loop
  vertex 0.70920399999999995 0.0205937 0.070135699999999995
  vertex 0.76955200000000001 0.021137899999999998 0.071988999999999997
  vertex 0.70920399999999995 0.030365400000000001 0.066490999999999995
  endloop
 endfacet

 facet normal -0.0319093 0.349286 0.936473
  outer loop
  vertex 0.76955200000000001 0.021137899999999998 0.071988999999999997
  vertex 0.76955200000000001 0.031167799999999999 0.068248000000000003
  vertex 0.70920399999999995 0.030365400000000001 0.066490999999999995
  endloop
 endfacet

 facet normal -0.0156292 0.349421 0.936835
  outer loop
  vertex 0.76955200000000001 0.021137899999999998 0.071988999999999997
  vertex 0.79961900000000008 0.021270600000000001 0.072441100000000008
  vertex 0.76955200000000001 0.031167799999999999 0.068248000000000003
  endloop
 endfacet

 facet normal -0.0156292 0.349421 0.936835
  outer loop
  vertex 0.79961900000000008 0.021270600000000001 0.072441100000000008
  vertex 0.79961900000000008 0.031363599999999998 0.06867659999999999
  vertex 0.76955200000000001 0.031167799999999999 0.068248000000000003
  endloop
 endfacet

 facet normal -0.434142 0.314813 0.844046
  outer loop
  vertex 0.79961900000000008 0.021270600000000001 0.072441100000000008
  vertex 0.80000000000000004 0.025256299999999999 0.0711503
  vertex 0.79961900000000008 0.031363599999999998 0.06867659999999999
  endloop
 endfacet

 facet normal -0.703551 0.151058 0.694404
  outer loop
  vertex 1.05538E-05 3.0645000000000001E-06 2.13141E-05
  vertex 0.00013818700000000001 2.10932E-05 0.00014670700000000002
  vertex 1.05538E-05 6.0666200000000002E-06 2.0660999999999998E-05
  endloop
 endfacet

 facet normal -0.703551 0.151058 0.694404
  outer loop
  vertex 0.00013818700000000001 2.10932E-05 0.00014670700000000002
  vertex 0.00013818700000000001 4.17571E-05 0.00014221200000000001
  vertex 1.05538E-05 6.0666200000000002E-06 2.0660999999999998E-05
  endloop
 endfacet

 facet normal -0.454697 0.189321 0.870292
  outer loop
  vertex 0.00013818700000000001 2.10932E-05 0.00014670700000000002
  vertex 0.00198263 0.000155444 0.00108114
  vertex 0.00013818700000000001 4.17571E-05 0.00014221200000000001
  endloop
 endfacet

 facet normal -0.454697 0.18932 0.870292
  outer loop
  vertex 0.00198263 0.000155444 0.00108114
  vertex 0.00198263 0.000307724 0.00104801
  vertex 0.00013818700000000001 4.17571E-05 0.00014221200000000001
  endloop
 endfacet

 facet normal -0.31864 0.201485 0.926214
  outer loop
  vertex 0.00198263 0.000155444 0.00108114
  vertex 0.0076858899999999999 0.00042898999999999997 0.0029836900000000002
  vertex 0.00198263 0.000307724 0.00104801
  endloop
 endfacet

 facet normal -0.31864 0.201485 0.926214
  outer loop
  vertex 0.0076858899999999999 0.00042898999999999997 0.0029836900000000002
  vertex 0.0076858899999999999 0.0008492459999999999 0.0028922699999999997
  vertex 0.00198263 0.000307724 0.00104801
  endloop
 endfacet

 facet normal -0.252638 0.20567 0.945449
  outer loop
  vertex 0.0076858899999999999 0.00042898999999999997 0.0029836900000000002
  vertex 0.0172239 0.00078432199999999995 0.0054550799999999993
  vertex 0.0076858899999999999 0.0008492459999999999 0.0028922699999999997
  endloop
 endfacet

 facet normal -0.252638 0.20567 0.945449
  outer loop
  vertex 0.0172239 0.00078432199999999995 0.0054550799999999993
  vertex 0.0172239 0.0015526800000000001 0.0052879300000000006
  vertex 0.0076858899999999999 0.0008492459999999999 0.0028922699999999997
  endloop
 endfacet

 facet normal -0.214851 0.207601 0.954328
  outer loop
  vertex 0.0172239 0.00078432199999999995 0.0054550799999999993
  vertex 0.030448200000000002 0.0011994 0.0083420100000000004
  vertex 0.0172239 0.0015526800000000001 0.0052879300000000006
  endloop
 endfacet

 facet normal -0.214851 0.207601 0.954328
  outer loop
  vertex 0.030448200000000002 0.0011994 0.0083420100000000004
  vertex 0.030448200000000002 0.0023743799999999997 0.0080864100000000005
  vertex 0.0172239 0.0015526800000000001 0.0052879300000000006
  endloop
 endfacet

 facet normal -0.179422 0.209116 0.96129
  outer loop
  vertex 0.030448200000000002 0.0011994 0.0083420100000000004
  vertex 0.067412200000000005 0.0021612800000000002 0.015032
  vertex 0.030448200000000002 0.0023743799999999997 0.0080864100000000005
  endloop
 endfacet

 facet normal -0.179422 0.209116 0.96129
  outer loop
  vertex 0.067412200000000005 0.0021612800000000002 0.015032
  vertex 0.067412200000000005 0.0042785499999999999 0.0145714
  vertex 0.030448200000000002 0.0023743799999999997 0.0080864100000000005
  endloop
 endfacet

 facet normal -0.151585 0.210109 0.965855
  outer loop
  vertex 0.067412200000000005 0.0021612800000000002 0.015032
  vertex 0.110301 0.0030997199999999998 0.021559000000000002
  vertex 0.067412200000000005 0.0042785499999999999 0.0145714
  endloop
 endfacet

 facet normal -0.151585 0.210109 0.965855
  outer loop
  vertex 0.110301 0.0030997199999999998 0.021559000000000002
  vertex 0.110301 0.0061363299999999997 0.020898399999999998
  vertex 0.067412200000000005 0.0042785499999999999 0.0145714
  endloop
 endfacet

 facet normal -0.130885 0.210737 0.968741
  outer loop
  vertex 0.110301 0.0030997199999999998 0.021559000000000002
  vertex 0.17777199999999999 0.0043706300000000003 0.030398399999999999
  vertex 0.110301 0.0061363299999999997 0.020898399999999998
  endloop
 endfacet

 facet normal -0.130885 0.210737 0.968741
  outer loop
  vertex 0.17777199999999999 0.0043706300000000003 0.030398399999999999
  vertex 0.17777199999999999 0.00865228 0.029467
  vertex 0.110301 0.0061363299999999997 0.020898399999999998
  endloop
 endfacet

 facet normal -0.11418 0.211175 0.970756
  outer loop
  vertex 0.17777199999999999 0.0043706300000000003 0.030398399999999999
  vertex 0.24692699999999998 0.0055046399999999999 0.038285600000000003
  vertex 0.17777199999999999 0.00865228 0.029467
  endloop
 endfacet

 facet normal -0.11418 0.211175 0.970756
  outer loop
  vertex 0.24692699999999998 0.0055046399999999999 0.038285600000000003
  vertex 0.24692699999999998 0.010897199999999999 0.0371125
  vertex 0.17777199999999999 0.00865228 0.029467
  endloop
 endfacet

 facet normal -0.101207 0.211474 0.97213
  outer loop
  vertex 0.24692699999999998 0.0055046399999999999 0.038285600000000003
  vertex 0.32196399999999997 0.0065937700000000005 0.045860700000000004
  vertex 0.24692699999999998 0.010897199999999999 0.0371125
  endloop
 endfacet

 facet normal -0.101207 0.211474 0.97213
  outer loop
  vertex 0.32196399999999997 0.0065937700000000005 0.045860700000000004
  vertex 0.32196399999999997 0.0130533 0.044455500000000002
  vertex 0.24692699999999998 0.010897199999999999 0.0371125
  endloop
 endfacet

 facet normal -0.089803 0.211707 0.973199
  outer loop
  vertex 0.32196399999999997 0.0065937700000000005 0.045860700000000004
  vertex 0.40000000000000002 0.0075976999999999998 0.0528432
  vertex 0.32196399999999997 0.0130533 0.044455500000000002
  endloop
 endfacet

 facet normal -0.0898029 0.211707 0.973199
  outer loop
  vertex 0.40000000000000002 0.0075976999999999998 0.0528432
  vertex 0.40000000000000002 0.015040699999999999 0.051223999999999999
  vertex 0.32196399999999997 0.0130533 0.044455500000000002
  endloop
 endfacet

 facet normal -0.0793202 0.211896 0.974068
  outer loop
  vertex 0.40000000000000002 0.0075976999999999998 0.0528432
  vertex 0.47803600000000002 0.0084836500000000006 0.059005099999999998
  vertex 0.40000000000000002 0.015040699999999999 0.051223999999999999
  endloop
 endfacet

 facet normal -0.0793202 0.211896 0.974068
  outer loop
  vertex 0.47803600000000002 0.0084836500000000006 0.059005099999999998
  vertex 0.47803600000000002 0.0167946 0.057197100000000001
  vertex 0.40000000000000002 0.015040699999999999 0.051223999999999999
  endloop
 endfacet

 facet normal -0.069323 0.212054 0.974796
  outer loop
  vertex 0.47803600000000002 0.0084836500000000006 0.059005099999999998
  vertex 0.55307299999999993 0.0092276200000000006 0.0641795
  vertex 0.47803600000000002 0.0167946 0.057197100000000001
  endloop
 endfacet

 facet normal -0.069323 0.212054 0.974796
  outer loop
  vertex 0.55307299999999993 0.0092276200000000006 0.0641795
  vertex 0.55307299999999993 0.0182674 0.062213000000000004
  vertex 0.47803600000000002 0.0167946 0.057197100000000001
  endloop
 endfacet

 facet normal -0.0594944 0.212189 0.975416
  outer loop
  vertex 0.55307299999999993 0.0092276200000000006 0.0641795
  vertex 0.622228 0.0098156900000000002 0.0682696
  vertex 0.55307299999999993 0.0182674 0.062213000000000004
  endloop
 endfacet

 facet normal -0.0594944 0.212189 0.975416
  outer loop
  vertex 0.622228 0.0098156900000000002 0.0682696
  vertex 0.622228 0.0194316 0.066177800000000009
  vertex 0.55307299999999993 0.0182674 0.062213000000000004
  endloop
 endfacet

 facet normal -0.0472526 0.212328 0.976055
  outer loop
  vertex 0.622228 0.0098156900000000002 0.0682696
  vertex 0.70920399999999995 0.010402699999999999 0.072352599999999989
  vertex 0.622228 0.0194316 0.066177800000000009
  endloop
 endfacet

 facet normal -0.0472526 0.212328 0.976055
  outer loop
  vertex 0.70920399999999995 0.010402699999999999 0.072352599999999989
  vertex 0.70920399999999995 0.0205937 0.070135699999999995
  vertex 0.622228 0.0194316 0.066177800000000009
  endloop
 endfacet

 facet normal -0.0319093 0.212457 0.976649
  outer loop
  vertex 0.70920399999999995 0.010402699999999999 0.072352599999999989
  vertex 0.76955200000000001 0.010677600000000001 0.074264499999999997
  vertex 0.70920399999999995 0.0205937 0.070135699999999995
  endloop
 endfacet

 facet normal -0.0319093 0.212457 0.976649
  outer loop
  vertex 0.76955200000000001 0.010677600000000001 0.074264499999999997
  vertex 0.76955200000000001 0.021137899999999998 0.071988999999999997
  vertex 0.70920399999999995 0.0205937 0.070135699999999995
  endloop
 endfacet

 facet normal -0.0156292 0.212539 0.977027
  outer loop
  vertex 0.76955200000000001 0.010677600000000001 0.074264499999999997
  vertex 0.79961900000000008 0.010744699999999999 0.074730900000000003
  vertex 0.76955200000000001 0.021137899999999998 0.071988999999999997
  endloop
 endfacet

 facet normal -0.0156292 0.212539 0.977027
  outer loop
  vertex 0.79961900000000008 0.010744699999999999 0.074730900000000003
  vertex 0.79961900000000008 0.021270600000000001 0.072441100000000008
  vertex 0.76955200000000001 0.021137899999999998 0.071988999999999997
  endloop
 endfacet

 facet normal -0.451111 0.189708 0.872072
  outer loop
  vertex 0.79961900000000008 0.010744699999999999 0.074730900000000003
  vertex 0.80000000000000004 0.016338100000000001 0.073710999999999999
  vertex 0.79961900000000008 0.021270600000000001 0.072441100000000008
  endloop
 endfacet

 facet normal -0.703551 0.0506968 0.708834
  outer loop
  vertex 1.05538E-05 -3.4628099999999996E-21 2.1533299999999999E-05
  vertex 0.00013818700000000001 -2.3834799999999999E-20 0.00014821500000000002
  vertex 1.05538E-05 3.0645000000000001E-06 2.13141E-05
  endloop
 endfacet

 facet normal -0.703551 0.0506967 0.708834
  outer loop
  vertex 0.00013818700000000001 -2.3834799999999999E-20 0.00014821500000000002
  vertex 0.00013818700000000001 2.10932E-05 0.00014670700000000002
  vertex 1.05538E-05 3.0645000000000001E-06 2.13141E-05
  endloop
 endfacet

 facet normal -0.454697 0.0635376 0.888377
  outer loop
  vertex 0.00013818700000000001 -2.3834799999999999E-20 0.00014821500000000002
  vertex 0.00198263 -1.7564799999999999E-19 0.0010922499999999999
  vertex 0.00013818700000000001 2.10932E-05 0.00014670700000000002
  endloop
 endfacet

 facet normal -0.454697 0.0635377 0.888377
  outer loop
  vertex 0.00198263 -1.7564799999999999E-19 0.0010922499999999999
  vertex 0.00198263 0.000155444 0.00108114
  vertex 0.00013818700000000001 2.10932E-05 0.00014670700000000002
  endloop
 endfacet

 facet normal -0.31864 0.0676207 0.945461
  outer loop
  vertex 0.00198263 -1.7564799999999999E-19 0.0010922499999999999
  vertex 0.0076858899999999999 -4.8474799999999998E-19 0.0030143700000000002
  vertex 0.00198263 0.000155444 0.00108114
  endloop
 endfacet

 facet normal -0.31864 0.0676208 0.945461
  outer loop
  vertex 0.0076858899999999999 -4.8474799999999998E-19 0.0030143700000000002
  vertex 0.0076858899999999999 0.00042898999999999997 0.0029836900000000002
  vertex 0.00198263 0.000155444 0.00108114
  endloop
 endfacet

 facet normal -0.252638 0.0690253 0.965096
  outer loop
  vertex 0.0076858899999999999 -4.8474799999999998E-19 0.0030143700000000002
  vertex 0.0172239 -8.8626399999999991E-19 0.0055111700000000001
  vertex 0.0076858899999999999 0.00042898999999999997 0.0029836900000000002
  endloop
 endfacet

 facet normal -0.252638 0.0690253 0.965096
  outer loop
  vertex 0.0172239 -8.8626399999999991E-19 0.0055111700000000001
  vertex 0.0172239 0.00078432199999999995 0.0054550799999999993
  vertex 0.0076858899999999999 0.00042898999999999997 0.0029836900000000002
  endloop
 endfacet

 facet normal -0.214851 0.0696735 0.974159
  outer loop
  vertex 0.0172239 -8.8626399999999991E-19 0.0055111700000000001
  vertex 0.030448200000000002 -1.3552899999999999E-18 0.0084277999999999992
  vertex 0.0172239 0.00078432199999999995 0.0054550799999999993
  endloop
 endfacet

 facet normal -0.214851 0.0696735 0.974159
  outer loop
  vertex 0.030448200000000002 -1.3552899999999999E-18 0.0084277999999999992
  vertex 0.030448200000000002 0.0011994 0.0083420100000000004
  vertex 0.0172239 0.00078432199999999995 0.0054550799999999993
  endloop
 endfacet

 facet normal -0.179422 0.0701816 0.981266
  outer loop
  vertex 0.030448200000000002 -1.3552899999999999E-18 0.0084277999999999992
  vertex 0.067412200000000005 -2.4421899999999999E-18 0.0151866
  vertex 0.030448200000000002 0.0011994 0.0083420100000000004
  endloop
 endfacet

 facet normal -0.179422 0.0701816 0.981266
  outer loop
  vertex 0.067412200000000005 -2.4421899999999999E-18 0.0151866
  vertex 0.067412200000000005 0.0021612800000000002 0.015032
  vertex 0.030448200000000002 0.0011994 0.0083420100000000004
  endloop
 endfacet

 facet normal -0.151585 0.0705147 0.985926
  outer loop
  vertex 0.067412200000000005 -2.4421899999999999E-18 0.0151866
  vertex 0.110301 -3.5026000000000001E-18 0.0217807
  vertex 0.067412200000000005 0.0021612800000000002 0.015032
  endloop
 endfacet

 facet normal -0.151585 0.0705146 0.985926
  outer loop
  vertex 0.110301 -3.5026000000000001E-18 0.0217807
  vertex 0.110301 0.0030997199999999998 0.021559000000000002
  vertex 0.067412200000000005 0.0021612800000000002 0.015032
  endloop
 endfacet

 facet normal -0.130885 0.0707251 0.988872
  outer loop
  vertex 0.110301 -3.5026000000000001E-18 0.0217807
  vertex 0.17777199999999999 -4.9387000000000005E-18 0.030710999999999999
  vertex 0.110301 0.0030997199999999998 0.021559000000000002
  endloop
 endfacet

 facet normal -0.130885 0.0707252 0.988872
  outer loop
  vertex 0.17777199999999999 -4.9387000000000005E-18 0.030710999999999999
  vertex 0.17777199999999999 0.0043706300000000003 0.030398399999999999
  vertex 0.110301 0.0030997199999999998 0.021559000000000002
  endloop
 endfacet

 facet normal -0.11418 0.0708727 0.990929
  outer loop
  vertex 0.17777199999999999 -4.9387000000000005E-18 0.030710999999999999
  vertex 0.24692699999999998 -6.2201100000000003E-18 0.0386793
  vertex 0.17777199999999999 0.0043706300000000003 0.030398399999999999
  endloop
 endfacet

 facet normal -0.11418 0.0708726 0.990929
  outer loop
  vertex 0.24692699999999998 -6.2201100000000003E-18 0.0386793
  vertex 0.24692699999999998 0.0055046399999999999 0.038285600000000003
  vertex 0.17777199999999999 0.0043706300000000003 0.030398399999999999
  endloop
 endfacet

 facet normal -0.101207 0.0709729 0.992331
  outer loop
  vertex 0.24692699999999998 -6.2201100000000003E-18 0.0386793
  vertex 0.32196399999999997 -7.4508000000000004E-18 0.0463323
  vertex 0.24692699999999998 0.0055046399999999999 0.038285600000000003
  endloop
 endfacet

 facet normal -0.101207 0.0709729 0.992331
  outer loop
  vertex 0.32196399999999997 -7.4508000000000004E-18 0.0463323
  vertex 0.32196399999999997 0.0065937700000000005 0.045860700000000004
  vertex 0.24692699999999998 0.0055046399999999999 0.038285600000000003
  endloop
 endfacet

 facet normal -0.089803 0.0710509 0.993422
  outer loop
  vertex 0.32196399999999997 -7.4508000000000004E-18 0.0463323
  vertex 0.40000000000000002 -8.5852100000000009E-18 0.053386599999999999
  vertex 0.32196399999999997 0.0065937700000000005 0.045860700000000004
  endloop
 endfacet

 facet normal -0.089803 0.071051 0.993422
  outer loop
  vertex 0.40000000000000002 -8.5852100000000009E-18 0.053386599999999999
  vertex 0.40000000000000002 0.0075976999999999998 0.0528432
  vertex 0.32196399999999997 0.0065937700000000005 0.045860700000000004
  endloop
 endfacet

 facet normal -0.0793201 0.0711146 0.994309
  outer loop
  vertex 0.40000000000000002 -8.5852100000000009E-18 0.053386599999999999
  vertex 0.47803600000000002 -9.5863100000000009E-18 0.0596118
  vertex 0.40000000000000002 0.0075976999999999998 0.0528432
  endloop
 endfacet

 facet normal -0.0793201 0.0711145 0.994309
  outer loop
  vertex 0.47803600000000002 -9.5863100000000009E-18 0.0596118
  vertex 0.47803600000000002 0.0084836500000000006 0.059005099999999998
  vertex 0.40000000000000002 0.0075976999999999998 0.0528432
  endloop
 endfacet

 facet normal -0.069323 0.0711675 0.995053
  outer loop
  vertex 0.47803600000000002 -9.5863100000000009E-18 0.0596118
  vertex 0.55307299999999993 -1.0427E-17 0.064839499999999994
  vertex 0.47803600000000002 0.0084836500000000006 0.059005099999999998
  endloop
 endfacet

 facet normal -0.069323 0.0711675 0.995053
  outer loop
  vertex 0.55307299999999993 -1.0427E-17 0.064839499999999994
  vertex 0.55307299999999993 0.0092276200000000006 0.0641795
  vertex 0.47803600000000002 0.0084836500000000006 0.059005099999999998
  endloop
 endfacet

 facet normal -0.0594943 0.0712129 0.995685
  outer loop
  vertex 0.55307299999999993 -1.0427E-17 0.064839499999999994
  vertex 0.622228 -1.10915E-17 0.068971599999999994
  vertex 0.55307299999999993 0.0092276200000000006 0.0641795
  endloop
 endfacet

 facet normal -0.0594943 0.0712127 0.995685
  outer loop
  vertex 0.622228 -1.10915E-17 0.068971599999999994
  vertex 0.622228 0.0098156900000000002 0.0682696
  vertex 0.55307299999999993 0.0092276200000000006 0.0641795
  endloop
 endfacet

 facet normal -0.0472526 0.0712589 0.996338
  outer loop
  vertex 0.622228 -1.10915E-17 0.068971599999999994
  vertex 0.70920399999999995 -1.1754799999999998E-17 0.073096599999999998
  vertex 0.622228 0.0098156900000000002 0.0682696
  endloop
 endfacet

 facet normal -0.0472526 0.0712592 0.996338
  outer loop
  vertex 0.70920399999999995 -1.1754799999999998E-17 0.073096599999999998
  vertex 0.70920399999999995 0.010402699999999999 0.072352599999999989
  vertex 0.622228 0.0098156900000000002 0.0682696
  endloop
 endfacet

 facet normal -0.0319093 0.0713029 0.996944
  outer loop
  vertex 0.70920399999999995 -1.1754799999999998E-17 0.073096599999999998
  vertex 0.76955200000000001 -1.2065400000000001E-17 0.0750281
  vertex 0.70920399999999995 0.010402699999999999 0.072352599999999989
  endloop
 endfacet

 facet normal -0.0319093 0.0713029 0.996944
  outer loop
  vertex 0.76955200000000001 -1.2065400000000001E-17 0.0750281
  vertex 0.76955200000000001 0.010677600000000001 0.074264499999999997
  vertex 0.70920399999999995 0.010402699999999999 0.072352599999999989
  endloop
 endfacet

 facet normal -0.0156293 0.0713306 0.99733
  outer loop
  vertex 0.76955200000000001 -1.2065400000000001E-17 0.0750281
  vertex 0.79961900000000008 -1.21412E-17 0.075499300000000005
  vertex 0.76955200000000001 0.010677600000000001 0.074264499999999997
  endloop
 endfacet

 facet normal -0.0156293 0.0713307 0.99733
  outer loop
  vertex 0.79961900000000008 -1.21412E-17 0.075499300000000005
  vertex 0.79961900000000008 0.010744699999999999 0.074730900000000003
  vertex 0.76955200000000001 0.010677600000000001 0.074264499999999997
  endloop
 endfacet

 facet normal -0.411156 0.0650306 0.909243
  outer loop
  vertex 0.79961900000000008 -1.21412E-17 0.075499300000000005
  vertex 0.80000000000000004 0.0071732200000000001 0.075158500000000003
  vertex 0.79961900000000008 0.010744699999999999 0.074730900000000003
  endloop
 endfacet

 facet normal -0.703551 -0.0506968 0.708834
  outer loop
  vertex 1.05538E-05 -3.0645000000000001E-06 2.13141E-05
  vertex 0.00013818700000000001 -2.10932E-05 0.00014670700000000002
  vertex 1.05538E-05 -3.4628099999999996E-21 2.1533299999999999E-05
  endloop
 endfacet

 facet normal -0.703551 -0.0506967 0.708834
  outer loop
  vertex 0.00013818700000000001 -2.10932E-05 0.00014670700000000002
  vertex 0.00013818700000000001 -2.3834799999999999E-20 0.00014821500000000002
  vertex 1.05538E-05 -3.4628099999999996E-21 2.1533299999999999E-05
  endloop
 endfacet

 facet normal -0.454697 -0.0635376 0.888377
  outer loop
  vertex 0.00013818700000000001 -2.10932E-05 0.00014670700000000002
  vertex 0.00198263 -0.000155444 0.00108114
  vertex 0.00013818700000000001 -2.3834799999999999E-20 0.00014821500000000002
  endloop
 endfacet

 facet normal -0.454697 -0.0635377 0.888377
  outer loop
  vertex 0.00198263 -0.000155444 0.00108114
  vertex 0.00198263 -1.7564799999999999E-19 0.0010922499999999999
  vertex 0.00013818700000000001 -2.3834799999999999E-20 0.00014821500000000002
  endloop
 endfacet

 facet normal -0.31864 -0.0676207 0.945461
  outer loop
  vertex 0.00198263 -0.000155444 0.00108114
  vertex 0.0076858899999999999 -0.00042898999999999997 0.0029836900000000002
  vertex 0.00198263 -1.7564799999999999E-19 0.0010922499999999999
  endloop
 endfacet

 facet normal -0.31864 -0.0676208 0.945461
  outer loop
  vertex 0.0076858899999999999 -0.00042898999999999997 0.0029836900000000002
  vertex 0.0076858899999999999 -4.8474799999999998E-19 0.0030143700000000002
  vertex 0.00198263 -1.7564799999999999E-19 0.0010922499999999999
  endloop
 endfacet

 facet normal -0.252638 -0.0690253 0.965096
  outer loop
  vertex 0.0076858899999999999 -0.00042898999999999997 0.0029836900000000002
  vertex 0.0172239 -0.00078432199999999995 0.0054550799999999993
  vertex 0.0076858899999999999 -4.8474799999999998E-19 0.0030143700000000002
  endloop
 endfacet

 facet normal -0.252638 -0.0690253 0.965096
  outer loop
  vertex 0.0172239 -0.00078432199999999995 0.0054550799999999993
  vertex 0.0172239 -8.8626399999999991E-19 0.0055111700000000001
  vertex 0.0076858899999999999 -4.8474799999999998E-19 0.0030143700000000002
  endloop
 endfacet

 facet normal -0.214851 -0.0696735 0.974159
  outer loop
  vertex 0.0172239 -0.00078432199999999995 0.0054550799999999993
  vertex 0.030448200000000002 -0.0011994 0.0083420100000000004
  vertex 0.0172239 -8.8626399999999991E-19 0.0055111700000000001
  endloop
 endfacet

 facet normal -0.214851 -0.0696735 0.974159
  outer loop
  vertex 0.030448200000000002 -0.0011994 0.0083420100000000004
  vertex 0.030448200000000002 -1.3552899999999999E-18 0.0084277999999999992
  vertex 0.0172239 -8.8626399999999991E-19 0.0055111700000000001
  endloop
 endfacet

 facet normal -0.179422 -0.0701816 0.981266
  outer loop
  vertex 0.030448200000000002 -0.0011994 0.0083420100000000004
  vertex 0.067412200000000005 -0.0021612800000000002 0.015032
  vertex 0.030448200000000002 -1.3552899999999999E-18 0.0084277999999999992
  endloop
 endfacet

 facet normal -0.179422 -0.0701816 0.981266
  outer loop
  vertex 0.067412200000000005 -0.0021612800000000002 0.015032
  vertex 0.067412200000000005 -2.4421899999999999E-18 0.0151866
  vertex 0.030448200000000002 -1.3552899999999999E-18 0.0084277999999999992
  endloop
 endfacet

 facet normal -0.151585 -0.0705147 0.985926
  outer loop
  vertex 0.067412200000000005 -0.0021612800000000002 0.015032
  vertex 0.110301 -0.0030997199999999998 0.021559000000000002
  vertex 0.067412200000000005 -2.4421899999999999E-18 0.0151866
  endloop
 endfacet

 facet normal -0.151585 -0.0705146 0.985926
  outer loop
  vertex 0.110301 -0.0030997199999999998 0.021559000000000002
  vertex 0.110301 -3.5026000000000001E-18 0.0217807
  vertex 0.067412200000000005 -2.4421899999999999E-18 0.0151866
  endloop
 endfacet

 facet normal -0.130885 -0.0707251 0.988872
  outer loop
  vertex 0.110301 -0.0030997199999999998 0.021559000000000002
  vertex 0.17777199999999999 -0.0043706300000000003 0.030398399999999999
  vertex 0.110301 -3.5026000000000001E-18 0.0217807
  endloop
 endfacet

 facet normal -0.130885 -0.0707252 0.988872
  outer loop
  vertex 0.17777199999999999 -0.0043706300000000003 0.030398399999999999
  vertex 0.17777199999999999 -4.9387000000000005E-18 0.030710999999999999
  vertex 0.110301 -3.5026000000000001E-18 0.0217807
  endloop
 endfacet

 facet normal -0.11418 -0.0708727 0.990929
  outer loop
  vertex 0.17777199999999999 -0.0043706300000000003 0.030398399999999999
  vertex 0.24692699999999998 -0.0055046399999999999 0.038285600000000003
  vertex 0.17777199999999999 -4.9387000000000005E-18 0.030710999999999999
  endloop
 endfacet

 facet normal -0.11418 -0.0708726 0.990929
  outer loop
  vertex 0.24692699999999998 -0.0055046399999999999 0.038285600000000003
  vertex 0.24692699999999998 -6.2201100000000003E-18 0.0386793
  vertex 0.17777199999999999 -4.9387000000000005E-18 0.030710999999999999
  endloop
 endfacet

 facet normal -0.101207 -0.0709729 0.992331
  outer loop
  vertex 0.24692699999999998 -0.0055046399999999999 0.038285600000000003
  vertex 0.32196399999999997 -0.0065937700000000005 0.045860700000000004
  vertex 0.24692699999999998 -6.2201100000000003E-18 0.0386793
  endloop
 endfacet

 facet normal -0.101207 -0.0709729 0.992331
  outer loop
  vertex 0.32196399999999997 -0.0065937700000000005 0.045860700000000004
  vertex 0.32196399999999997 -7.4508000000000004E-18 0.0463323
  vertex 0.24692699999999998 -6.2201100000000003E-18 0.0386793
  endloop
 endfacet

 facet normal -0.089803 -0.0710509 0.993422
  outer loop
  vertex 0.32196399999999997 -0.0065937700000000005 0.045860700000000004
  vertex 0.40000000000000002 -0.0075976999999999998 0.0528432
  vertex 0.32196399999999997 -7.4508000000000004E-18 0.0463323
  endloop
 endfacet

 facet normal -0.089803 -0.071051 0.993422
  outer loop
  vertex 0.40000000000000002 -0.0075976999999999998 0.0528432
  vertex 0.40000000000000002 -8.5852100000000009E-18 0.053386599999999999
  vertex 0.32196399999999997 -7.4508000000000004E-18 0.0463323
  endloop
 endfacet

 facet normal -0.0793202 -0.0711146 0.994309
  outer loop
  vertex 0.40000000000000002 -0.0075976999999999998 0.0528432
  vertex 0.47803600000000002 -0.0084836500000000006 0.059005099999999998
  vertex 0.40000000000000002 -8.5852100000000009E-18 0.053386599999999999
  endloop
 endfacet

 facet normal -0.0793201 -0.0711145 0.994309
  outer loop
  vertex 0.47803600000000002 -0.0084836500000000006 0.059005099999999998
  vertex 0.47803600000000002 -9.5863100000000009E-18 0.0596118
  vertex 0.40000000000000002 -8.5852100000000009E-18 0.053386599999999999
  endloop
 endfacet

 facet normal -0.069323 -0.0711675 0.995053
  outer loop
  vertex 0.47803600000000002 -0.0084836500000000006 0.059005099999999998
  vertex 0.55307299999999993 -0.0092276200000000006 0.0641795
  vertex 0.47803600000000002 -9.5863100000000009E-18 0.0596118
  endloop
 endfacet

 facet normal -0.069323 -0.0711675 0.995053
  outer loop
  vertex 0.55307299999999993 -0.0092276200000000006 0.0641795
  vertex 0.55307299999999993 -1.0427E-17 0.064839499999999994
  vertex 0.47803600000000002 -9.5863100000000009E-18 0.0596118
  endloop
 endfacet

 facet normal -0.0594944 -0.0712129 0.995685
  outer loop
  vertex 0.55307299999999993 -0.0092276200000000006 0.0641795
  vertex 0.622228 -0.0098156900000000002 0.0682696
  vertex 0.55307299999999993 -1.0427E-17 0.064839499999999994
  endloop
 endfacet

 facet normal -0.0594944 -0.0712127 0.995685
  outer loop
  vertex 0.622228 -0.0098156900000000002 0.0682696
  vertex 0.622228 -1.10915E-17 0.068971599999999994
  vertex 0.55307299999999993 -1.0427E-17 0.064839499999999994
  endloop
 endfacet

 facet normal -0.0472526 -0.0712589 0.996338
  outer loop
  vertex 0.622228 -0.0098156900000000002 0.0682696
  vertex 0.70920399999999995 -0.010402699999999999 0.072352599999999989
  vertex 0.622228 -1.10915E-17 0.068971599999999994
  endloop
 endfacet

 facet normal -0.0472526 -0.0712592 0.996338
  outer loop
  vertex 0.70920399999999995 -0.010402699999999999 0.072352599999999989
  vertex 0.70920399999999995 -1.1754799999999998E-17 0.073096599999999998
  vertex 0.622228 -1.10915E-17 0.068971599999999994
  endloop
 endfacet

 facet normal -0.0319093 -0.0713029 0.996944
  outer loop
  vertex 0.70920399999999995 -0.010402699999999999 0.072352599999999989
  vertex 0.76955200000000001 -0.010677600000000001 0.074264499999999997
  vertex 0.70920399999999995 -1.1754799999999998E-17 0.073096599999999998
  endloop
 endfacet

 facet normal -0.0319093 -0.0713029 0.996944
  outer loop
  vertex 0.76955200000000001 -0.010677600000000001 0.074264499999999997
  vertex 0.76955200000000001 -1.2065400000000001E-17 0.0750281
  vertex 0.70920399999999995 -1.1754799999999998E-17 0.073096599999999998
  endloop
 endfacet

 facet normal -0.0156292 -0.0713306 0.99733
  outer loop
  vertex 0.76955200000000001 -0.010677600000000001 0.074264499999999997
  vertex 0.79961900000000008 -0.010744699999999999 0.074730900000000003
  vertex 0.76955200000000001 -1.2065400000000001E-17 0.0750281
  endloop
 endfacet

 facet normal -0.0156292 -0.0713307 0.99733
  outer loop
  vertex 0.79961900000000008 -0.010744699999999999 0.074730900000000003
  vertex 0.79961900000000008 -1.21412E-17 0.075499300000000005
  vertex 0.76955200000000001 -1.2065400000000001E-17 0.0750281
  endloop
 endfacet

 facet normal -0.303644 -0.0679713 0.950358
  outer loop
  vertex 0.79961900000000008 -0.010744699999999999 0.074730900000000003
  vertex 0.80000000000000004 -0.0021000100000000002 0.075470799999999991
  vertex 0.79961900000000008 -1.21412E-17 0.075499300000000005
  endloop
 endfacet

 facet normal -0.703551 -0.151058 0.694404
  outer loop
  vertex 1.05538E-05 -6.0666200000000002E-06 2.0660999999999998E-05
  vertex 0.00013818700000000001 -4.17571E-05 0.00014221200000000001
  vertex 1.05538E-05 -3.0645000000000001E-06 2.13141E-05
  endloop
 endfacet

 facet normal -0.703551 -0.151058 0.694404
  outer loop
  vertex 0.00013818700000000001 -4.17571E-05 0.00014221200000000001
  vertex 0.00013818700000000001 -2.10932E-05 0.00014670700000000002
  vertex 1.05538E-05 -3.0645000000000001E-06 2.13141E-05
  endloop
 endfacet

 facet normal -0.454697 -0.189321 0.870292
  outer loop
  vertex 0.00013818700000000001 -4.17571E-05 0.00014221200000000001
  vertex 0.00198263 -0.000307724 0.00104801
  vertex 0.00013818700000000001 -2.10932E-05 0.00014670700000000002
  endloop
 endfacet

 facet normal -0.454697 -0.18932 0.870292
  outer loop
  vertex 0.00198263 -0.000307724 0.00104801
  vertex 0.00198263 -0.000155444 0.00108114
  vertex 0.00013818700000000001 -2.10932E-05 0.00014670700000000002
  endloop
 endfacet

 facet normal -0.31864 -0.201485 0.926214
  outer loop
  vertex 0.00198263 -0.000307724 0.00104801
  vertex 0.0076858899999999999 -0.0008492459999999999 0.0028922699999999997
  vertex 0.00198263 -0.000155444 0.00108114
  endloop
 endfacet

 facet normal -0.31864 -0.201485 0.926214
  outer loop
  vertex 0.0076858899999999999 -0.0008492459999999999 0.0028922699999999997
  vertex 0.0076858899999999999 -0.00042898999999999997 0.0029836900000000002
  vertex 0.00198263 -0.000155444 0.00108114
  endloop
 endfacet

 facet normal -0.252638 -0.20567 0.945449
  outer loop
  vertex 0.0076858899999999999 -0.0008492459999999999 0.0028922699999999997
  vertex 0.0172239 -0.0015526800000000001 0.0052879300000000006
  vertex 0.0076858899999999999 -0.00042898999999999997 0.0029836900000000002
  endloop
 endfacet

 facet normal -0.252638 -0.20567 0.945449
  outer loop
  vertex 0.0172239 -0.0015526800000000001 0.0052879300000000006
  vertex 0.0172239 -0.00078432199999999995 0.0054550799999999993
  vertex 0.0076858899999999999 -0.00042898999999999997 0.0029836900000000002
  endloop
 endfacet

 facet normal -0.214851 -0.207601 0.954328
  outer loop
  vertex 0.0172239 -0.0015526800000000001 0.0052879300000000006
  vertex 0.030448200000000002 -0.0023743799999999997 0.0080864100000000005
  vertex 0.0172239 -0.00078432199999999995 0.0054550799999999993
  endloop
 endfacet

 facet normal -0.214851 -0.207601 0.954328
  outer loop
  vertex 0.030448200000000002 -0.0023743799999999997 0.0080864100000000005
  vertex 0.030448200000000002 -0.0011994 0.0083420100000000004
  vertex 0.0172239 -0.00078432199999999995 0.0054550799999999993
  endloop
 endfacet

 facet normal -0.179422 -0.209116 0.96129
  outer loop
  vertex 0.030448200000000002 -0.0023743799999999997 0.0080864100000000005
  vertex 0.067412200000000005 -0.0042785499999999999 0.0145714
  vertex 0.030448200000000002 -0.0011994 0.0083420100000000004
  endloop
 endfacet

 facet normal -0.179422 -0.209116 0.96129
  outer loop
  vertex 0.067412200000000005 -0.0042785499999999999 0.0145714
  vertex 0.067412200000000005 -0.0021612800000000002 0.015032
  vertex 0.030448200000000002 -0.0011994 0.0083420100000000004
  endloop
 endfacet

 facet normal -0.151585 -0.210109 0.965855
  outer loop
  vertex 0.067412200000000005 -0.0042785499999999999 0.0145714
  vertex 0.110301 -0.0061363299999999997 0.020898399999999998
  vertex 0.067412200000000005 -0.0021612800000000002 0.015032
  endloop
 endfacet

 facet normal -0.151585 -0.210109 0.965855
  outer loop
  vertex 0.110301 -0.0061363299999999997 0.020898399999999998
  vertex 0.110301 -0.0030997199999999998 0.021559000000000002
  vertex 0.067412200000000005 -0.0021612800000000002 0.015032
  endloop
 endfacet

 facet normal -0.130885 -0.210737 0.968741
  outer loop
  vertex 0.110301 -0.0061363299999999997 0.020898399999999998
  vertex 0.17777199999999999 -0.00865228 0.029467
  vertex 0.110301 -0.0030997199999999998 0.021559000000000002
  endloop
 endfacet

 facet normal -0.130885 -0.210737 0.968741
  outer loop
  vertex 0.17777199999999999 -0.00865228 0.029467
  vertex 0.17777199999999999 -0.0043706300000000003 0.030398399999999999
  vertex 0.110301 -0.0030997199999999998 0.021559000000000002
  endloop
 endfacet

 facet normal -0.11418 -0.211175 0.970756
  outer loop
  vertex 0.17777199999999999 -0.00865228 0.029467
  vertex 0.24692699999999998 -0.010897199999999999 0.0371125
  vertex 0.17777199999999999 -0.0043706300000000003 0.030398399999999999
  endloop
 endfacet

 facet normal -0.11418 -0.211175 0.970756
  outer loop
  vertex 0.24692699999999998 -0.010897199999999999 0.0371125
  vertex 0.24692699999999998 -0.0055046399999999999 0.038285600000000003
  vertex 0.17777199999999999 -0.0043706300000000003 0.030398399999999999
  endloop
 endfacet

 facet normal -0.101207 -0.211474 0.97213
  outer loop
  vertex 0.24692699999999998 -0.010897199999999999 0.0371125
  vertex 0.32196399999999997 -0.0130533 0.044455500000000002
  vertex 0.24692699999999998 -0.0055046399999999999 0.038285600000000003
  endloop
 endfacet

 facet normal -0.101207 -0.211474 0.97213
  outer loop
  vertex 0.32196399999999997 -0.0130533 0.044455500000000002
  vertex 0.32196399999999997 -0.0065937700000000005 0.045860700000000004
  vertex 0.24692699999999998 -0.0055046399999999999 0.038285600000000003
  endloop
 endfacet

 facet normal -0.089803 -0.211707 0.973199
  outer loop
  vertex 0.32196399999999997 -0.0130533 0.044455500000000002
  vertex 0.40000000000000002 -0.015040699999999999 0.051223999999999999
  vertex 0.32196399999999997 -0.0065937700000000005 0.045860700000000004
  endloop
 endfacet

 facet normal -0.089803 -0.211707 0.973199
  outer loop
  vertex 0.40000000000000002 -0.015040699999999999 0.051223999999999999
  vertex 0.40000000000000002 -0.0075976999999999998 0.0528432
  vertex 0.32196399999999997 -0.0065937700000000005 0.045860700000000004
  endloop
 endfacet

 facet normal -0.0793202 -0.211896 0.974068
  outer loop
  vertex 0.40000000000000002 -0.015040699999999999 0.051223999999999999
  vertex 0.47803600000000002 -0.0167946 0.057197100000000001
  vertex 0.40000000000000002 -0.0075976999999999998 0.0528432
  endloop
 endfacet

 facet normal -0.0793202 -0.211896 0.974068
  outer loop
  vertex 0.47803600000000002 -0.0167946 0.057197100000000001
  vertex 0.47803600000000002 -0.0084836500000000006 0.059005099999999998
  vertex 0.40000000000000002 -0.0075976999999999998 0.0528432
  endloop
 endfacet

 facet normal -0.0693229 -0.212054 0.974796
  outer loop
  vertex 0.47803600000000002 -0.0167946 0.057197100000000001
  vertex 0.55307299999999993 -0.0182674 0.062213000000000004
  vertex 0.47803600000000002 -0.0084836500000000006 0.059005099999999998
  endloop
 endfacet

 facet normal -0.0693229 -0.212054 0.974796
  outer loop
  vertex 0.55307299999999993 -0.0182674 0.062213000000000004
  vertex 0.55307299999999993 -0.0092276200000000006 0.0641795
  vertex 0.47803600000000002 -0.0084836500000000006 0.059005099999999998
  endloop
 endfacet

 facet normal -0.0594944 -0.212189 0.975416
  outer loop
  vertex 0.55307299999999993 -0.0182674 0.062213000000000004
  vertex 0.622228 -0.0194316 0.066177800000000009
  vertex 0.55307299999999993 -0.0092276200000000006 0.0641795
  endloop
 endfacet

 facet normal -0.0594944 -0.212189 0.975416
  outer loop
  vertex 0.622228 -0.0194316 0.066177800000000009
  vertex 0.622228 -0.0098156900000000002 0.0682696
  vertex 0.55307299999999993 -0.0092276200000000006 0.0641795
  endloop
 endfacet

 facet normal -0.0472526 -0.212328 0.976055
  outer loop
  vertex 0.622228 -0.0194316 0.066177800000000009
  vertex 0.70920399999999995 -0.0205937 0.070135699999999995
  vertex 0.622228 -0.0098156900000000002 0.0682696
  endloop
 endfacet

 facet normal -0.0472526 -0.212328 0.976055
  outer loop
  vertex 0.70920399999999995 -0.0205937 0.070135699999999995
  vertex 0.70920399999999995 -0.010402699999999999 0.072352599999999989
  vertex 0.622228 -0.0098156900000000002 0.0682696
  endloop
 endfacet

 facet normal -0.0319093 -0.212457 0.976649
  outer loop
  vertex 0.70920399999999995 -0.0205937 0.070135699999999995
  vertex 0.76955200000000001 -0.021137899999999998 0.071988999999999997
  vertex 0.70920399999999995 -0.010402699999999999 0.072352599999999989
  endloop
 endfacet

 facet normal -0.0319093 -0.212457 0.976649
  outer loop
  vertex 0.76955200000000001 -0.021137899999999998 0.071988999999999997
  vertex 0.76955200000000001 -0.010677600000000001 0.074264499999999997
  vertex 0.70920399999999995 -0.010402699999999999 0.072352599999999989
  endloop
 endfacet

 facet normal -0.0156292 -0.212539 0.977027
  outer loop
  vertex 0.76955200000000001 -0.021137899999999998 0.071988999999999997
  vertex 0.79961900000000008 -0.021270600000000001 0.072441100000000008
  vertex 0.76955200000000001 -0.010677600000000001 0.074264499999999997
  endloop
 endfacet

 facet normal -0.0156292 -0.212539 0.977027
  outer loop
  vertex 0.79961900000000008 -0.021270600000000001 0.072441100000000008
  vertex 0.79961900000000008 -0.010744699999999999 0.074730900000000003
  vertex 0.76955200000000001 -0.010677600000000001 0.074264499999999997
  endloop
 endfacet

 facet normal -0.107825 -0.211326 0.97145
  outer loop
  vertex 0.79961900000000008 -0.021270600000000001 0.072441100000000008
  vertex 0.80000000000000004 -0.011341499999999999 0.074643299999999996
  vertex 0.79961900000000008 -0.010744699999999999 0.074730900000000003
  endloop
 endfacet

 facet normal -0.703551 -0.248345 0.665838
  outer loop
  vertex 1.05538E-05 -8.9452399999999998E-06 1.9587299999999998E-05
  vertex 0.00013818700000000001 -6.1570900000000004E-05 0.000134821
  vertex 1.05538E-05 -6.0666200000000002E-06 2.0660999999999998E-05
  endloop
 endfacet

 facet normal -0.703551 -0.248345 0.665838
  outer loop
  vertex 0.00013818700000000001 -6.1570900000000004E-05 0.000134821
  vertex 0.00013818700000000001 -4.17571E-05 0.00014221200000000001
  vertex 1.05538E-05 -6.0666200000000002E-06 2.0660999999999998E-05
  endloop
 endfacet

 facet normal -0.454697 -0.311249 0.834491
  outer loop
  vertex 0.00013818700000000001 -6.1570900000000004E-05 0.000134821
  vertex 0.00198263 -0.00045373899999999999 0.00099354900000000004
  vertex 0.00013818700000000001 -4.17571E-05 0.00014221200000000001
  endloop
 endfacet

 facet normal -0.454697 -0.311249 0.834491
  outer loop
  vertex 0.00198263 -0.00045373899999999999 0.00099354900000000004
  vertex 0.00198263 -0.000307724 0.00104801
  vertex 0.00013818700000000001 -4.17571E-05 0.00014221200000000001
  endloop
 endfacet

 facet normal -0.31864 -0.331249 0.888112
  outer loop
  vertex 0.00198263 -0.00045373899999999999 0.00099354900000000004
  vertex 0.0076858899999999999 -0.0012522100000000001 0.0027419699999999998
  vertex 0.00198263 -0.000307724 0.00104801
  endloop
 endfacet

 facet normal -0.31864 -0.331249 0.888112
  outer loop
  vertex 0.0076858899999999999 -0.0012522100000000001 0.0027419699999999998
  vertex 0.0076858899999999999 -0.0008492459999999999 0.0028922699999999997
  vertex 0.00198263 -0.000307724 0.00104801
  endloop
 endfacet

 facet normal -0.252638 -0.338128 0.906556
  outer loop
  vertex 0.0076858899999999999 -0.0012522100000000001 0.0027419699999999998
  vertex 0.0172239 -0.0022894199999999999 0.0050131400000000001
  vertex 0.0076858899999999999 -0.0008492459999999999 0.0028922699999999997
  endloop
 endfacet

 facet normal -0.252638 -0.338128 0.906556
  outer loop
  vertex 0.0172239 -0.0022894199999999999 0.0050131400000000001
  vertex 0.0172239 -0.0015526800000000001 0.0052879300000000006
  vertex 0.0076858899999999999 -0.0008492459999999999 0.0028922699999999997
  endloop
 endfacet

 facet normal -0.214851 -0.341303 0.915069
  outer loop
  vertex 0.0172239 -0.0022894199999999999 0.0050131400000000001
  vertex 0.030448200000000002 -0.00350103 0.0076661900000000007
  vertex 0.0172239 -0.0015526800000000001 0.0052879300000000006
  endloop
 endfacet

 facet normal -0.214851 -0.341303 0.915069
  outer loop
  vertex 0.030448200000000002 -0.00350103 0.0076661900000000007
  vertex 0.030448200000000002 -0.0023743799999999997 0.0080864100000000005
  vertex 0.0172239 -0.0015526800000000001 0.0052879300000000006
  endloop
 endfacet

 facet normal -0.179422 -0.343793 0.921745
  outer loop
  vertex 0.030448200000000002 -0.00350103 0.0076661900000000007
  vertex 0.067412200000000005 -0.0063087299999999994 0.0138142
  vertex 0.030448200000000002 -0.0023743799999999997 0.0080864100000000005
  endloop
 endfacet

 facet normal -0.179422 -0.343793 0.921745
  outer loop
  vertex 0.067412200000000005 -0.0063087299999999994 0.0138142
  vertex 0.067412200000000005 -0.0042785499999999999 0.0145714
  vertex 0.030448200000000002 -0.0023743799999999997 0.0080864100000000005
  endloop
 endfacet

 facet normal -0.151585 -0.345426 0.926123
  outer loop
  vertex 0.067412200000000005 -0.0063087299999999994 0.0138142
  vertex 0.110301 -0.0090480300000000003 0.019812400000000001
  vertex 0.067412200000000005 -0.0042785499999999999 0.0145714
  endloop
 endfacet

 facet normal -0.151585 -0.345426 0.926123
  outer loop
  vertex 0.110301 -0.0090480300000000003 0.019812400000000001
  vertex 0.110301 -0.0061363299999999997 0.020898399999999998
  vertex 0.067412200000000005 -0.0042785499999999999 0.0145714
  endloop
 endfacet

 facet normal -0.130885 -0.346458 0.92889
  outer loop
  vertex 0.110301 -0.0090480300000000003 0.019812400000000001
  vertex 0.17777199999999999 -0.0127578 0.027935700000000001
  vertex 0.110301 -0.0061363299999999997 0.020898399999999998
  endloop
 endfacet

 facet normal -0.130885 -0.346458 0.92889
  outer loop
  vertex 0.17777199999999999 -0.0127578 0.027935700000000001
  vertex 0.17777199999999999 -0.00865228 0.029467
  vertex 0.110301 -0.0061363299999999997 0.020898399999999998
  endloop
 endfacet

 facet normal -0.11418 -0.347179 0.930822
  outer loop
  vertex 0.17777199999999999 -0.0127578 0.027935700000000001
  vertex 0.24692699999999998 -0.016068000000000002 0.035184
  vertex 0.17777199999999999 -0.00865228 0.029467
  endloop
 endfacet

 facet normal -0.11418 -0.347179 0.930822
  outer loop
  vertex 0.24692699999999998 -0.016068000000000002 0.035184
  vertex 0.24692699999999998 -0.010897199999999999 0.0371125
  vertex 0.17777199999999999 -0.00865228 0.029467
  endloop
 endfacet

 facet normal -0.101207 -0.34767 0.932139
  outer loop
  vertex 0.24692699999999998 -0.016068000000000002 0.035184
  vertex 0.32196399999999997 -0.0192471 0.042145299999999997
  vertex 0.24692699999999998 -0.010897199999999999 0.0371125
  endloop
 endfacet

 facet normal -0.101207 -0.34767 0.932139
  outer loop
  vertex 0.32196399999999997 -0.0192471 0.042145299999999997
  vertex 0.32196399999999997 -0.0130533 0.044455500000000002
  vertex 0.24692699999999998 -0.010897199999999999 0.0371125
  endloop
 endfacet

 facet normal -0.089803 -0.348052 0.933164
  outer loop
  vertex 0.32196399999999997 -0.0192471 0.042145299999999997
  vertex 0.40000000000000002 -0.022177600000000002 0.048562100000000004
  vertex 0.32196399999999997 -0.0130533 0.044455500000000002
  endloop
 endfacet

 facet normal -0.089803 -0.348052 0.933164
  outer loop
  vertex 0.40000000000000002 -0.022177600000000002 0.048562100000000004
  vertex 0.40000000000000002 -0.015040699999999999 0.051223999999999999
  vertex 0.32196399999999997 -0.0130533 0.044455500000000002
  endloop
 endfacet

 facet normal -0.0793201 -0.348363 0.933998
  outer loop
  vertex 0.40000000000000002 -0.022177600000000002 0.048562100000000004
  vertex 0.47803600000000002 -0.0247636 0.054224800000000004
  vertex 0.40000000000000002 -0.015040699999999999 0.051223999999999999
  endloop
 endfacet

 facet normal -0.0793201 -0.348363 0.933998
  outer loop
  vertex 0.47803600000000002 -0.0247636 0.054224800000000004
  vertex 0.47803600000000002 -0.0167946 0.057197100000000001
  vertex 0.40000000000000002 -0.015040699999999999 0.051223999999999999
  endloop
 endfacet

 facet normal -0.069323 -0.348624 0.934696
  outer loop
  vertex 0.47803600000000002 -0.0247636 0.054224800000000004
  vertex 0.55307299999999993 -0.026935300000000002 0.058980100000000001
  vertex 0.47803600000000002 -0.0167946 0.057197100000000001
  endloop
 endfacet

 facet normal -0.0693229 -0.348623 0.934696
  outer loop
  vertex 0.55307299999999993 -0.026935300000000002 0.058980100000000001
  vertex 0.55307299999999993 -0.0182674 0.062213000000000004
  vertex 0.47803600000000002 -0.0167946 0.057197100000000001
  endloop
 endfacet

 facet normal -0.0594944 -0.348845 0.93529
  outer loop
  vertex 0.55307299999999993 -0.026935300000000002 0.058980100000000001
  vertex 0.622228 -0.028651900000000001 0.062738799999999997
  vertex 0.55307299999999993 -0.0182674 0.062213000000000004
  endloop
 endfacet

 facet normal -0.0594944 -0.348845 0.93529
  outer loop
  vertex 0.622228 -0.028651900000000001 0.062738799999999997
  vertex 0.622228 -0.0194316 0.066177800000000009
  vertex 0.55307299999999993 -0.0182674 0.062213000000000004
  endloop
 endfacet

 facet normal -0.0472526 -0.349074 0.935903
  outer loop
  vertex 0.622228 -0.028651900000000001 0.062738799999999997
  vertex 0.70920399999999995 -0.030365400000000001 0.066490999999999995
  vertex 0.622228 -0.0194316 0.066177800000000009
  endloop
 endfacet

 facet normal -0.0472526 -0.349074 0.935903
  outer loop
  vertex 0.70920399999999995 -0.030365400000000001 0.066490999999999995
  vertex 0.70920399999999995 -0.0205937 0.070135699999999995
  vertex 0.622228 -0.0194316 0.066177800000000009
  endloop
 endfacet

 facet normal -0.0319093 -0.349286 0.936473
  outer loop
  vertex 0.70920399999999995 -0.030365400000000001 0.066490999999999995
  vertex 0.76955200000000001 -0.031167799999999999 0.068248000000000003
  vertex 0.70920399999999995 -0.0205937 0.070135699999999995
  endloop
 endfacet

 facet normal -0.0319093 -0.349286 0.936473
  outer loop
  vertex 0.76955200000000001 -0.031167799999999999 0.068248000000000003
  vertex 0.76955200000000001 -0.021137899999999998 0.071988999999999997
  vertex 0.70920399999999995 -0.0205937 0.070135699999999995
  endloop
 endfacet

 facet normal -0.0156291 -0.349421 0.936835
  outer loop
  vertex 0.76955200000000001 -0.031167799999999999 0.068248000000000003
  vertex 0.79961900000000008 -0.031363599999999998 0.06867659999999999
  vertex 0.76955200000000001 -0.021137899999999998 0.071988999999999997
  endloop
 endfacet

 facet normal -0.0156291 -0.349421 0.936835
  outer loop
  vertex 0.79961900000000008 -0.031363599999999998 0.06867659999999999
  vertex 0.79961900000000008 -0.021270600000000001 0.072441100000000008
  vertex 0.76955200000000001 -0.021137899999999998 0.071988999999999997
  endloop
 endfacet

 facet normal -0.330765 -0.329794 0.884212
  outer loop
  vertex 0.79961900000000008 -0.031363599999999998 0.06867659999999999
  vertex 0.80000000000000004 -0.0291737 0.069635799999999998
  vertex 0.79961900000000008 -0.021270600000000001 0.072441100000000008
  endloop
 endfacet

 facet normal -0.703551 -0.340575 0.623718
  outer loop
  vertex 1.05538E-05 -1.1641800000000001E-05 1.8114899999999998E-05
  vertex 0.00013818700000000001 -8.0131199999999996E-05 0.00012468700000000001
  vertex 1.05538E-05 -8.9452399999999998E-06 1.9587299999999998E-05
  endloop
 endfacet

 facet normal -0.703551 -0.340575 0.623718
  outer loop
  vertex 0.00013818700000000001 -8.0131199999999996E-05 0.00012468700000000001
  vertex 0.00013818700000000001 -6.1570900000000004E-05 0.000134821
  vertex 1.05538E-05 -8.9452399999999998E-06 1.9587299999999998E-05
  endloop
 endfacet

 facet normal -0.454697 -0.426841 0.781702
  outer loop
  vertex 0.00013818700000000001 -8.0131199999999996E-05 0.00012468700000000001
  vertex 0.00198263 -0.00059051699999999993 0.00091886300000000001
  vertex 0.00013818700000000001 -6.1570900000000004E-05 0.000134821
  endloop
 endfacet

 facet normal -0.454697 -0.426841 0.781702
  outer loop
  vertex 0.00198263 -0.00059051699999999993 0.00091886300000000001
  vertex 0.00198263 -0.00045373899999999999 0.00099354900000000004
  vertex 0.00013818700000000001 -6.1570900000000004E-05 0.000134821
  endloop
 endfacet

 facet normal -0.31864 -0.454269 0.831931
  outer loop
  vertex 0.00198263 -0.00059051699999999993 0.00091886300000000001
  vertex 0.0076858899999999999 -0.00162969 0.0025358500000000001
  vertex 0.00198263 -0.00045373899999999999 0.00099354900000000004
  endloop
 endfacet

 facet normal -0.31864 -0.454269 0.831931
  outer loop
  vertex 0.0076858899999999999 -0.00162969 0.0025358500000000001
  vertex 0.0076858899999999999 -0.0012522100000000001 0.0027419699999999998
  vertex 0.00198263 -0.00045373899999999999 0.00099354900000000004
  endloop
 endfacet

 facet normal -0.252638 -0.463702 0.849208
  outer loop
  vertex 0.0076858899999999999 -0.00162969 0.0025358500000000001
  vertex 0.0172239 -0.00297957 0.0046362899999999995
  vertex 0.0076858899999999999 -0.0012522100000000001 0.0027419699999999998
  endloop
 endfacet

 facet normal -0.252638 -0.463702 0.849208
  outer loop
  vertex 0.0172239 -0.00297957 0.0046362899999999995
  vertex 0.0172239 -0.0022894199999999999 0.0050131400000000001
  vertex 0.0076858899999999999 -0.0012522100000000001 0.0027419699999999998
  endloop
 endfacet

 facet normal -0.214851 -0.468057 0.857183
  outer loop
  vertex 0.0172239 -0.00297957 0.0046362899999999995
  vertex 0.030448200000000002 -0.0045564099999999995 0.0070899099999999996
  vertex 0.0172239 -0.0022894199999999999 0.0050131400000000001
  endloop
 endfacet

 facet normal -0.214851 -0.468057 0.857183
  outer loop
  vertex 0.030448200000000002 -0.0045564099999999995 0.0070899099999999996
  vertex 0.030448200000000002 -0.00350103 0.0076661900000000007
  vertex 0.0172239 -0.0022894199999999999 0.0050131400000000001
  endloop
 endfacet

 facet normal -0.179422 -0.471472 0.863436
  outer loop
  vertex 0.030448200000000002 -0.0045564099999999995 0.0070899099999999996
  vertex 0.067412200000000005 -0.0082104800000000009 0.0127758
  vertex 0.030448200000000002 -0.00350103 0.0076661900000000007
  endloop
 endfacet

 facet normal -0.179422 -0.471472 0.863436
  outer loop
  vertex 0.067412200000000005 -0.0082104800000000009 0.0127758
  vertex 0.067412200000000005 -0.0063087299999999994 0.0138142
  vertex 0.030448200000000002 -0.00350103 0.0076661900000000007
  endloop
 endfacet

 facet normal -0.151585 -0.473711 0.867537
  outer loop
  vertex 0.067412200000000005 -0.0082104800000000009 0.0127758
  vertex 0.110301 -0.0117755 0.018323100000000002
  vertex 0.067412200000000005 -0.0063087299999999994 0.0138142
  endloop
 endfacet

 facet normal -0.151585 -0.473711 0.867537
  outer loop
  vertex 0.110301 -0.0117755 0.018323100000000002
  vertex 0.110301 -0.0090480300000000003 0.019812400000000001
  vertex 0.067412200000000005 -0.0063087299999999994 0.0138142
  endloop
 endfacet

 facet normal -0.130885 -0.475126 0.870129
  outer loop
  vertex 0.110301 -0.0117755 0.018323100000000002
  vertex 0.17777199999999999 -0.0166036 0.0258357
  vertex 0.110301 -0.0090480300000000003 0.019812400000000001
  endloop
 endfacet

 facet normal -0.130885 -0.475126 0.870129
  outer loop
  vertex 0.17777199999999999 -0.0166036 0.0258357
  vertex 0.17777199999999999 -0.0127578 0.027935700000000001
  vertex 0.110301 -0.0090480300000000003 0.019812400000000001
  endloop
 endfacet

 facet normal -0.11418 -0.476115 0.871939
  outer loop
  vertex 0.17777199999999999 -0.0166036 0.0258357
  vertex 0.24692699999999998 -0.020911599999999999 0.032539099999999994
  vertex 0.17777199999999999 -0.0127578 0.027935700000000001
  endloop
 endfacet

 facet normal -0.11418 -0.476115 0.871939
  outer loop
  vertex 0.24692699999999998 -0.020911599999999999 0.032539099999999994
  vertex 0.24692699999999998 -0.016068000000000002 0.035184
  vertex 0.17777199999999999 -0.0127578 0.027935700000000001
  endloop
 endfacet

 facet normal -0.101207 -0.476788 0.873173
  outer loop
  vertex 0.24692699999999998 -0.020911599999999999 0.032539099999999994
  vertex 0.32196399999999997 -0.025049099999999998 0.038977200000000004
  vertex 0.24692699999999998 -0.016068000000000002 0.035184
  endloop
 endfacet

 facet normal -0.101207 -0.476788 0.873173
  outer loop
  vertex 0.32196399999999997 -0.025049099999999998 0.038977200000000004
  vertex 0.32196399999999997 -0.0192471 0.042145299999999997
  vertex 0.24692699999999998 -0.016068000000000002 0.035184
  endloop
 endfacet

 facet normal -0.089803 -0.477313 0.874133
  outer loop
  vertex 0.32196399999999997 -0.025049099999999998 0.038977200000000004
  vertex 0.40000000000000002 -0.028863 0.044911600000000003
  vertex 0.32196399999999997 -0.0192471 0.042145299999999997
  endloop
 endfacet

 facet normal -0.089803 -0.477313 0.874133
  outer loop
  vertex 0.40000000000000002 -0.028863 0.044911600000000003
  vertex 0.40000000000000002 -0.022177600000000002 0.048562100000000004
  vertex 0.32196399999999997 -0.0192471 0.042145299999999997
  endloop
 endfacet

 facet normal -0.0793202 -0.477739 0.874913
  outer loop
  vertex 0.40000000000000002 -0.028863 0.044911600000000003
  vertex 0.47803600000000002 -0.032228600000000003 0.050148699999999997
  vertex 0.40000000000000002 -0.022177600000000002 0.048562100000000004
  endloop
 endfacet

 facet normal -0.0793201 -0.477739 0.874914
  outer loop
  vertex 0.47803600000000002 -0.032228600000000003 0.050148699999999997
  vertex 0.47803600000000002 -0.0247636 0.054224800000000004
  vertex 0.40000000000000002 -0.022177600000000002 0.048562100000000004
  endloop
 endfacet

 facet normal -0.069323 -0.478096 0.875567
  outer loop
  vertex 0.47803600000000002 -0.032228600000000003 0.050148699999999997
  vertex 0.55307299999999993 -0.035054900000000007 0.054546500000000005
  vertex 0.47803600000000002 -0.0247636 0.054224800000000004
  endloop
 endfacet

 facet normal -0.069323 -0.478096 0.875567
  outer loop
  vertex 0.55307299999999993 -0.035054900000000007 0.054546500000000005
  vertex 0.55307299999999993 -0.026935300000000002 0.058980100000000001
  vertex 0.47803600000000002 -0.0247636 0.054224800000000004
  endloop
 endfacet

 facet normal -0.0594944 -0.4784 0.876124
  outer loop
  vertex 0.55307299999999993 -0.035054900000000007 0.054546500000000005
  vertex 0.622228 -0.0372889 0.058022599999999994
  vertex 0.55307299999999993 -0.026935300000000002 0.058980100000000001
  endloop
 endfacet

 facet normal -0.0594944 -0.4784 0.876124
  outer loop
  vertex 0.622228 -0.0372889 0.058022599999999994
  vertex 0.622228 -0.028651900000000001 0.062738799999999997
  vertex 0.55307299999999993 -0.026935300000000002 0.058980100000000001
  endloop
 endfacet

 facet normal -0.0472526 -0.478714 0.876699
  outer loop
  vertex 0.622228 -0.0372889 0.058022599999999994
  vertex 0.70920399999999995 -0.039518999999999999 0.0614928
  vertex 0.622228 -0.028651900000000001 0.062738799999999997
  endloop
 endfacet

 facet normal -0.0472526 -0.478714 0.876699
  outer loop
  vertex 0.70920399999999995 -0.039518999999999999 0.0614928
  vertex 0.70920399999999995 -0.030365400000000001 0.066490999999999995
  vertex 0.622228 -0.028651900000000001 0.062738799999999997
  endloop
 endfacet

 facet normal -0.0319093 -0.479005 0.877232
  outer loop
  vertex 0.70920399999999995 -0.039518999999999999 0.0614928
  vertex 0.76955200000000001 -0.040563299999999997 0.063117699999999999
  vertex 0.70920399999999995 -0.030365400000000001 0.066490999999999995
  endloop
 endfacet

 facet normal -0.0319093 -0.479005 0.877232
  outer loop
  vertex 0.76955200000000001 -0.040563299999999997 0.063117699999999999
  vertex 0.76955200000000001 -0.031167799999999999 0.068248000000000003
  vertex 0.70920399999999995 -0.030365400000000001 0.066490999999999995
  endloop
 endfacet

 facet normal -0.0156292 -0.47919 0.877572
  outer loop
  vertex 0.76955200000000001 -0.040563299999999997 0.063117699999999999
  vertex 0.79961900000000008 -0.040818 0.063514100000000004
  vertex 0.76955200000000001 -0.031167799999999999 0.068248000000000003
  endloop
 endfacet

 facet normal -0.0156292 -0.47919 0.877572
  outer loop
  vertex 0.79961900000000008 -0.040818 0.063514100000000004
  vertex 0.79961900000000008 -0.031363599999999998 0.06867659999999999
  vertex 0.76955200000000001 -0.031167799999999999 0.068248000000000003
  endloop
 endfacet

 facet normal -0.423669 -0.434112 0.795017
  outer loop
  vertex 0.79961900000000008 -0.040818 0.063514100000000004
  vertex 0.80000000000000004 -0.037495000000000001 0.065531499999999993
  vertex 0.79961900000000008 -0.031363599999999998 0.06867659999999999
  endloop
 endfacet

 facet normal -0.703551 -0.425874 0.5689
  outer loop
  vertex 1.05538E-05 -1.41013E-05 1.62737E-05
  vertex 0.00013818700000000001 -9.706040000000001E-05 0.000112014
  vertex 1.05538E-05 -1.1641800000000001E-05 1.8114899999999998E-05
  endloop
 endfacet

 facet normal -0.703551 -0.425873 0.5689
  outer loop
  vertex 0.00013818700000000001 -9.706040000000001E-05 0.000112014
  vertex 0.00013818700000000001 -8.0131199999999996E-05 0.00012468700000000001
  vertex 1.05538E-05 -1.1641800000000001E-05 1.8114899999999998E-05
  endloop
 endfacet

 facet normal -0.454697 -0.533744 0.712999
  outer loop
  vertex 0.00013818700000000001 -9.706040000000001E-05 0.000112014
  vertex 0.00198263 -0.00071527400000000001 0.00082547099999999993
  vertex 0.00013818700000000001 -8.0131199999999996E-05 0.00012468700000000001
  endloop
 endfacet

 facet normal -0.454697 -0.533744 0.712999
  outer loop
  vertex 0.00198263 -0.00071527400000000001 0.00082547099999999993
  vertex 0.00198263 -0.00059051699999999993 0.00091886300000000001
  vertex 0.00013818700000000001 -8.0131199999999996E-05 0.00012468700000000001
  endloop
 endfacet

 facet normal -0.31864 -0.568041 0.758814
  outer loop
  vertex 0.00198263 -0.00071527400000000001 0.00082547099999999993
  vertex 0.0076858899999999999 -0.0019739900000000001 0.0022781099999999999
  vertex 0.00198263 -0.00059051699999999993 0.00091886300000000001
  endloop
 endfacet

 facet normal -0.31864 -0.568041 0.758814
  outer loop
  vertex 0.0076858899999999999 -0.0019739900000000001 0.0022781099999999999
  vertex 0.0076858899999999999 -0.00162969 0.0025358500000000001
  vertex 0.00198263 -0.00059051699999999993 0.00091886300000000001
  endloop
 endfacet

 facet normal -0.252638 -0.579838 0.774572
  outer loop
  vertex 0.0076858899999999999 -0.0019739900000000001 0.0022781099999999999
  vertex 0.0172239 -0.0036090499999999999 0.0041650699999999999
  vertex 0.0076858899999999999 -0.00162969 0.0025358500000000001
  endloop
 endfacet

 facet normal -0.252638 -0.579838 0.774572
  outer loop
  vertex 0.0172239 -0.0036090499999999999 0.0041650699999999999
  vertex 0.0172239 -0.00297957 0.0046362899999999995
  vertex 0.0076858899999999999 -0.00162969 0.0025358500000000001
  endloop
 endfacet

 facet normal -0.214851 -0.585283 0.781846
  outer loop
  vertex 0.0172239 -0.0036090499999999999 0.0041650699999999999
  vertex 0.030448200000000002 -0.0055190300000000003 0.0063692999999999996
  vertex 0.0172239 -0.00297957 0.0046362899999999995
  endloop
 endfacet

 facet normal -0.214851 -0.585283 0.781846
  outer loop
  vertex 0.030448200000000002 -0.0055190300000000003 0.0063692999999999996
  vertex 0.030448200000000002 -0.0045564099999999995 0.0070899099999999996
  vertex 0.0172239 -0.00297957 0.0046362899999999995
  endloop
 endfacet

 facet normal -0.179422 -0.589553 0.78755
  outer loop
  vertex 0.030448200000000002 -0.0055190300000000003 0.0063692999999999996
  vertex 0.067412200000000005 -0.0099450900000000002 0.011477299999999999
  vertex 0.030448200000000002 -0.0045564099999999995 0.0070899099999999996
  endloop
 endfacet

 facet normal -0.179422 -0.589553 0.78755
  outer loop
  vertex 0.067412200000000005 -0.0099450900000000002 0.011477299999999999
  vertex 0.067412200000000005 -0.0082104800000000009 0.0127758
  vertex 0.030448200000000002 -0.0045564099999999995 0.0070899099999999996
  endloop
 endfacet

 facet normal -0.151585 -0.592353 0.79129
  outer loop
  vertex 0.067412200000000005 -0.0099450900000000002 0.011477299999999999
  vertex 0.110301 -0.0142633 0.016460799999999998
  vertex 0.067412200000000005 -0.0082104800000000009 0.0127758
  endloop
 endfacet

 facet normal -0.151585 -0.592353 0.79129
  outer loop
  vertex 0.110301 -0.0142633 0.016460799999999998
  vertex 0.110301 -0.0117755 0.018323100000000002
  vertex 0.067412200000000005 -0.0082104800000000009 0.0127758
  endloop
 endfacet

 facet normal -0.130885 -0.594123 0.793655
  outer loop
  vertex 0.110301 -0.0142633 0.016460799999999998
  vertex 0.17777199999999999 -0.020111399999999998 0.023209800000000003
  vertex 0.110301 -0.0117755 0.018323100000000002
  endloop
 endfacet

 facet normal -0.130885 -0.594123 0.793655
  outer loop
  vertex 0.17777199999999999 -0.020111399999999998 0.023209800000000003
  vertex 0.17777199999999999 -0.0166036 0.0258357
  vertex 0.110301 -0.0117755 0.018323100000000002
  endloop
 endfacet

 facet normal -0.11418 -0.595359 0.795306
  outer loop
  vertex 0.17777199999999999 -0.020111399999999998 0.023209800000000003
  vertex 0.24692699999999998 -0.025329600000000001 0.029231899999999998
  vertex 0.17777199999999999 -0.0166036 0.0258357
  endloop
 endfacet

 facet normal -0.11418 -0.595359 0.795306
  outer loop
  vertex 0.24692699999999998 -0.025329600000000001 0.029231899999999998
  vertex 0.24692699999999998 -0.020911599999999999 0.032539099999999994
  vertex 0.17777199999999999 -0.0166036 0.0258357
  endloop
 endfacet

 facet normal -0.101207 -0.596201 0.796431
  outer loop
  vertex 0.24692699999999998 -0.025329600000000001 0.029231899999999998
  vertex 0.32196399999999997 -0.030341200000000002 0.035015600000000001
  vertex 0.24692699999999998 -0.020911599999999999 0.032539099999999994
  endloop
 endfacet

 facet normal -0.101207 -0.596201 0.796431
  outer loop
  vertex 0.32196399999999997 -0.030341200000000002 0.035015600000000001
  vertex 0.32196399999999997 -0.025049099999999998 0.038977200000000004
  vertex 0.24692699999999998 -0.020911599999999999 0.032539099999999994
  endloop
 endfacet

 facet normal -0.089803 -0.596856 0.797307
  outer loop
  vertex 0.32196399999999997 -0.030341200000000002 0.035015600000000001
  vertex 0.40000000000000002 -0.0349608 0.040346899999999998
  vertex 0.32196399999999997 -0.025049099999999998 0.038977200000000004
  endloop
 endfacet

 facet normal -0.089803 -0.596856 0.797307
  outer loop
  vertex 0.40000000000000002 -0.0349608 0.040346899999999998
  vertex 0.40000000000000002 -0.028863 0.044911600000000003
  vertex 0.32196399999999997 -0.025049099999999998 0.038977200000000004
  endloop
 endfacet

 facet normal -0.0793202 -0.59739 0.798019
  outer loop
  vertex 0.40000000000000002 -0.0349608 0.040346899999999998
  vertex 0.47803600000000002 -0.0390374 0.045051599999999997
  vertex 0.40000000000000002 -0.028863 0.044911600000000003
  endloop
 endfacet

 facet normal -0.0793202 -0.597389 0.798019
  outer loop
  vertex 0.47803600000000002 -0.0390374 0.045051599999999997
  vertex 0.47803600000000002 -0.032228600000000003 0.050148699999999997
  vertex 0.40000000000000002 -0.028863 0.044911600000000003
  endloop
 endfacet

 facet normal -0.0693229 -0.597836 0.798616
  outer loop
  vertex 0.47803600000000002 -0.0390374 0.045051599999999997
  vertex 0.55307299999999993 -0.0424608 0.049002400000000002
  vertex 0.47803600000000002 -0.032228600000000003 0.050148699999999997
  endloop
 endfacet

 facet normal -0.069323 -0.597836 0.798616
  outer loop
  vertex 0.55307299999999993 -0.0424608 0.049002400000000002
  vertex 0.55307299999999993 -0.035054900000000007 0.054546500000000005
  vertex 0.47803600000000002 -0.032228600000000003 0.050148699999999997
  endloop
 endfacet

 facet normal -0.0594944 -0.598216 0.799123
  outer loop
  vertex 0.55307299999999993 -0.0424608 0.049002400000000002
  vertex 0.622228 -0.0451668 0.052125299999999999
  vertex 0.55307299999999993 -0.035054900000000007 0.054546500000000005
  endloop
 endfacet

 facet normal -0.0594944 -0.598216 0.799123
  outer loop
  vertex 0.622228 -0.0451668 0.052125299999999999
  vertex 0.622228 -0.0372889 0.058022599999999994
  vertex 0.55307299999999993 -0.035054900000000007 0.054546500000000005
  endloop
 endfacet

 facet normal -0.0472526 -0.598608 0.799647
  outer loop
  vertex 0.622228 -0.0451668 0.052125299999999999
  vertex 0.70920399999999995 -0.047868099999999997 0.055242699999999999
  vertex 0.622228 -0.0372889 0.058022599999999994
  endloop
 endfacet

 facet normal -0.0472526 -0.598608 0.799647
  outer loop
  vertex 0.70920399999999995 -0.047868099999999997 0.055242699999999999
  vertex 0.70920399999999995 -0.039518999999999999 0.0614928
  vertex 0.622228 -0.0372889 0.058022599999999994
  endloop
 endfacet

 facet normal -0.0319094 -0.598973 0.800133
  outer loop
  vertex 0.70920399999999995 -0.047868099999999997 0.055242699999999999
  vertex 0.76955200000000001 -0.049133000000000003 0.056702500000000003
  vertex 0.70920399999999995 -0.039518999999999999 0.0614928
  endloop
 endfacet

 facet normal -0.0319093 -0.598973 0.800133
  outer loop
  vertex 0.76955200000000001 -0.049133000000000003 0.056702500000000003
  vertex 0.76955200000000001 -0.040563299999999997 0.063117699999999999
  vertex 0.70920399999999995 -0.039518999999999999 0.0614928
  endloop
 endfacet

 facet normal -0.0156293 -0.599205 0.800443
  outer loop
  vertex 0.76955200000000001 -0.049133000000000003 0.056702500000000003
  vertex 0.79961900000000008 -0.049441499999999999 0.057058600000000001
  vertex 0.76955200000000001 -0.040563299999999997 0.063117699999999999
  endloop
 endfacet

 facet normal -0.0156292 -0.599204 0.800443
  outer loop
  vertex 0.79961900000000008 -0.049441499999999999 0.057058600000000001
  vertex 0.79961900000000008 -0.040818 0.063514100000000004
  vertex 0.76955200000000001 -0.040563299999999997 0.063117699999999999
  endloop
 endfacet

 facet normal -0.452194 -0.534507 0.714018
  outer loop
  vertex 0.79961900000000008 -0.049441499999999999 0.057058600000000001
  vertex 0.80000000000000004 -0.045250100000000001 0.060437399999999995
  vertex 0.79961900000000008 -0.040818 0.063514100000000004
  endloop
 endfacet

 facet normal -0.703551 -0.502501 0.502501
  outer loop
  vertex 1.05538E-05 -1.62737E-05 1.41013E-05
  vertex 0.00013818700000000001 -0.000112014 9.706040000000001E-05
  vertex 1.05538E-05 -1.41013E-05 1.62737E-05
  endloop
 endfacet

 facet normal -0.703551 -0.502501 0.502501
  outer loop
  vertex 0.00013818700000000001 -0.000112014 9.706040000000001E-05
  vertex 0.00013818700000000001 -9.706040000000001E-05 0.000112014
  vertex 1.05538E-05 -1.41013E-05 1.62737E-05
  endloop
 endfacet

 facet normal -0.454697 -0.629782 0.629782
  outer loop
  vertex 0.00013818700000000001 -0.000112014 9.706040000000001E-05
  vertex 0.00198263 -0.00082547099999999993 0.00071527400000000001
  vertex 0.00013818700000000001 -9.706040000000001E-05 0.000112014
  endloop
 endfacet

 facet normal -0.454697 -0.629782 0.629782
  outer loop
  vertex 0.00198263 -0.00082547099999999993 0.00071527400000000001
  vertex 0.00198263 -0.00071527400000000001 0.00082547099999999993
  vertex 0.00013818700000000001 -9.706040000000001E-05 0.000112014
  endloop
 endfacet

 facet normal -0.31864 -0.670249 0.670249
  outer loop
  vertex 0.00198263 -0.00082547099999999993 0.00071527400000000001
  vertex 0.0076858899999999999 -0.0022781099999999999 0.0019739900000000001
  vertex 0.00198263 -0.00071527400000000001 0.00082547099999999993
  endloop
 endfacet

 facet normal -0.31864 -0.670249 0.670249
  outer loop
  vertex 0.0076858899999999999 -0.0022781099999999999 0.0019739900000000001
  vertex 0.0076858899999999999 -0.0019739900000000001 0.0022781099999999999
  vertex 0.00198263 -0.00071527400000000001 0.00082547099999999993
  endloop
 endfacet

 facet normal -0.252638 -0.684169 0.684169
  outer loop
  vertex 0.0076858899999999999 -0.0022781099999999999 0.0019739900000000001
  vertex 0.0172239 -0.0041650699999999999 0.0036090499999999999
  vertex 0.0076858899999999999 -0.0019739900000000001 0.0022781099999999999
  endloop
 endfacet

 facet normal -0.252638 -0.684169 0.684169
  outer loop
  vertex 0.0172239 -0.0041650699999999999 0.0036090499999999999
  vertex 0.0172239 -0.0036090499999999999 0.0041650699999999999
  vertex 0.0076858899999999999 -0.0019739900000000001 0.0022781099999999999
  endloop
 endfacet

 facet normal -0.214851 -0.690594 0.690594
  outer loop
  vertex 0.0172239 -0.0041650699999999999 0.0036090499999999999
  vertex 0.030448200000000002 -0.0063692999999999996 0.0055190300000000003
  vertex 0.0172239 -0.0036090499999999999 0.0041650699999999999
  endloop
 endfacet

 facet normal -0.214851 -0.690594 0.690594
  outer loop
  vertex 0.030448200000000002 -0.0063692999999999996 0.0055190300000000003
  vertex 0.030448200000000002 -0.0055190300000000003 0.0063692999999999996
  vertex 0.0172239 -0.0036090499999999999 0.0041650699999999999
  endloop
 endfacet

 facet normal -0.179422 -0.695632 0.695632
  outer loop
  vertex 0.030448200000000002 -0.0063692999999999996 0.0055190300000000003
  vertex 0.067412200000000005 -0.011477299999999999 0.0099450900000000002
  vertex 0.030448200000000002 -0.0055190300000000003 0.0063692999999999996
  endloop
 endfacet

 facet normal -0.179422 -0.695632 0.695632
  outer loop
  vertex 0.067412200000000005 -0.011477299999999999 0.0099450900000000002
  vertex 0.067412200000000005 -0.0099450900000000002 0.011477299999999999
  vertex 0.030448200000000002 -0.0055190300000000003 0.0063692999999999996
  endloop
 endfacet

 facet normal -0.151585 -0.698936 0.698936
  outer loop
  vertex 0.067412200000000005 -0.011477299999999999 0.0099450900000000002
  vertex 0.110301 -0.016460799999999998 0.0142633
  vertex 0.067412200000000005 -0.0099450900000000002 0.011477299999999999
  endloop
 endfacet

 facet normal -0.151585 -0.698936 0.698936
  outer loop
  vertex 0.110301 -0.016460799999999998 0.0142633
  vertex 0.110301 -0.0142633 0.016460799999999998
  vertex 0.067412200000000005 -0.0099450900000000002 0.011477299999999999
  endloop
 endfacet

 facet normal -0.130885 -0.701024 0.701024
  outer loop
  vertex 0.110301 -0.016460799999999998 0.0142633
  vertex 0.17777199999999999 -0.023209800000000003 0.020111399999999998
  vertex 0.110301 -0.0142633 0.016460799999999998
  endloop
 endfacet

 facet normal -0.130885 -0.701024 0.701024
  outer loop
  vertex 0.17777199999999999 -0.023209800000000003 0.020111399999999998
  vertex 0.17777199999999999 -0.020111399999999998 0.023209800000000003
  vertex 0.110301 -0.0142633 0.016460799999999998
  endloop
 endfacet

 facet normal -0.11418 -0.702482 0.702482
  outer loop
  vertex 0.17777199999999999 -0.023209800000000003 0.020111399999999998
  vertex 0.24692699999999998 -0.029231899999999998 0.025329600000000001
  vertex 0.17777199999999999 -0.020111399999999998 0.023209800000000003
  endloop
 endfacet

 facet normal -0.11418 -0.702482 0.702482
  outer loop
  vertex 0.24692699999999998 -0.029231899999999998 0.025329600000000001
  vertex 0.24692699999999998 -0.025329600000000001 0.029231899999999998
  vertex 0.17777199999999999 -0.020111399999999998 0.023209800000000003
  endloop
 endfacet

 facet normal -0.101207 -0.703476 0.703476
  outer loop
  vertex 0.24692699999999998 -0.029231899999999998 0.025329600000000001
  vertex 0.32196399999999997 -0.035015600000000001 0.030341200000000002
  vertex 0.24692699999999998 -0.025329600000000001 0.029231899999999998
  endloop
 endfacet

 facet normal -0.101207 -0.703476 0.703476
  outer loop
  vertex 0.32196399999999997 -0.035015600000000001 0.030341200000000002
  vertex 0.32196399999999997 -0.030341200000000002 0.035015600000000001
  vertex 0.24692699999999998 -0.025329600000000001 0.029231899999999998
  endloop
 endfacet

 facet normal -0.089803 -0.70425 0.70425
  outer loop
  vertex 0.32196399999999997 -0.035015600000000001 0.030341200000000002
  vertex 0.40000000000000002 -0.040346899999999998 0.0349608
  vertex 0.32196399999999997 -0.030341200000000002 0.035015600000000001
  endloop
 endfacet

 facet normal -0.089803 -0.70425 0.70425
  outer loop
  vertex 0.40000000000000002 -0.040346899999999998 0.0349608
  vertex 0.40000000000000002 -0.0349608 0.040346899999999998
  vertex 0.32196399999999997 -0.030341200000000002 0.035015600000000001
  endloop
 endfacet

 facet normal -0.0793202 -0.704879 0.704879
  outer loop
  vertex 0.40000000000000002 -0.040346899999999998 0.0349608
  vertex 0.47803600000000002 -0.045051599999999997 0.0390374
  vertex 0.40000000000000002 -0.0349608 0.040346899999999998
  endloop
 endfacet

 facet normal -0.0793202 -0.704879 0.704879
  outer loop
  vertex 0.47803600000000002 -0.045051599999999997 0.0390374
  vertex 0.47803600000000002 -0.0390374 0.045051599999999997
  vertex 0.40000000000000002 -0.0349608 0.040346899999999998
  endloop
 endfacet

 facet normal -0.069323 -0.705406 0.705406
  outer loop
  vertex 0.47803600000000002 -0.045051599999999997 0.0390374
  vertex 0.55307299999999993 -0.049002400000000002 0.0424608
  vertex 0.47803600000000002 -0.0390374 0.045051599999999997
  endloop
 endfacet

 facet normal -0.0693229 -0.705406 0.705406
  outer loop
  vertex 0.55307299999999993 -0.049002400000000002 0.0424608
  vertex 0.55307299999999993 -0.0424608 0.049002400000000002
  vertex 0.47803600000000002 -0.0390374 0.045051599999999997
  endloop
 endfacet

 facet normal -0.0594944 -0.705854 0.705854
  outer loop
  vertex 0.55307299999999993 -0.049002400000000002 0.0424608
  vertex 0.622228 -0.052125299999999999 0.0451668
  vertex 0.55307299999999993 -0.0424608 0.049002400000000002
  endloop
 endfacet

 facet normal -0.0594944 -0.705854 0.705854
  outer loop
  vertex 0.622228 -0.052125299999999999 0.0451668
  vertex 0.622228 -0.0451668 0.052125299999999999
  vertex 0.55307299999999993 -0.0424608 0.049002400000000002
  endloop
 endfacet

 facet normal -0.0472526 -0.706317 0.706317
  outer loop
  vertex 0.622228 -0.052125299999999999 0.0451668
  vertex 0.70920399999999995 -0.055242699999999999 0.047868099999999997
  vertex 0.622228 -0.0451668 0.052125299999999999
  endloop
 endfacet

 facet normal -0.0472526 -0.706317 0.706317
  outer loop
  vertex 0.70920399999999995 -0.055242699999999999 0.047868099999999997
  vertex 0.70920399999999995 -0.047868099999999997 0.055242699999999999
  vertex 0.622228 -0.0451668 0.052125299999999999
  endloop
 endfacet

 facet normal -0.0319094 -0.706747 0.706747
  outer loop
  vertex 0.70920399999999995 -0.055242699999999999 0.047868099999999997
  vertex 0.76955200000000001 -0.056702500000000003 0.049133000000000003
  vertex 0.70920399999999995 -0.047868099999999997 0.055242699999999999
  endloop
 endfacet

 facet normal -0.0319094 -0.706747 0.706747
  outer loop
  vertex 0.76955200000000001 -0.056702500000000003 0.049133000000000003
  vertex 0.76955200000000001 -0.049133000000000003 0.056702500000000003
  vertex 0.70920399999999995 -0.047868099999999997 0.055242699999999999
  endloop
 endfacet

 facet normal -0.0156293 -0.70702 0.70702
  outer loop
  vertex 0.76955200000000001 -0.056702500000000003 0.049133000000000003
  vertex 0.79961900000000008 -0.057058600000000001 0.049441499999999999
  vertex 0.76955200000000001 -0.049133000000000003 0.056702500000000003
  endloop
 endfacet

 facet normal -0.0156293 -0.70702 0.70702
  outer loop
  vertex 0.79961900000000008 -0.057058600000000001 0.049441499999999999
  vertex 0.79961900000000008 -0.049441499999999999 0.057058600000000001
  vertex 0.76955200000000001 -0.049133000000000003 0.056702500000000003
  endloop
 endfacet

 facet normal -0.424113 -0.640363 0.640363
  outer loop
  vertex 0.79961900000000008 -0.057058600000000001 0.049441499999999999
  vertex 0.80000000000000004 -0.052321800000000002 0.0544305
  vertex 0.79961900000000008 -0.049441499999999999 0.057058600000000001
  endloop
 endfacet

 facet normal -0.703551 -0.5689 0.425874
  outer loop
  vertex 1.05538E-05 -1.8114899999999998E-05 1.1641800000000001E-05
  vertex 0.00013818700000000001 -0.00012468700000000001 8.0131199999999996E-05
  vertex 1.05538E-05 -1.62737E-05 1.41013E-05
  endloop
 endfacet

 facet normal -0.703551 -0.5689 0.425873
  outer loop
  vertex 0.00013818700000000001 -0.00012468700000000001 8.0131199999999996E-05
  vertex 0.00013818700000000001 -0.000112014 9.706040000000001E-05
  vertex 1.05538E-05 -1.62737E-05 1.41013E-05
  endloop
 endfacet

 facet normal -0.454697 -0.712999 0.533744
  outer loop
  vertex 0.00013818700000000001 -0.00012468700000000001 8.0131199999999996E-05
  vertex 0.00198263 -0.00091886300000000001 0.00059051699999999993
  vertex 0.00013818700000000001 -0.000112014 9.706040000000001E-05
  endloop
 endfacet

 facet normal -0.454697 -0.712999 0.533744
  outer loop
  vertex 0.00198263 -0.00091886300000000001 0.00059051699999999993
  vertex 0.00198263 -0.00082547099999999993 0.00071527400000000001
  vertex 0.00013818700000000001 -0.000112014 9.706040000000001E-05
  endloop
 endfacet

 facet normal -0.31864 -0.758814 0.568041
  outer loop
  vertex 0.00198263 -0.00091886300000000001 0.00059051699999999993
  vertex 0.0076858899999999999 -0.0025358500000000001 0.00162969
  vertex 0.00198263 -0.00082547099999999993 0.00071527400000000001
  endloop
 endfacet

 facet normal -0.31864 -0.758814 0.568041
  outer loop
  vertex 0.0076858899999999999 -0.0025358500000000001 0.00162969
  vertex 0.0076858899999999999 -0.0022781099999999999 0.0019739900000000001
  vertex 0.00198263 -0.00082547099999999993 0.00071527400000000001
  endloop
 endfacet

 facet normal -0.252638 -0.774572 0.579838
  outer loop
  vertex 0.0076858899999999999 -0.0025358500000000001 0.00162969
  vertex 0.0172239 -0.0046362899999999995 0.00297957
  vertex 0.0076858899999999999 -0.0022781099999999999 0.0019739900000000001
  endloop
 endfacet

 facet normal -0.252638 -0.774572 0.579838
  outer loop
  vertex 0.0172239 -0.0046362899999999995 0.00297957
  vertex 0.0172239 -0.0041650699999999999 0.0036090499999999999
  vertex 0.0076858899999999999 -0.0022781099999999999 0.0019739900000000001
  endloop
 endfacet

 facet normal -0.214851 -0.781846 0.585283
  outer loop
  vertex 0.0172239 -0.0046362899999999995 0.00297957
  vertex 0.030448200000000002 -0.0070899099999999996 0.0045564099999999995
  vertex 0.0172239 -0.0041650699999999999 0.0036090499999999999
  endloop
 endfacet

 facet normal -0.214851 -0.781846 0.585283
  outer loop
  vertex 0.030448200000000002 -0.0070899099999999996 0.0045564099999999995
  vertex 0.030448200000000002 -0.0063692999999999996 0.0055190300000000003
  vertex 0.0172239 -0.0041650699999999999 0.0036090499999999999
  endloop
 endfacet

 facet normal -0.179422 -0.78755 0.589553
  outer loop
  vertex 0.030448200000000002 -0.0070899099999999996 0.0045564099999999995
  vertex 0.067412200000000005 -0.0127758 0.0082104800000000009
  vertex 0.030448200000000002 -0.0063692999999999996 0.0055190300000000003
  endloop
 endfacet

 facet normal -0.179422 -0.78755 0.589553
  outer loop
  vertex 0.067412200000000005 -0.0127758 0.0082104800000000009
  vertex 0.067412200000000005 -0.011477299999999999 0.0099450900000000002
  vertex 0.030448200000000002 -0.0063692999999999996 0.0055190300000000003
  endloop
 endfacet

 facet normal -0.151585 -0.79129 0.592353
  outer loop
  vertex 0.067412200000000005 -0.0127758 0.0082104800000000009
  vertex 0.110301 -0.018323100000000002 0.0117755
  vertex 0.067412200000000005 -0.011477299999999999 0.0099450900000000002
  endloop
 endfacet

 facet normal -0.151585 -0.79129 0.592353
  outer loop
  vertex 0.110301 -0.018323100000000002 0.0117755
  vertex 0.110301 -0.016460799999999998 0.0142633
  vertex 0.067412200000000005 -0.011477299999999999 0.0099450900000000002
  endloop
 endfacet

 facet normal -0.130885 -0.793655 0.594123
  outer loop
  vertex 0.110301 -0.018323100000000002 0.0117755
  vertex 0.17777199999999999 -0.0258357 0.0166036
  vertex 0.110301 -0.016460799999999998 0.0142633
  endloop
 endfacet

 facet normal -0.130885 -0.793655 0.594123
  outer loop
  vertex 0.17777199999999999 -0.0258357 0.0166036
  vertex 0.17777199999999999 -0.023209800000000003 0.020111399999999998
  vertex 0.110301 -0.016460799999999998 0.0142633
  endloop
 endfacet

 facet normal -0.11418 -0.795306 0.595359
  outer loop
  vertex 0.17777199999999999 -0.0258357 0.0166036
  vertex 0.24692699999999998 -0.032539099999999994 0.020911599999999999
  vertex 0.17777199999999999 -0.023209800000000003 0.020111399999999998
  endloop
 endfacet

 facet normal -0.11418 -0.795306 0.595359
  outer loop
  vertex 0.24692699999999998 -0.032539099999999994 0.020911599999999999
  vertex 0.24692699999999998 -0.029231899999999998 0.025329600000000001
  vertex 0.17777199999999999 -0.023209800000000003 0.020111399999999998
  endloop
 endfacet

 facet normal -0.101207 -0.796431 0.596201
  outer loop
  vertex 0.24692699999999998 -0.032539099999999994 0.020911599999999999
  vertex 0.32196399999999997 -0.038977200000000004 0.025049099999999998
  vertex 0.24692699999999998 -0.029231899999999998 0.025329600000000001
  endloop
 endfacet

 facet normal -0.101207 -0.796431 0.596201
  outer loop
  vertex 0.32196399999999997 -0.038977200000000004 0.025049099999999998
  vertex 0.32196399999999997 -0.035015600000000001 0.030341200000000002
  vertex 0.24692699999999998 -0.029231899999999998 0.025329600000000001
  endloop
 endfacet

 facet normal -0.089803 -0.797307 0.596856
  outer loop
  vertex 0.32196399999999997 -0.038977200000000004 0.025049099999999998
  vertex 0.40000000000000002 -0.044911600000000003 0.028863
  vertex 0.32196399999999997 -0.035015600000000001 0.030341200000000002
  endloop
 endfacet

 facet normal -0.089803 -0.797307 0.596856
  outer loop
  vertex 0.40000000000000002 -0.044911600000000003 0.028863
  vertex 0.40000000000000002 -0.040346899999999998 0.0349608
  vertex 0.32196399999999997 -0.035015600000000001 0.030341200000000002
  endloop
 endfacet

 facet normal -0.0793201 -0.798019 0.59739
  outer loop
  vertex 0.40000000000000002 -0.044911600000000003 0.028863
  vertex 0.47803600000000002 -0.050148699999999997 0.032228600000000003
  vertex 0.40000000000000002 -0.040346899999999998 0.0349608
  endloop
 endfacet

 facet normal -0.0793202 -0.798019 0.597389
  outer loop
  vertex 0.47803600000000002 -0.050148699999999997 0.032228600000000003
  vertex 0.47803600000000002 -0.045051599999999997 0.0390374
  vertex 0.40000000000000002 -0.040346899999999998 0.0349608
  endloop
 endfacet

 facet normal -0.069323 -0.798616 0.597836
  outer loop
  vertex 0.47803600000000002 -0.050148699999999997 0.032228600000000003
  vertex 0.55307299999999993 -0.054546500000000005 0.035054900000000007
  vertex 0.47803600000000002 -0.045051599999999997 0.0390374
  endloop
 endfacet

 facet normal -0.069323 -0.798616 0.597836
  outer loop
  vertex 0.55307299999999993 -0.054546500000000005 0.035054900000000007
  vertex 0.55307299999999993 -0.049002400000000002 0.0424608
  vertex 0.47803600000000002 -0.045051599999999997 0.0390374
  endloop
 endfacet

 facet normal -0.0594944 -0.799123 0.598216
  outer loop
  vertex 0.55307299999999993 -0.054546500000000005 0.035054900000000007
  vertex 0.622228 -0.058022599999999994 0.0372889
  vertex 0.55307299999999993 -0.049002400000000002 0.0424608
  endloop
 endfacet

 facet normal -0.0594944 -0.799123 0.598216
  outer loop
  vertex 0.622228 -0.058022599999999994 0.0372889
  vertex 0.622228 -0.052125299999999999 0.0451668
  vertex 0.55307299999999993 -0.049002400000000002 0.0424608
  endloop
 endfacet

 facet normal -0.0472526 -0.799647 0.598608
  outer loop
  vertex 0.622228 -0.058022599999999994 0.0372889
  vertex 0.70920399999999995 -0.0614928 0.039518999999999999
  vertex 0.622228 -0.052125299999999999 0.0451668
  endloop
 endfacet

 facet normal -0.0472526 -0.799647 0.598608
  outer loop
  vertex 0.70920399999999995 -0.0614928 0.039518999999999999
  vertex 0.70920399999999995 -0.055242699999999999 0.047868099999999997
  vertex 0.622228 -0.052125299999999999 0.0451668
  endloop
 endfacet

 facet normal -0.0319093 -0.800133 0.598973
  outer loop
  vertex 0.70920399999999995 -0.0614928 0.039518999999999999
  vertex 0.76955200000000001 -0.063117699999999999 0.040563299999999997
  vertex 0.70920399999999995 -0.055242699999999999 0.047868099999999997
  endloop
 endfacet

 facet normal -0.0319093 -0.800133 0.598973
  outer loop
  vertex 0.76955200000000001 -0.063117699999999999 0.040563299999999997
  vertex 0.76955200000000001 -0.056702500000000003 0.049133000000000003
  vertex 0.70920399999999995 -0.055242699999999999 0.047868099999999997
  endloop
 endfacet

 facet normal -0.0156292 -0.800443 0.599205
  outer loop
  vertex 0.76955200000000001 -0.063117699999999999 0.040563299999999997
  vertex 0.79961900000000008 -0.063514100000000004 0.040818
  vertex 0.76955200000000001 -0.056702500000000003 0.049133000000000003
  endloop
 endfacet

 facet normal -0.0156292 -0.800443 0.599204
  outer loop
  vertex 0.79961900000000008 -0.063514100000000004 0.040818
  vertex 0.79961900000000008 -0.057058600000000001 0.049441499999999999
  vertex 0.76955200000000001 -0.056702500000000003 0.049133000000000003
  endloop
 endfacet

 facet normal -0.33177 -0.755199 0.565335
  outer loop
  vertex 0.79961900000000008 -0.063514100000000004 0.040818
  vertex 0.80000000000000004 -0.058603200000000001 0.047601600000000001
  vertex 0.79961900000000008 -0.057058600000000001 0.049441499999999999
  endloop
 endfacet

 facet normal -0.703551 -0.623718 0.340575
  outer loop
  vertex 1.05538E-05 -1.9587299999999998E-05 8.9452399999999998E-06
  vertex 0.00013818700000000001 -0.000134821 6.1570900000000004E-05
  vertex 1.05538E-05 -1.8114899999999998E-05 1.1641800000000001E-05
  endloop
 endfacet

 facet normal -0.703551 -0.623718 0.340575
  outer loop
  vertex 0.00013818700000000001 -0.000134821 6.1570900000000004E-05
  vertex 0.00013818700000000001 -0.00012468700000000001 8.0131199999999996E-05
  vertex 1.05538E-05 -1.8114899999999998E-05 1.1641800000000001E-05
  endloop
 endfacet

 facet normal -0.454697 -0.781702 0.426841
  outer loop
  vertex 0.00013818700000000001 -0.000134821 6.1570900000000004E-05
  vertex 0.00198263 -0.00099354900000000004 0.00045373899999999999
  vertex 0.00013818700000000001 -0.00012468700000000001 8.0131199999999996E-05
  endloop
 endfacet

 facet normal -0.454697 -0.781702 0.426841
  outer loop
  vertex 0.00198263 -0.00099354900000000004 0.00045373899999999999
  vertex 0.00198263 -0.00091886300000000001 0.00059051699999999993
  vertex 0.00013818700000000001 -0.00012468700000000001 8.0131199999999996E-05
  endloop
 endfacet

 facet normal -0.31864 -0.831931 0.454269
  outer loop
  vertex 0.00198263 -0.00099354900000000004 0.00045373899999999999
  vertex 0.0076858899999999999 -0.0027419699999999998 0.0012522100000000001
  vertex 0.00198263 -0.00091886300000000001 0.00059051699999999993
  endloop
 endfacet

 facet normal -0.31864 -0.831931 0.454269
  outer loop
  vertex 0.0076858899999999999 -0.0027419699999999998 0.0012522100000000001
  vertex 0.0076858899999999999 -0.0025358500000000001 0.00162969
  vertex 0.00198263 -0.00091886300000000001 0.00059051699999999993
  endloop
 endfacet

 facet normal -0.252638 -0.849208 0.463702
  outer loop
  vertex 0.0076858899999999999 -0.0027419699999999998 0.0012522100000000001
  vertex 0.0172239 -0.0050131400000000001 0.0022894199999999999
  vertex 0.0076858899999999999 -0.0025358500000000001 0.00162969
  endloop
 endfacet

 facet normal -0.252638 -0.849208 0.463702
  outer loop
  vertex 0.0172239 -0.0050131400000000001 0.0022894199999999999
  vertex 0.0172239 -0.0046362899999999995 0.00297957
  vertex 0.0076858899999999999 -0.0025358500000000001 0.00162969
  endloop
 endfacet

 facet normal -0.214851 -0.857183 0.468057
  outer loop
  vertex 0.0172239 -0.0050131400000000001 0.0022894199999999999
  vertex 0.030448200000000002 -0.0076661900000000007 0.00350103
  vertex 0.0172239 -0.0046362899999999995 0.00297957
  endloop
 endfacet

 facet normal -0.214851 -0.857183 0.468057
  outer loop
  vertex 0.030448200000000002 -0.0076661900000000007 0.00350103
  vertex 0.030448200000000002 -0.0070899099999999996 0.0045564099999999995
  vertex 0.0172239 -0.0046362899999999995 0.00297957
  endloop
 endfacet

 facet normal -0.179422 -0.863436 0.471472
  outer loop
  vertex 0.030448200000000002 -0.0076661900000000007 0.00350103
  vertex 0.067412200000000005 -0.0138142 0.0063087299999999994
  vertex 0.030448200000000002 -0.0070899099999999996 0.0045564099999999995
  endloop
 endfacet

 facet normal -0.179422 -0.863436 0.471472
  outer loop
  vertex 0.067412200000000005 -0.0138142 0.0063087299999999994
  vertex 0.067412200000000005 -0.0127758 0.0082104800000000009
  vertex 0.030448200000000002 -0.0070899099999999996 0.0045564099999999995
  endloop
 endfacet

 facet normal -0.151585 -0.867537 0.473711
  outer loop
  vertex 0.067412200000000005 -0.0138142 0.0063087299999999994
  vertex 0.110301 -0.019812400000000001 0.0090480300000000003
  vertex 0.067412200000000005 -0.0127758 0.0082104800000000009
  endloop
 endfacet

 facet normal -0.151585 -0.867537 0.473711
  outer loop
  vertex 0.110301 -0.019812400000000001 0.0090480300000000003
  vertex 0.110301 -0.018323100000000002 0.0117755
  vertex 0.067412200000000005 -0.0127758 0.0082104800000000009
  endloop
 endfacet

 facet normal -0.130885 -0.870129 0.475126
  outer loop
  vertex 0.110301 -0.019812400000000001 0.0090480300000000003
  vertex 0.17777199999999999 -0.027935700000000001 0.0127578
  vertex 0.110301 -0.018323100000000002 0.0117755
  endloop
 endfacet

 facet normal -0.130885 -0.870129 0.475126
  outer loop
  vertex 0.17777199999999999 -0.027935700000000001 0.0127578
  vertex 0.17777199999999999 -0.0258357 0.0166036
  vertex 0.110301 -0.018323100000000002 0.0117755
  endloop
 endfacet

 facet normal -0.11418 -0.871939 0.476115
  outer loop
  vertex 0.17777199999999999 -0.027935700000000001 0.0127578
  vertex 0.24692699999999998 -0.035184 0.016068000000000002
  vertex 0.17777199999999999 -0.0258357 0.0166036
  endloop
 endfacet

 facet normal -0.11418 -0.871939 0.476115
  outer loop
  vertex 0.24692699999999998 -0.035184 0.016068000000000002
  vertex 0.24692699999999998 -0.032539099999999994 0.020911599999999999
  vertex 0.17777199999999999 -0.0258357 0.0166036
  endloop
 endfacet

 facet normal -0.101207 -0.873173 0.476788
  outer loop
  vertex 0.24692699999999998 -0.035184 0.016068000000000002
  vertex 0.32196399999999997 -0.042145299999999997 0.0192471
  vertex 0.24692699999999998 -0.032539099999999994 0.020911599999999999
  endloop
 endfacet

 facet normal -0.101207 -0.873173 0.476788
  outer loop
  vertex 0.32196399999999997 -0.042145299999999997 0.0192471
  vertex 0.32196399999999997 -0.038977200000000004 0.025049099999999998
  vertex 0.24692699999999998 -0.032539099999999994 0.020911599999999999
  endloop
 endfacet

 facet normal -0.089803 -0.874133 0.477313
  outer loop
  vertex 0.32196399999999997 -0.042145299999999997 0.0192471
  vertex 0.40000000000000002 -0.048562100000000004 0.022177600000000002
  vertex 0.32196399999999997 -0.038977200000000004 0.025049099999999998
  endloop
 endfacet

 facet normal -0.089803 -0.874133 0.477313
  outer loop
  vertex 0.40000000000000002 -0.048562100000000004 0.022177600000000002
  vertex 0.40000000000000002 -0.044911600000000003 0.028863
  vertex 0.32196399999999997 -0.038977200000000004 0.025049099999999998
  endloop
 endfacet

 facet normal -0.0793201 -0.874913 0.477739
  outer loop
  vertex 0.40000000000000002 -0.048562100000000004 0.022177600000000002
  vertex 0.47803600000000002 -0.054224800000000004 0.0247636
  vertex 0.40000000000000002 -0.044911600000000003 0.028863
  endloop
 endfacet

 facet normal -0.0793201 -0.874913 0.477739
  outer loop
  vertex 0.47803600000000002 -0.054224800000000004 0.0247636
  vertex 0.47803600000000002 -0.050148699999999997 0.032228600000000003
  vertex 0.40000000000000002 -0.044911600000000003 0.028863
  endloop
 endfacet

 facet normal -0.069323 -0.875567 0.478096
  outer loop
  vertex 0.47803600000000002 -0.054224800000000004 0.0247636
  vertex 0.55307299999999993 -0.058980100000000001 0.026935300000000002
  vertex 0.47803600000000002 -0.050148699999999997 0.032228600000000003
  endloop
 endfacet

 facet normal -0.069323 -0.875567 0.478096
  outer loop
  vertex 0.55307299999999993 -0.058980100000000001 0.026935300000000002
  vertex 0.55307299999999993 -0.054546500000000005 0.035054900000000007
  vertex 0.47803600000000002 -0.050148699999999997 0.032228600000000003
  endloop
 endfacet

 facet normal -0.0594944 -0.876124 0.4784
  outer loop
  vertex 0.55307299999999993 -0.058980100000000001 0.026935300000000002
  vertex 0.622228 -0.062738799999999997 0.028651900000000001
  vertex 0.55307299999999993 -0.054546500000000005 0.035054900000000007
  endloop
 endfacet

 facet normal -0.0594944 -0.876124 0.4784
  outer loop
  vertex 0.622228 -0.062738799999999997 0.028651900000000001
  vertex 0.622228 -0.058022599999999994 0.0372889
  vertex 0.55307299999999993 -0.054546500000000005 0.035054900000000007
  endloop
 endfacet

 facet normal -0.0472526 -0.876699 0.478714
  outer loop
  vertex 0.622228 -0.062738799999999997 0.028651900000000001
  vertex 0.70920399999999995 -0.066490999999999995 0.030365400000000001
  vertex 0.622228 -0.058022599999999994 0.0372889
  endloop
 endfacet

 facet normal -0.0472526 -0.876699 0.478714
  outer loop
  vertex 0.70920399999999995 -0.066490999999999995 0.030365400000000001
  vertex 0.70920399999999995 -0.0614928 0.039518999999999999
  vertex 0.622228 -0.058022599999999994 0.0372889
  endloop
 endfacet

 facet normal -0.0319093 -0.877232 0.479005
  outer loop
  vertex 0.70920399999999995 -0.066490999999999995 0.030365400000000001
  vertex 0.76955200000000001 -0.068248000000000003 0.031167799999999999
  vertex 0.70920399999999995 -0.0614928 0.039518999999999999
  endloop
 endfacet

 facet normal -0.0319093 -0.877232 0.479005
  outer loop
  vertex 0.76955200000000001 -0.068248000000000003 0.031167799999999999
  vertex 0.76955200000000001 -0.063117699999999999 0.040563299999999997
  vertex 0.70920399999999995 -0.0614928 0.039518999999999999
  endloop
 endfacet

 facet normal -0.0156291 -0.877572 0.47919
  outer loop
  vertex 0.76955200000000001 -0.068248000000000003 0.031167799999999999
  vertex 0.79961900000000008 -0.06867659999999999 0.031363599999999998
  vertex 0.76955200000000001 -0.063117699999999999 0.040563299999999997
  endloop
 endfacet

 facet normal -0.0156291 -0.877572 0.47919
  outer loop
  vertex 0.79961900000000008 -0.06867659999999999 0.031363599999999998
  vertex 0.79961900000000008 -0.063514100000000004 0.040818
  vertex 0.76955200000000001 -0.063117699999999999 0.040563299999999997
  endloop
 endfacet

 facet normal -0.155263 -0.867036 0.473437
  outer loop
  vertex 0.79961900000000008 -0.06867659999999999 0.031363599999999998
  vertex 0.80000000000000004 -0.063999500000000001 0.040053800000000001
  vertex 0.79961900000000008 -0.063514100000000004 0.040818
  endloop
 endfacet

 facet normal -0.703551 -0.665838 0.248345
  outer loop
  vertex 1.05538E-05 -2.0660999999999998E-05 6.0666200000000002E-06
  vertex 0.00013818700000000001 -0.00014221200000000001 4.17571E-05
  vertex 1.05538E-05 -1.9587299999999998E-05 8.9452399999999998E-06
  endloop
 endfacet

 facet normal -0.703551 -0.665838 0.248345
  outer loop
  vertex 0.00013818700000000001 -0.00014221200000000001 4.17571E-05
  vertex 0.00013818700000000001 -0.000134821 6.1570900000000004E-05
  vertex 1.05538E-05 -1.9587299999999998E-05 8.9452399999999998E-06
  endloop
 endfacet

 facet normal -0.454697 -0.834491 0.311249
  outer loop
  vertex 0.00013818700000000001 -0.00014221200000000001 4.17571E-05
  vertex 0.00198263 -0.00104801 0.000307724
  vertex 0.00013818700000000001 -0.000134821 6.1570900000000004E-05
  endloop
 endfacet

 facet normal -0.454697 -0.834491 0.311249
  outer loop
  vertex 0.00198263 -0.00104801 0.000307724
  vertex 0.00198263 -0.00099354900000000004 0.00045373899999999999
  vertex 0.00013818700000000001 -0.000134821 6.1570900000000004E-05
  endloop
 endfacet

 facet normal -0.31864 -0.888112 0.331249
  outer loop
  vertex 0.00198263 -0.00104801 0.000307724
  vertex 0.0076858899999999999 -0.0028922699999999997 0.0008492459999999999
  vertex 0.00198263 -0.00099354900000000004 0.00045373899999999999
  endloop
 endfacet

 facet normal -0.31864 -0.888112 0.331249
  outer loop
  vertex 0.0076858899999999999 -0.0028922699999999997 0.0008492459999999999
  vertex 0.0076858899999999999 -0.0027419699999999998 0.0012522100000000001
  vertex 0.00198263 -0.00099354900000000004 0.00045373899999999999
  endloop
 endfacet

 facet normal -0.252638 -0.906556 0.338128
  outer loop
  vertex 0.0076858899999999999 -0.0028922699999999997 0.0008492459999999999
  vertex 0.0172239 -0.0052879300000000006 0.0015526800000000001
  vertex 0.0076858899999999999 -0.0027419699999999998 0.0012522100000000001
  endloop
 endfacet

 facet normal -0.252638 -0.906556 0.338128
  outer loop
  vertex 0.0172239 -0.0052879300000000006 0.0015526800000000001
  vertex 0.0172239 -0.0050131400000000001 0.0022894199999999999
  vertex 0.0076858899999999999 -0.0027419699999999998 0.0012522100000000001
  endloop
 endfacet

 facet normal -0.214851 -0.915069 0.341303
  outer loop
  vertex 0.0172239 -0.0052879300000000006 0.0015526800000000001
  vertex 0.030448200000000002 -0.0080864100000000005 0.0023743799999999997
  vertex 0.0172239 -0.0050131400000000001 0.0022894199999999999
  endloop
 endfacet

 facet normal -0.214851 -0.915069 0.341303
  outer loop
  vertex 0.030448200000000002 -0.0080864100000000005 0.0023743799999999997
  vertex 0.030448200000000002 -0.0076661900000000007 0.00350103
  vertex 0.0172239 -0.0050131400000000001 0.0022894199999999999
  endloop
 endfacet

 facet normal -0.179422 -0.921745 0.343793
  outer loop
  vertex 0.030448200000000002 -0.0080864100000000005 0.0023743799999999997
  vertex 0.067412200000000005 -0.0145714 0.0042785499999999999
  vertex 0.030448200000000002 -0.0076661900000000007 0.00350103
  endloop
 endfacet

 facet normal -0.179422 -0.921745 0.343793
  outer loop
  vertex 0.067412200000000005 -0.0145714 0.0042785499999999999
  vertex 0.067412200000000005 -0.0138142 0.0063087299999999994
  vertex 0.030448200000000002 -0.0076661900000000007 0.00350103
  endloop
 endfacet

 facet normal -0.151585 -0.926123 0.345426
  outer loop
  vertex 0.067412200000000005 -0.0145714 0.0042785499999999999
  vertex 0.110301 -0.020898399999999998 0.0061363299999999997
  vertex 0.067412200000000005 -0.0138142 0.0063087299999999994
  endloop
 endfacet

 facet normal -0.151585 -0.926123 0.345426
  outer loop
  vertex 0.110301 -0.020898399999999998 0.0061363299999999997
  vertex 0.110301 -0.019812400000000001 0.0090480300000000003
  vertex 0.067412200000000005 -0.0138142 0.0063087299999999994
  endloop
 endfacet

 facet normal -0.130885 -0.92889 0.346458
  outer loop
  vertex 0.110301 -0.020898399999999998 0.0061363299999999997
  vertex 0.17777199999999999 -0.029467 0.00865228
  vertex 0.110301 -0.019812400000000001 0.0090480300000000003
  endloop
 endfacet

 facet normal -0.130885 -0.92889 0.346458
  outer loop
  vertex 0.17777199999999999 -0.029467 0.00865228
  vertex 0.17777199999999999 -0.027935700000000001 0.0127578
  vertex 0.110301 -0.019812400000000001 0.0090480300000000003
  endloop
 endfacet

 facet normal -0.11418 -0.930822 0.347179
  outer loop
  vertex 0.17777199999999999 -0.029467 0.00865228
  vertex 0.24692699999999998 -0.0371125 0.010897199999999999
  vertex 0.17777199999999999 -0.027935700000000001 0.0127578
  endloop
 endfacet

 facet normal -0.11418 -0.930822 0.347179
  outer loop
  vertex 0.24692699999999998 -0.0371125 0.010897199999999999
  vertex 0.24692699999999998 -0.035184 0.016068000000000002
  vertex 0.17777199999999999 -0.027935700000000001 0.0127578
  endloop
 endfacet

 facet normal -0.101207 -0.932139 0.34767
  outer loop
  vertex 0.24692699999999998 -0.0371125 0.010897199999999999
  vertex 0.32196399999999997 -0.044455500000000002 0.0130533
  vertex 0.24692699999999998 -0.035184 0.016068000000000002
  endloop
 endfacet

 facet normal -0.101207 -0.932139 0.34767
  outer loop
  vertex 0.32196399999999997 -0.044455500000000002 0.0130533
  vertex 0.32196399999999997 -0.042145299999999997 0.0192471
  vertex 0.24692699999999998 -0.035184 0.016068000000000002
  endloop
 endfacet

 facet normal -0.089803 -0.933164 0.348052
  outer loop
  vertex 0.32196399999999997 -0.044455500000000002 0.0130533
  vertex 0.40000000000000002 -0.051223999999999999 0.015040699999999999
  vertex 0.32196399999999997 -0.042145299999999997 0.0192471
  endloop
 endfacet

 facet normal -0.089803 -0.933164 0.348052
  outer loop
  vertex 0.40000000000000002 -0.051223999999999999 0.015040699999999999
  vertex 0.40000000000000002 -0.048562100000000004 0.022177600000000002
  vertex 0.32196399999999997 -0.042145299999999997 0.0192471
  endloop
 endfacet

 facet normal -0.0793202 -0.933998 0.348363
  outer loop
  vertex 0.40000000000000002 -0.051223999999999999 0.015040699999999999
  vertex 0.47803600000000002 -0.057197100000000001 0.0167946
  vertex 0.40000000000000002 -0.048562100000000004 0.022177600000000002
  endloop
 endfacet

 facet normal -0.0793202 -0.933998 0.348363
  outer loop
  vertex 0.47803600000000002 -0.057197100000000001 0.0167946
  vertex 0.47803600000000002 -0.054224800000000004 0.0247636
  vertex 0.40000000000000002 -0.048562100000000004 0.022177600000000002
  endloop
 endfacet

 facet normal -0.0693229 -0.934696 0.348624
  outer loop
  vertex 0.47803600000000002 -0.057197100000000001 0.0167946
  vertex 0.55307299999999993 -0.062213000000000004 0.0182674
  vertex 0.47803600000000002 -0.054224800000000004 0.0247636
  endloop
 endfacet

 facet normal -0.0693229 -0.934696 0.348624
  outer loop
  vertex 0.55307299999999993 -0.062213000000000004 0.0182674
  vertex 0.55307299999999993 -0.058980100000000001 0.026935300000000002
  vertex 0.47803600000000002 -0.054224800000000004 0.0247636
  endloop
 endfacet

 facet normal -0.0594944 -0.93529 0.348845
  outer loop
  vertex 0.55307299999999993 -0.062213000000000004 0.0182674
  vertex 0.622228 -0.066177800000000009 0.0194316
  vertex 0.55307299999999993 -0.058980100000000001 0.026935300000000002
  endloop
 endfacet

 facet normal -0.0594944 -0.93529 0.348845
  outer loop
  vertex 0.622228 -0.066177800000000009 0.0194316
  vertex 0.622228 -0.062738799999999997 0.028651900000000001
  vertex 0.55307299999999993 -0.058980100000000001 0.026935300000000002
  endloop
 endfacet

 facet normal -0.0472526 -0.935903 0.349074
  outer loop
  vertex 0.622228 -0.066177800000000009 0.0194316
  vertex 0.70920399999999995 -0.070135699999999995 0.0205937
  vertex 0.622228 -0.062738799999999997 0.028651900000000001
  endloop
 endfacet

 facet normal -0.0472526 -0.935903 0.349074
  outer loop
  vertex 0.70920399999999995 -0.070135699999999995 0.0205937
  vertex 0.70920399999999995 -0.066490999999999995 0.030365400000000001
  vertex 0.622228 -0.062738799999999997 0.028651900000000001
  endloop
 endfacet

 facet normal -0.0319093 -0.936473 0.349286
  outer loop
  vertex 0.70920399999999995 -0.070135699999999995 0.0205937
  vertex 0.76955200000000001 -0.071988999999999997 0.021137899999999998
  vertex 0.70920399999999995 -0.066490999999999995 0.030365400000000001
  endloop
 endfacet

 facet normal -0.0319093 -0.936473 0.349286
  outer loop
  vertex 0.76955200000000001 -0.071988999999999997 0.021137899999999998
  vertex 0.76955200000000001 -0.068248000000000003 0.031167799999999999
  vertex 0.70920399999999995 -0.066490999999999995 0.030365400000000001
  endloop
 endfacet

 facet normal -0.0156292 -0.936835 0.349421
  outer loop
  vertex 0.76955200000000001 -0.071988999999999997 0.021137899999999998
  vertex 0.79961900000000008 -0.072441100000000008 0.021270600000000001
  vertex 0.76955200000000001 -0.068248000000000003 0.031167799999999999
  endloop
 endfacet

 facet normal -0.0156292 -0.936835 0.349421
  outer loop
  vertex 0.79961900000000008 -0.072441100000000008 0.021270600000000001
  vertex 0.79961900000000008 -0.06867659999999999 0.031363599999999998
  vertex 0.76955200000000001 -0.068248000000000003 0.031167799999999999
  endloop
 endfacet

 facet normal -0.302506 -0.893051 0.333091
  outer loop
  vertex 0.79961900000000008 -0.072441100000000008 0.021270600000000001
  vertex 0.80000000000000004 -0.071825599999999989 0.023266499999999999
  vertex 0.79961900000000008 -0.06867659999999999 0.031363599999999998
  endloop
 endfacet

 facet normal -0.703551 -0.694404 0.151058
  outer loop
  vertex 1.05538E-05 -2.13141E-05 3.0645000000000001E-06
  vertex 0.00013818700000000001 -0.00014670700000000002 2.10932E-05
  vertex 1.05538E-05 -2.0660999999999998E-05 6.0666200000000002E-06
  endloop
 endfacet

 facet normal -0.703551 -0.694404 0.151058
  outer loop
  vertex 0.00013818700000000001 -0.00014670700000000002 2.10932E-05
  vertex 0.00013818700000000001 -0.00014221200000000001 4.17571E-05
  vertex 1.05538E-05 -2.0660999999999998E-05 6.0666200000000002E-06
  endloop
 endfacet

 facet normal -0.454697 -0.870292 0.189321
  outer loop
  vertex 0.00013818700000000001 -0.00014670700000000002 2.10932E-05
  vertex 0.00198263 -0.00108114 0.000155444
  vertex 0.00013818700000000001 -0.00014221200000000001 4.17571E-05
  endloop
 endfacet

 facet normal -0.454697 -0.870292 0.18932
  outer loop
  vertex 0.00198263 -0.00108114 0.000155444
  vertex 0.00198263 -0.00104801 0.000307724
  vertex 0.00013818700000000001 -0.00014221200000000001 4.17571E-05
  endloop
 endfacet

 facet normal -0.31864 -0.926214 0.201485
  outer loop
  vertex 0.00198263 -0.00108114 0.000155444
  vertex 0.0076858899999999999 -0.0029836900000000002 0.00042898999999999997
  vertex 0.00198263 -0.00104801 0.000307724
  endloop
 endfacet

 facet normal -0.31864 -0.926214 0.201485
  outer loop
  vertex 0.0076858899999999999 -0.0029836900000000002 0.00042898999999999997
  vertex 0.0076858899999999999 -0.0028922699999999997 0.0008492459999999999
  vertex 0.00198263 -0.00104801 0.000307724
  endloop
 endfacet

 facet normal -0.252638 -0.945449 0.20567
  outer loop
  vertex 0.0076858899999999999 -0.0029836900000000002 0.00042898999999999997
  vertex 0.0172239 -0.0054550799999999993 0.00078432199999999995
  vertex 0.0076858899999999999 -0.0028922699999999997 0.0008492459999999999
  endloop
 endfacet

 facet normal -0.252638 -0.945449 0.20567
  outer loop
  vertex 0.0172239 -0.0054550799999999993 0.00078432199999999995
  vertex 0.0172239 -0.0052879300000000006 0.0015526800000000001
  vertex 0.0076858899999999999 -0.0028922699999999997 0.0008492459999999999
  endloop
 endfacet

 facet normal -0.214851 -0.954328 0.207601
  outer loop
  vertex 0.0172239 -0.0054550799999999993 0.00078432199999999995
  vertex 0.030448200000000002 -0.0083420100000000004 0.0011994
  vertex 0.0172239 -0.0052879300000000006 0.0015526800000000001
  endloop
 endfacet

 facet normal -0.214851 -0.954328 0.207601
  outer loop
  vertex 0.030448200000000002 -0.0083420100000000004 0.0011994
  vertex 0.030448200000000002 -0.0080864100000000005 0.0023743799999999997
  vertex 0.0172239 -0.0052879300000000006 0.0015526800000000001
  endloop
 endfacet

 facet normal -0.179422 -0.96129 0.209116
  outer loop
  vertex 0.030448200000000002 -0.0083420100000000004 0.0011994
  vertex 0.067412200000000005 -0.015032 0.0021612800000000002
  vertex 0.030448200000000002 -0.0080864100000000005 0.0023743799999999997
  endloop
 endfacet

 facet normal -0.179422 -0.96129 0.209116
  outer loop
  vertex 0.067412200000000005 -0.015032 0.0021612800000000002
  vertex 0.067412200000000005 -0.0145714 0.0042785499999999999
  vertex 0.030448200000000002 -0.0080864100000000005 0.0023743799999999997
  endloop
 endfacet

 facet normal -0.151585 -0.965855 0.210109
  outer loop
  vertex 0.067412200000000005 -0.015032 0.0021612800000000002
  vertex 0.110301 -0.021559000000000002 0.0030997199999999998
  vertex 0.067412200000000005 -0.0145714 0.0042785499999999999
  endloop
 endfacet

 facet normal -0.151585 -0.965855 0.210109
  outer loop
  vertex 0.110301 -0.021559000000000002 0.0030997199999999998
  vertex 0.110301 -0.020898399999999998 0.0061363299999999997
  vertex 0.067412200000000005 -0.0145714 0.0042785499999999999
  endloop
 endfacet

 facet normal -0.130885 -0.968741 0.210737
  outer loop
  vertex 0.110301 -0.021559000000000002 0.0030997199999999998
  vertex 0.17777199999999999 -0.030398399999999999 0.0043706300000000003
  vertex 0.110301 -0.020898399999999998 0.0061363299999999997
  endloop
 endfacet

 facet normal -0.130885 -0.968741 0.210737
  outer loop
  vertex 0.17777199999999999 -0.030398399999999999 0.0043706300000000003
  vertex 0.17777199999999999 -0.029467 0.00865228
  vertex 0.110301 -0.020898399999999998 0.0061363299999999997
  endloop
 endfacet

 facet normal -0.11418 -0.970756 0.211175
  outer loop
  vertex 0.17777199999999999 -0.030398399999999999 0.0043706300000000003
  vertex 0.24692699999999998 -0.038285600000000003 0.0055046399999999999
  vertex 0.17777199999999999 -0.029467 0.00865228
  endloop
 endfacet

 facet normal -0.11418 -0.970756 0.211175
  outer loop
  vertex 0.24692699999999998 -0.038285600000000003 0.0055046399999999999
  vertex 0.24692699999999998 -0.0371125 0.010897199999999999
  vertex 0.17777199999999999 -0.029467 0.00865228
  endloop
 endfacet

 facet normal -0.101207 -0.97213 0.211474
  outer loop
  vertex 0.24692699999999998 -0.038285600000000003 0.0055046399999999999
  vertex 0.32196399999999997 -0.045860700000000004 0.0065937700000000005
  vertex 0.24692699999999998 -0.0371125 0.010897199999999999
  endloop
 endfacet

 facet normal -0.101207 -0.97213 0.211474
  outer loop
  vertex 0.32196399999999997 -0.045860700000000004 0.0065937700000000005
  vertex 0.32196399999999997 -0.044455500000000002 0.0130533
  vertex 0.24692699999999998 -0.0371125 0.010897199999999999
  endloop
 endfacet

 facet normal -0.089803 -0.973199 0.211707
  outer loop
  vertex 0.32196399999999997 -0.045860700000000004 0.0065937700000000005
  vertex 0.40000000000000002 -0.0528432 0.0075976999999999998
  vertex 0.32196399999999997 -0.044455500000000002 0.0130533
  endloop
 endfacet

 facet normal -0.0898029 -0.973199 0.211707
  outer loop
  vertex 0.40000000000000002 -0.0528432 0.0075976999999999998
  vertex 0.40000000000000002 -0.051223999999999999 0.015040699999999999
  vertex 0.32196399999999997 -0.044455500000000002 0.0130533
  endloop
 endfacet

 facet normal -0.0793201 -0.974068 0.211896
  outer loop
  vertex 0.40000000000000002 -0.0528432 0.0075976999999999998
  vertex 0.47803600000000002 -0.059005099999999998 0.0084836500000000006
  vertex 0.40000000000000002 -0.051223999999999999 0.015040699999999999
  endloop
 endfacet

 facet normal -0.0793202 -0.974068 0.211896
  outer loop
  vertex 0.47803600000000002 -0.059005099999999998 0.0084836500000000006
  vertex 0.47803600000000002 -0.057197100000000001 0.0167946
  vertex 0.40000000000000002 -0.051223999999999999 0.015040699999999999
  endloop
 endfacet

 facet normal -0.069323 -0.974796 0.212054
  outer loop
  vertex 0.47803600000000002 -0.059005099999999998 0.0084836500000000006
  vertex 0.55307299999999993 -0.0641795 0.0092276200000000006
  vertex 0.47803600000000002 -0.057197100000000001 0.0167946
  endloop
 endfacet

 facet normal -0.069323 -0.974796 0.212054
  outer loop
  vertex 0.55307299999999993 -0.0641795 0.0092276200000000006
  vertex 0.55307299999999993 -0.062213000000000004 0.0182674
  vertex 0.47803600000000002 -0.057197100000000001 0.0167946
  endloop
 endfacet

 facet normal -0.0594944 -0.975416 0.212189
  outer loop
  vertex 0.55307299999999993 -0.0641795 0.0092276200000000006
  vertex 0.622228 -0.0682696 0.0098156900000000002
  vertex 0.55307299999999993 -0.062213000000000004 0.0182674
  endloop
 endfacet

 facet normal -0.0594944 -0.975416 0.212189
  outer loop
  vertex 0.622228 -0.0682696 0.0098156900000000002
  vertex 0.622228 -0.066177800000000009 0.0194316
  vertex 0.55307299999999993 -0.062213000000000004 0.0182674
  endloop
 endfacet

 facet normal -0.0472526 -0.976055 0.212328
  outer loop
  vertex 0.622228 -0.0682696 0.0098156900000000002
  vertex 0.70920399999999995 -0.072352599999999989 0.010402699999999999
  vertex 0.622228 -0.066177800000000009 0.0194316
  endloop
 endfacet

 facet normal -0.0472526 -0.976055 0.212328
  outer loop
  vertex 0.70920399999999995 -0.072352599999999989 0.010402699999999999
  vertex 0.70920399999999995 -0.070135699999999995 0.0205937
  vertex 0.622228 -0.066177800000000009 0.0194316
  endloop
 endfacet

 facet normal -0.0319093 -0.976649 0.212457
  outer loop
  vertex 0.70920399999999995 -0.072352599999999989 0.010402699999999999
  vertex 0.76955200000000001 -0.074264499999999997 0.010677600000000001
  vertex 0.70920399999999995 -0.070135699999999995 0.0205937
  endloop
 endfacet

 facet normal -0.0319093 -0.976649 0.212457
  outer loop
  vertex 0.76955200000000001 -0.074264499999999997 0.010677600000000001
  vertex 0.76955200000000001 -0.071988999999999997 0.021137899999999998
  vertex 0.70920399999999995 -0.070135699999999995 0.0205937
  endloop
 endfacet

 facet normal -0.0156292 -0.977027 0.212539
  outer loop
  vertex 0.76955200000000001 -0.074264499999999997 0.010677600000000001
  vertex 0.79961900000000008 -0.074730900000000003 0.010744699999999999
  vertex 0.76955200000000001 -0.071988999999999997 0.021137899999999998
  endloop
 endfacet

 facet normal -0.0156292 -0.977027 0.212539
  outer loop
  vertex 0.79961900000000008 -0.074730900000000003 0.010744699999999999
  vertex 0.79961900000000008 -0.072441100000000008 0.021270600000000001
  vertex 0.76955200000000001 -0.071988999999999997 0.021137899999999998
  endloop
 endfacet

 facet normal -0.41062 -0.890969 0.193818
  outer loop
  vertex 0.79961900000000008 -0.074730900000000003 0.010744699999999999
  vertex 0.80000000000000004 -0.074137099999999997 0.0142805
  vertex 0.79961900000000008 -0.072441100000000008 0.021270600000000001
  endloop
 endfacet

 facet normal -0.897505 0.430927 0.0937423
  outer loop
  vertex 8.6736200000000004E-22 3.4694499999999997E-21 0
  vertex 1.05538E-05 2.0660999999999998E-05 6.0666200000000002E-06
  vertex 1.05538E-05 2.13141E-05 3.0645000000000001E-06
  endloop
 endfacet

 facet normal -0.897505 0.4132 0.154116
  outer loop
  vertex 8.6736200000000004E-22 3.4694499999999997E-21 0
  vertex 1.05538E-05 1.9587299999999998E-05 8.9452399999999998E-06
  vertex 1.05538E-05 2.0660999999999998E-05 6.0666200000000002E-06
  endloop
 endfacet

 facet normal -0.897505 0.387061 0.211351
  outer loop
  vertex 8.6736200000000004E-22 3.4694499999999997E-21 0
  vertex 1.05538E-05 1.8114899999999998E-05 1.1641800000000001E-05
  vertex 1.05538E-05 1.9587299999999998E-05 8.9452399999999998E-06
  endloop
 endfacet

 facet normal -0.897505 0.353043 0.264285
  outer loop
  vertex 8.6736200000000004E-22 3.4694499999999997E-21 0
  vertex 1.05538E-05 1.62737E-05 1.41013E-05
  vertex 1.05538E-05 1.8114899999999998E-05 1.1641800000000001E-05
  endloop
 endfacet

 facet normal -0.897505 0.311838 0.311838
  outer loop
  vertex 8.6736200000000004E-22 3.4694499999999997E-21 0
  vertex 1.05538E-05 1.41013E-05 1.62737E-05
  vertex 1.05538E-05 1.62737E-05 1.41013E-05
  endloop
 endfacet

 facet normal -0.897505 0.264285 0.353043
  outer loop
  vertex 8.6736200000000004E-22 3.4694499999999997E-21 0
  vertex 1.05538E-05 1.1641800000000001E-05 1.8114899999999998E-05
  vertex 1.05538E-05 1.41013E-05 1.62737E-05
  endloop
 endfacet

 facet normal -0.897505 0.211351 0.387061
  outer loop
  vertex 8.6736200000000004E-22 3.4694499999999997E-21 0
  vertex 1.05538E-05 8.9452399999999998E-06 1.9587299999999998E-05
  vertex 1.05538E-05 1.1641800000000001E-05 1.8114899999999998E-05
  endloop
 endfacet

 facet normal -0.897505 0.154116 0.4132
  outer loop
  vertex 8.6736200000000004E-22 3.4694499999999997E-21 0
  vertex 1.05538E-05 6.0666200000000002E-06 2.0660999999999998E-05
  vertex 1.05538E-05 8.9452399999999998E-06 1.9587299999999998E-05
  endloop
 endfacet

 facet normal -0.897505 0.0937423 0.430927
  outer loop
  vertex 8.6736200000000004E-22 3.4694499999999997E-21 0
  vertex 1.05538E-05 3.0645000000000001E-06 2.13141E-05
  vertex 1.05538E-05 6.0666200000000002E-06 2.0660999999999998E-05
  endloop
 endfacet

 facet normal -0.897505 0.031461 0.439882
  outer loop
  vertex 8.6736200000000004E-22 3.4694499999999997E-21 0
  vertex 1.05538E-05 -3.4628099999999996E-21 2.1533299999999999E-05
  vertex 1.05538E-05 3.0645000000000001E-06 2.13141E-05
  endloop
 endfacet

 facet normal -0.897505 -0.031461 0.439882
  outer loop
  vertex 8.6736200000000004E-22 3.4694499999999997E-21 0
  vertex 1.05538E-05 -3.0645000000000001E-06 2.13141E-05
  vertex 1.05538E-05 -3.4628099999999996E-21 2.1533299999999999E-05
  endloop
 endfacet

 facet normal -0.897505 -0.0937423 0.430927
  outer loop
  vertex 8.6736200000000004E-22 3.4694499999999997E-21 0
  vertex 1.05538E-05 -6.0666200000000002E-06 2.0660999999999998E-05
  vertex 1.05538E-05 -3.0645000000000001E-06 2.13141E-05
  endloop
 endfacet

 facet normal -0.897505 -0.154116 0.4132
  outer loop
  vertex 8.6736200000000004E-22 3.4694499999999997E-21 0
  vertex 1.05538E-05 -8.9452399999999998E-06 1.9587299999999998E-05
  vertex 1.05538E-05 -6.0666200000000002E-06 2.0660999999999998E-05
  endloop
 endfacet

 facet normal -0.897505 -0.211351 0.387061
  outer loop
  vertex 8.6736200000000004E-22 3.4694499999999997E-21 0
  vertex 1.05538E-05 -1.1641800000000001E-05 1.8114899999999998E-05
  vertex 1.05538E-05 -8.9452399999999998E-06 1.9587299999999998E-05
  endloop
 endfacet

 facet normal -0.897505 -0.264285 0.353043
  outer loop
  vertex 8.6736200000000004E-22 3.4694499999999997E-21 0
  vertex 1.05538E-05 -1.41013E-05 1.62737E-05
  vertex 1.05538E-05 -1.1641800000000001E-05 1.8114899999999998E-05
  endloop
 endfacet

 facet normal -0.897505 -0.311838 0.311838
  outer loop
  vertex 8.6736200000000004E-22 3.4694499999999997E-21 0
  vertex 1.05538E-05 -1.62737E-05 1.41013E-05
  vertex 1.05538E-05 -1.41013E-05 1.62737E-05
  endloop
 endfacet

 facet normal -0.897505 -0.353043 0.264285
  outer loop
  vertex 8.6736200000000004E-22 3.4694499999999997E-21 0
  vertex 1.05538E-05 -1.8114899999999998E-05 1.1641800000000001E-05
  vertex 1.05538E-05 -1.62737E-05 1.41013E-05
  endloop
 endfacet

 facet normal -0.897505 -0.387061 0.211351
  outer loop
  vertex 8.6736200000000004E-22 3.4694499999999997E-21 0
  vertex 1.05538E-05 -1.9587299999999998E-05 8.9452399999999998E-06
  vertex 1.05538E-05 -1.8114899999999998E-05 1.1641800000000001E-05
  endloop
 endfacet

 facet normal -0.897505 -0.4132 0.154116
  outer loop
  vertex 8.6736200000000004E-22 3.4694499999999997E-21 0
  vertex 1.05538E-05 -2.0660999999999998E-05 6.0666200000000002E-06
  vertex 1.05538E-05 -1.9587299999999998E-05 8.9452399999999998E-06
  endloop
 endfacet

 facet normal -0.897505 -0.430927 0.0937423
  outer loop
  vertex 8.6736200000000004E-22 3.4694499999999997E-21 0
  vertex 1.05538E-05 -2.13141E-05 3.0645000000000001E-06
  vertex 1.05538E-05 -2.0660999999999998E-05 6.0666200000000002E-06
  endloop
 endfacet

 facet normal -0.0154562 0.997367 0.0708474
  outer loop
  vertex 0.80000000000000004 0.075499999999999998 0
  vertex 0.76955200000000001 0.0750281 0
  vertex 0.79961900000000008 0.074730900000000003 0.010744699999999999
  endloop
 endfacet

 facet normal -0.271661 0.960574 0.059135
  outer loop
  vertex 0.80000000000000004 0.075499999999999998 0
  vertex 0.79961900000000008 0.074730900000000003 0.010744699999999999
  vertex 0.80000000000000004 0.074929900000000008 0.0092607899999999996
  endloop
 endfacet

 facet normal -0.55994 -0.827596 0.0394008
  outer loop
  vertex 0.80000000000000004 -0.075499999999999998 -2.4282700000000001E-17
  vertex 0.80000000000000004 -0.075158500000000003 0.0071727199999999996
  vertex 0.79961900000000008 -0.074730900000000003 0.010744699999999999
  endloop
 endfacet

 facet normal -0.0154562 -0.997367 0.0708474
  outer loop
  vertex 0.80000000000000004 -0.075499999999999998 -2.4282700000000001E-17
  vertex 0.79961900000000008 -0.074730900000000003 0.010744699999999999
  vertex 0.76955200000000001 -0.0750281 -2.4130899999999998E-17
  endloop
 endfacet

 facet normal 0.197007 0.963771 0.179815
  outer loop
  vertex 0.80000000000000004 0.073228100000000004 0.018381699999999997
  vertex 0.80000000000000004 0.074929900000000008 0.0092607899999999996
  vertex 0.79961900000000008 0.074730900000000003 0.010744699999999999
  endloop
 endfacet

 facet normal 0.309717 0.906251 0.287724
  outer loop
  vertex 0.80000000000000004 0.070420500000000011 0.027225000000000003
  vertex 0.80000000000000004 0.073228100000000004 0.018381699999999997
  vertex 0.79961900000000008 0.072441100000000008 0.021270600000000001
  endloop
 endfacet

 facet normal 0.349109 0.851622 0.390976
  outer loop
  vertex 0.80000000000000004 0.066549300000000006 0.0356572
  vertex 0.80000000000000004 0.070420500000000011 0.027225000000000003
  vertex 0.79961900000000008 0.06867659999999999 0.031363599999999998
  endloop
 endfacet

 facet normal 0.323091 0.805135 0.497363
  outer loop
  vertex 0.80000000000000004 0.061673099999999995 0.043550899999999997
  vertex 0.80000000000000004 0.066549300000000006 0.0356572
  vertex 0.79961900000000008 0.063514100000000004 0.040818
  endloop
 endfacet

 facet normal 0.226262 0.75965 0.609703
  outer loop
  vertex 0.80000000000000004 0.055865499999999998 0.0507868
  vertex 0.80000000000000004 0.061673099999999995 0.043550899999999997
  vertex 0.79961900000000008 0.057058600000000001 0.049441499999999999
  endloop
 endfacet

 facet normal 0.0452265 0.696495 0.716135
  outer loop
  vertex 0.80000000000000004 0.049214000000000001 0.057255800000000003
  vertex 0.80000000000000004 0.055865499999999998 0.0507868
  vertex 0.79961900000000008 0.049441499999999999 0.057058600000000001
  endloop
 endfacet

 facet normal 0.164161 0.494885 0.853311
  outer loop
  vertex 0.80000000000000004 0.033792999999999997 0.067515100000000008
  vertex 0.80000000000000004 0.041819299999999997 0.062860100000000002
  vertex 0.79961900000000008 0.040818 0.063514100000000004
  endloop
 endfacet

 facet normal 0.293372 0.374556 0.879569
  outer loop
  vertex 0.80000000000000004 0.025256299999999999 0.0711503
  vertex 0.80000000000000004 0.033792999999999997 0.067515100000000008
  vertex 0.79961900000000008 0.031363599999999998 0.06867659999999999
  endloop
 endfacet

 facet normal 0.346516 0.258882 0.901613
  outer loop
  vertex 0.80000000000000004 0.016338100000000001 0.073710999999999999
  vertex 0.80000000000000004 0.025256299999999999 0.0711503
  vertex 0.79961900000000008 0.021270600000000001 0.072441100000000008
  endloop
 endfacet

 facet normal 0.33369 0.147057 0.931142
  outer loop
  vertex 0.80000000000000004 0.0071732200000000001 0.075158500000000003
  vertex 0.80000000000000004 0.016338100000000001 0.073710999999999999
  vertex 0.79961900000000008 0.010744699999999999 0.074730900000000003
  endloop
 endfacet

 facet normal 0.252182 0.0325732 0.967132
  outer loop
  vertex 0.80000000000000004 -0.0021000100000000002 0.075470799999999991
  vertex 0.80000000000000004 0.0071732200000000001 0.075158500000000003
  vertex 0.79961900000000008 -1.21412E-17 0.075499300000000005
  endloop
 endfacet

 facet normal 0.0889417 -0.0888321 0.992068
  outer loop
  vertex 0.80000000000000004 -0.011341499999999999 0.074643299999999996
  vertex 0.80000000000000004 -0.0021000100000000002 0.075470799999999991
  vertex 0.79961900000000008 -0.010744699999999999 0.074730900000000003
  endloop
 endfacet

 facet normal 0.127571 -0.326314 0.936614
  outer loop
  vertex 0.80000000000000004 -0.0291737 0.069635799999999998
  vertex 0.80000000000000004 -0.020411800000000001 0.0726884
  vertex 0.79961900000000008 -0.021270600000000001 0.072441100000000008
  endloop
 endfacet

 facet normal 0.273904 -0.425434 0.862544
  outer loop
  vertex 0.80000000000000004 -0.037495000000000001 0.065531499999999993
  vertex 0.80000000000000004 -0.0291737 0.069635799999999998
  vertex 0.79961900000000008 -0.031363599999999998 0.06867659999999999
  endloop
 endfacet

 facet normal 0.341266 -0.516059 0.785634
  outer loop
  vertex 0.80000000000000004 -0.045250100000000001 0.060437399999999995
  vertex 0.80000000000000004 -0.037495000000000001 0.065531499999999993
  vertex 0.79961900000000008 -0.040818 0.063514100000000004
  endloop
 endfacet

 facet normal 0.34152 -0.608469 0.71633
  outer loop
  vertex 0.80000000000000004 -0.052321800000000002 0.0544305
  vertex 0.80000000000000004 -0.045250100000000001 0.060437399999999995
  vertex 0.79961900000000008 -0.049441499999999999 0.057058600000000001
  endloop
 endfacet

 facet normal 0.27472 -0.707675 0.650941
  outer loop
  vertex 0.80000000000000004 -0.058603200000000001 0.047601600000000001
  vertex 0.80000000000000004 -0.052321800000000002 0.0544305
  vertex 0.79961900000000008 -0.057058600000000001 0.049441499999999999
  endloop
 endfacet

 facet normal 0.129042 -0.806674 0.576736
  outer loop
  vertex 0.80000000000000004 -0.063999500000000001 0.040053800000000001
  vertex 0.80000000000000004 -0.058603200000000001 0.047601600000000001
  vertex 0.79961900000000008 -0.063514100000000004 0.040818
  endloop
 endfacet

 facet normal 0.0873112 -0.927045 0.364642
  outer loop
  vertex 0.80000000000000004 -0.071825599999999989 0.023266499999999999
  vertex 0.80000000000000004 -0.068429299999999998 0.031901100000000002
  vertex 0.79961900000000008 -0.06867659999999999 0.031363599999999998
  endloop
 endfacet

 facet normal 0.251235 -0.937408 0.241137
  outer loop
  vertex 0.80000000000000004 -0.074137099999999997 0.0142805
  vertex 0.80000000000000004 -0.071825599999999989 0.023266499999999999
  vertex 0.79961900000000008 -0.072441100000000008 0.021270600000000001
  endloop
 endfacet

 facet normal 0.217275 -0.966186 0.138838
  outer loop
  vertex 0.79961900000000008 -0.074730900000000003 0.010744699999999999
  vertex 0.80000000000000004 -0.075158500000000003 0.0071727199999999996
  vertex 0.80000000000000004 -0.074137099999999997 0.0142805
  endloop
 endfacet

 facet normal -0.21447 0.589956 0.778431
  outer loop
  vertex 0.79961900000000008 0.040818 0.063514100000000004
  vertex 0.80000000000000004 0.041819299999999997 0.062860100000000002
  vertex 0.80000000000000004 0.049214000000000001 0.057255800000000003
  endloop
 endfacet

 facet normal -0.15786 -0.208043 0.965297
  outer loop
  vertex 0.79961900000000008 -0.021270600000000001 0.072441100000000008
  vertex 0.80000000000000004 -0.020411800000000001 0.0726884
  vertex 0.80000000000000004 -0.011341499999999999 0.074643299999999996
  endloop
 endfacet

 facet normal -0.102776 -0.87402 0.474896
  outer loop
  vertex 0.79961900000000008 -0.06867659999999999 0.031363599999999998
  vertex 0.80000000000000004 -0.068429299999999998 0.031901100000000002
  vertex 0.80000000000000004 -0.063999500000000001 0.040053800000000001
  endloop
 endfacet

 facet normal 0 0 -1
  outer loop
  vertex 4.1179499999999999E-07 2.1591800000000003E-06 0
  vertex 1.05538E-05 2.1533299999999999E-05 0
  vertex 8.6736200000000004E-22 3.4694499999999997E-21 0
  endloop
 endfacet

 facet normal -0.897505 0.439882 -0.031461
  outer loop
  vertex 1.05538E-05 2.1533299999999999E-05 0
  vertex 1.05538E-05 2.13141E-05 -3.0645000000000001E-06
  vertex 8.6736200000000004E-22 3.4694499999999997E-21 0
  endloop
 endfacet

 facet normal -0.703551 0.708834 -0.0506968
  outer loop
  vertex 1.05538E-05 2.1533299999999999E-05 0
  vertex 0.00013818700000000001 0.00014821500000000002 0
  vertex 1.05538E-05 2.13141E-05 -3.0645000000000001E-06
  endloop
 endfacet

 facet normal -0.703551 0.708834 -0.0506967
  outer loop
  vertex 0.00013818700000000001 0.00014821500000000002 0
  vertex 0.00013818700000000001 0.00014670700000000002 -2.10932E-05
  vertex 1.05538E-05 2.13141E-05 -3.0645000000000001E-06
  endloop
 endfacet

 facet normal -0.454697 0.888377 -0.0635376
  outer loop
  vertex 0.00013818700000000001 0.00014821500000000002 0
  vertex 0.00198263 0.0010922499999999999 0
  vertex 0.00013818700000000001 0.00014670700000000002 -2.10932E-05
  endloop
 endfacet

 facet normal -0.454697 0.888377 -0.0635377
  outer loop
  vertex 0.00198263 0.0010922499999999999 0
  vertex 0.00198263 0.00108114 -0.000155444
  vertex 0.00013818700000000001 0.00014670700000000002 -2.10932E-05
  endloop
 endfacet

 facet normal -0.31864 0.945461 -0.0676207
  outer loop
  vertex 0.00198263 0.0010922499999999999 0
  vertex 0.0076858899999999999 0.0030143700000000002 0
  vertex 0.00198263 0.00108114 -0.000155444
  endloop
 endfacet

 facet normal -0.31864 0.945461 -0.0676208
  outer loop
  vertex 0.0076858899999999999 0.0030143700000000002 0
  vertex 0.0076858899999999999 0.0029836900000000002 -0.00042898999999999997
  vertex 0.00198263 0.00108114 -0.000155444
  endloop
 endfacet

 facet normal -0.252638 0.965096 -0.0690253
  outer loop
  vertex 0.0076858899999999999 0.0030143700000000002 0
  vertex 0.0172239 0.0055111700000000001 0
  vertex 0.0076858899999999999 0.0029836900000000002 -0.00042898999999999997
  endloop
 endfacet

 facet normal -0.252638 0.965096 -0.0690253
  outer loop
  vertex 0.0172239 0.0055111700000000001 0
  vertex 0.0172239 0.0054550799999999993 -0.00078432199999999995
  vertex 0.0076858899999999999 0.0029836900000000002 -0.00042898999999999997
  endloop
 endfacet

 facet normal -0.214851 0.974159 -0.0696735
  outer loop
  vertex 0.0172239 0.0055111700000000001 0
  vertex 0.030448200000000002 0.0084277999999999992 0
  vertex 0.0172239 0.0054550799999999993 -0.00078432199999999995
  endloop
 endfacet

 facet normal -0.214851 0.974159 -0.0696735
  outer loop
  vertex 0.030448200000000002 0.0084277999999999992 0
  vertex 0.030448200000000002 0.0083420100000000004 -0.0011994
  vertex 0.0172239 0.0054550799999999993 -0.00078432199999999995
  endloop
 endfacet

 facet normal -0.179422 0.981266 -0.0701816
  outer loop
  vertex 0.030448200000000002 0.0084277999999999992 0
  vertex 0.067412200000000005 0.0151866 0
  vertex 0.030448200000000002 0.0083420100000000004 -0.0011994
  endloop
 endfacet

 facet normal -0.179422 0.981266 -0.0701816
  outer loop
  vertex 0.067412200000000005 0.0151866 0
  vertex 0.067412200000000005 0.015032 -0.0021612800000000002
  vertex 0.030448200000000002 0.0083420100000000004 -0.0011994
  endloop
 endfacet

 facet normal -0.151585 0.985926 -0.0705147
  outer loop
  vertex 0.067412200000000005 0.0151866 0
  vertex 0.110301 0.0217807 0
  vertex 0.067412200000000005 0.015032 -0.0021612800000000002
  endloop
 endfacet

 facet normal -0.151585 0.985926 -0.0705146
  outer loop
  vertex 0.110301 0.0217807 0
  vertex 0.110301 0.021559000000000002 -0.0030997199999999998
  vertex 0.067412200000000005 0.015032 -0.0021612800000000002
  endloop
 endfacet

 facet normal -0.130885 0.988872 -0.0707251
  outer loop
  vertex 0.110301 0.0217807 0
  vertex 0.17777199999999999 0.030710999999999999 0
  vertex 0.110301 0.021559000000000002 -0.0030997199999999998
  endloop
 endfacet

 facet normal -0.130885 0.988872 -0.0707252
  outer loop
  vertex 0.17777199999999999 0.030710999999999999 0
  vertex 0.17777199999999999 0.030398399999999999 -0.0043706300000000003
  vertex 0.110301 0.021559000000000002 -0.0030997199999999998
  endloop
 endfacet

 facet normal -0.11418 0.990929 -0.0708727
  outer loop
  vertex 0.17777199999999999 0.030710999999999999 0
  vertex 0.24692699999999998 0.0386793 0
  vertex 0.17777199999999999 0.030398399999999999 -0.0043706300000000003
  endloop
 endfacet

 facet normal -0.11418 0.990929 -0.0708726
  outer loop
  vertex 0.24692699999999998 0.0386793 0
  vertex 0.24692699999999998 0.038285600000000003 -0.0055046399999999999
  vertex 0.17777199999999999 0.030398399999999999 -0.0043706300000000003
  endloop
 endfacet

 facet normal -0.101207 0.992331 -0.0709729
  outer loop
  vertex 0.24692699999999998 0.0386793 0
  vertex 0.32196399999999997 0.0463323 0
  vertex 0.24692699999999998 0.038285600000000003 -0.0055046399999999999
  endloop
 endfacet

 facet normal -0.101207 0.992331 -0.0709729
  outer loop
  vertex 0.32196399999999997 0.0463323 0
  vertex 0.32196399999999997 0.045860700000000004 -0.0065937700000000005
  vertex 0.24692699999999998 0.038285600000000003 -0.0055046399999999999
  endloop
 endfacet

 facet normal -0.089803 0.993422 -0.0710509
  outer loop
  vertex 0.32196399999999997 0.0463323 0
  vertex 0.40000000000000002 0.053386599999999999 0
  vertex 0.32196399999999997 0.045860700000000004 -0.0065937700000000005
  endloop
 endfacet

 facet normal -0.089803 0.993422 -0.071051
  outer loop
  vertex 0.40000000000000002 0.053386599999999999 0
  vertex 0.40000000000000002 0.0528432 -0.0075976999999999998
  vertex 0.32196399999999997 0.045860700000000004 -0.0065937700000000005
  endloop
 endfacet

 facet normal -0.0793201 0.994309 -0.0711146
  outer loop
  vertex 0.40000000000000002 0.053386599999999999 0
  vertex 0.47803600000000002 0.0596118 0
  vertex 0.40000000000000002 0.0528432 -0.0075976999999999998
  endloop
 endfacet

 facet normal -0.0793201 0.994309 -0.0711145
  outer loop
  vertex 0.47803600000000002 0.0596118 0
  vertex 0.47803600000000002 0.059005099999999998 -0.0084836500000000006
  vertex 0.40000000000000002 0.0528432 -0.0075976999999999998
  endloop
 endfacet

 facet normal -0.069323 0.995053 -0.0711675
  outer loop
  vertex 0.47803600000000002 0.0596118 0
  vertex 0.55307299999999993 0.064839499999999994 0
  vertex 0.47803600000000002 0.059005099999999998 -0.0084836500000000006
  endloop
 endfacet

 facet normal -0.069323 0.995053 -0.0711675
  outer loop
  vertex 0.55307299999999993 0.064839499999999994 0
  vertex 0.55307299999999993 0.0641795 -0.0092276200000000006
  vertex 0.47803600000000002 0.059005099999999998 -0.0084836500000000006
  endloop
 endfacet

 facet normal -0.0594943 0.995685 -0.0712129
  outer loop
  vertex 0.55307299999999993 0.064839499999999994 0
  vertex 0.622228 0.068971599999999994 0
  vertex 0.55307299999999993 0.0641795 -0.0092276200000000006
  endloop
 endfacet

 facet normal -0.0594943 0.995685 -0.0712127
  outer loop
  vertex 0.622228 0.068971599999999994 0
  vertex 0.622228 0.0682696 -0.0098156900000000002
  vertex 0.55307299999999993 0.0641795 -0.0092276200000000006
  endloop
 endfacet

 facet normal -0.0472526 0.996338 -0.071259
  outer loop
  vertex 0.622228 0.068971599999999994 0
  vertex 0.70920399999999995 0.073096599999999998 0
  vertex 0.622228 0.0682696 -0.0098156900000000002
  endloop
 endfacet

 facet normal -0.0472526 0.996338 -0.0712592
  outer loop
  vertex 0.70920399999999995 0.073096599999999998 0
  vertex 0.70920399999999995 0.072352599999999989 -0.010402699999999999
  vertex 0.622228 0.0682696 -0.0098156900000000002
  endloop
 endfacet

 facet normal -0.0319093 0.996944 -0.0713029
  outer loop
  vertex 0.70920399999999995 0.073096599999999998 0
  vertex 0.76955200000000001 0.0750281 0
  vertex 0.70920399999999995 0.072352599999999989 -0.010402699999999999
  endloop
 endfacet

 facet normal -0.0319093 0.996944 -0.0713029
  outer loop
  vertex 0.76955200000000001 0.0750281 0
  vertex 0.76955200000000001 0.074264499999999997 -0.010677600000000001
  vertex 0.70920399999999995 0.072352599999999989 -0.010402699999999999
  endloop
 endfacet

 facet normal -0.0156292 0.99733 -0.0713306
  outer loop
  vertex 0.76955200000000001 0.0750281 0
  vertex 0.79961900000000008 0.074730900000000003 -0.010744699999999999
  vertex 0.76955200000000001 0.074264499999999997 -0.010677600000000001
  endloop
 endfacet

 facet normal -0.425635 -0.0811765 -0.901246
  outer loop
  vertex 8.6736200000000004E-22 3.4694499999999997E-21 0
  vertex 1.05538E-05 -2.13141E-05 -3.0645000000000001E-06
  vertex 4.1179499999999999E-07 -2.1591800000000003E-06 -6.94444E-22
  endloop
 endfacet

 facet normal -0.885463 -0.463525 -0.033152
  outer loop
  vertex 1.05538E-05 -2.13141E-05 -3.0645000000000001E-06
  vertex 1.05538E-05 -2.1533299999999999E-05 -6.9256199999999992E-21
  vertex 4.1179499999999999E-07 -2.1591800000000003E-06 -6.94444E-22
  endloop
 endfacet

 facet normal -0.703551 -0.708834 -0.0506968
  outer loop
  vertex 1.05538E-05 -2.13141E-05 -3.0645000000000001E-06
  vertex 0.00013818700000000001 -0.00014670700000000002 -2.10932E-05
  vertex 1.05538E-05 -2.1533299999999999E-05 -6.9256199999999992E-21
  endloop
 endfacet

 facet normal -0.703551 -0.708834 -0.0506967
  outer loop
  vertex 0.00013818700000000001 -0.00014670700000000002 -2.10932E-05
  vertex 0.00013818700000000001 -0.00014821500000000002 -4.7669699999999997E-20
  vertex 1.05538E-05 -2.1533299999999999E-05 -6.9256199999999992E-21
  endloop
 endfacet

 facet normal -0.454697 -0.888377 -0.0635376
  outer loop
  vertex 0.00013818700000000001 -0.00014670700000000002 -2.10932E-05
  vertex 0.00198263 -0.00108114 -0.000155444
  vertex 0.00013818700000000001 -0.00014821500000000002 -4.7669699999999997E-20
  endloop
 endfacet

 facet normal -0.454697 -0.888377 -0.0635377
  outer loop
  vertex 0.00198263 -0.00108114 -0.000155444
  vertex 0.00198263 -0.0010922499999999999 -3.5129599999999999E-19
  vertex 0.00013818700000000001 -0.00014821500000000002 -4.7669699999999997E-20
  endloop
 endfacet

 facet normal -0.31864 -0.945461 -0.0676207
  outer loop
  vertex 0.00198263 -0.00108114 -0.000155444
  vertex 0.0076858899999999999 -0.0029836900000000002 -0.00042898999999999997
  vertex 0.00198263 -0.0010922499999999999 -3.5129599999999999E-19
  endloop
 endfacet

 facet normal -0.31864 -0.945461 -0.0676208
  outer loop
  vertex 0.0076858899999999999 -0.0029836900000000002 -0.00042898999999999997
  vertex 0.0076858899999999999 -0.0030143700000000002 -9.6949500000000006E-19
  vertex 0.00198263 -0.0010922499999999999 -3.5129599999999999E-19
  endloop
 endfacet

 facet normal -0.252638 -0.965096 -0.0690253
  outer loop
  vertex 0.0076858899999999999 -0.0029836900000000002 -0.00042898999999999997
  vertex 0.0172239 -0.0054550799999999993 -0.00078432199999999995
  vertex 0.0076858899999999999 -0.0030143700000000002 -9.6949500000000006E-19
  endloop
 endfacet

 facet normal -0.252638 -0.965096 -0.0690253
  outer loop
  vertex 0.0172239 -0.0054550799999999993 -0.00078432199999999995
  vertex 0.0172239 -0.0055111700000000001 -1.77253E-18
  vertex 0.0076858899999999999 -0.0030143700000000002 -9.6949500000000006E-19
  endloop
 endfacet

 facet normal -0.214851 -0.974159 -0.0696735
  outer loop
  vertex 0.0172239 -0.0054550799999999993 -0.00078432199999999995
  vertex 0.030448200000000002 -0.0083420100000000004 -0.0011994
  vertex 0.0172239 -0.0055111700000000001 -1.77253E-18
  endloop
 endfacet

 facet normal -0.214851 -0.974159 -0.0696735
  outer loop
  vertex 0.030448200000000002 -0.0083420100000000004 -0.0011994
  vertex 0.030448200000000002 -0.0084277999999999992 -2.7105900000000003E-18
  vertex 0.0172239 -0.0055111700000000001 -1.77253E-18
  endloop
 endfacet

 facet normal -0.179422 -0.981266 -0.0701816
  outer loop
  vertex 0.030448200000000002 -0.0083420100000000004 -0.0011994
  vertex 0.067412200000000005 -0.015032 -0.0021612800000000002
  vertex 0.030448200000000002 -0.0084277999999999992 -2.7105900000000003E-18
  endloop
 endfacet

 facet normal -0.179422 -0.981266 -0.0701816
  outer loop
  vertex 0.067412200000000005 -0.015032 -0.0021612800000000002
  vertex 0.067412200000000005 -0.0151866 -4.8843799999999997E-18
  vertex 0.030448200000000002 -0.0084277999999999992 -2.7105900000000003E-18
  endloop
 endfacet

 facet normal -0.151585 -0.985926 -0.0705147
  outer loop
  vertex 0.067412200000000005 -0.015032 -0.0021612800000000002
  vertex 0.110301 -0.021559000000000002 -0.0030997199999999998
  vertex 0.067412200000000005 -0.0151866 -4.8843799999999997E-18
  endloop
 endfacet

 facet normal -0.151585 -0.985926 -0.0705146
  outer loop
  vertex 0.110301 -0.021559000000000002 -0.0030997199999999998
  vertex 0.110301 -0.0217807 -7.00521E-18
  vertex 0.067412200000000005 -0.0151866 -4.8843799999999997E-18
  endloop
 endfacet

 facet normal -0.130885 -0.988872 -0.0707251
  outer loop
  vertex 0.110301 -0.021559000000000002 -0.0030997199999999998
  vertex 0.17777199999999999 -0.030398399999999999 -0.0043706300000000003
  vertex 0.110301 -0.0217807 -7.00521E-18
  endloop
 endfacet

 facet normal -0.130885 -0.988872 -0.0707252
  outer loop
  vertex 0.17777199999999999 -0.030398399999999999 -0.0043706300000000003
  vertex 0.17777199999999999 -0.030710999999999999 -9.8774000000000011E-18
  vertex 0.110301 -0.0217807 -7.00521E-18
  endloop
 endfacet

 facet normal -0.11418 -0.990929 -0.0708727
  outer loop
  vertex 0.17777199999999999 -0.030398399999999999 -0.0043706300000000003
  vertex 0.24692699999999998 -0.038285600000000003 -0.0055046399999999999
  vertex 0.17777199999999999 -0.030710999999999999 -9.8774000000000011E-18
  endloop
 endfacet

 facet normal -0.11418 -0.990929 -0.0708726
  outer loop
  vertex 0.24692699999999998 -0.038285600000000003 -0.0055046399999999999
  vertex 0.24692699999999998 -0.0386793 -1.2440200000000001E-17
  vertex 0.17777199999999999 -0.030710999999999999 -9.8774000000000011E-18
  endloop
 endfacet

 facet normal -0.101207 -0.992331 -0.0709729
  outer loop
  vertex 0.24692699999999998 -0.038285600000000003 -0.0055046399999999999
  vertex 0.32196399999999997 -0.045860700000000004 -0.0065937700000000005
  vertex 0.24692699999999998 -0.0386793 -1.2440200000000001E-17
  endloop
 endfacet

 facet normal -0.101207 -0.992331 -0.0709729
  outer loop
  vertex 0.32196399999999997 -0.045860700000000004 -0.0065937700000000005
  vertex 0.32196399999999997 -0.0463323 -1.4901600000000001E-17
  vertex 0.24692699999999998 -0.0386793 -1.2440200000000001E-17
  endloop
 endfacet

 facet normal -0.089803 -0.993422 -0.0710509
  outer loop
  vertex 0.32196399999999997 -0.045860700000000004 -0.0065937700000000005
  vertex 0.40000000000000002 -0.0528432 -0.0075976999999999998
  vertex 0.32196399999999997 -0.0463323 -1.4901600000000001E-17
  endloop
 endfacet

 facet normal -0.089803 -0.993422 -0.071051
  outer loop
  vertex 0.40000000000000002 -0.0528432 -0.0075976999999999998
  vertex 0.40000000000000002 -0.053386599999999999 -1.7170400000000002E-17
  vertex 0.32196399999999997 -0.0463323 -1.4901600000000001E-17
  endloop
 endfacet

 facet normal -0.0793201 -0.994309 -0.0711146
  outer loop
  vertex 0.40000000000000002 -0.0528432 -0.0075976999999999998
  vertex 0.47803600000000002 -0.059005099999999998 -0.0084836500000000006
  vertex 0.40000000000000002 -0.053386599999999999 -1.7170400000000002E-17
  endloop
 endfacet

 facet normal -0.0793201 -0.994309 -0.0711145
  outer loop
  vertex 0.47803600000000002 -0.059005099999999998 -0.0084836500000000006
  vertex 0.47803600000000002 -0.0596118 -1.9172600000000002E-17
  vertex 0.40000000000000002 -0.053386599999999999 -1.7170400000000002E-17
  endloop
 endfacet

 facet normal -0.069323 -0.995053 -0.0711675
  outer loop
  vertex 0.47803600000000002 -0.059005099999999998 -0.0084836500000000006
  vertex 0.55307299999999993 -0.0641795 -0.0092276200000000006
  vertex 0.47803600000000002 -0.0596118 -1.9172600000000002E-17
  endloop
 endfacet

 facet normal -0.069323 -0.995053 -0.0711675
  outer loop
  vertex 0.55307299999999993 -0.0641795 -0.0092276200000000006
  vertex 0.55307299999999993 -0.064839499999999994 -2.0854E-17
  vertex 0.47803600000000002 -0.0596118 -1.9172600000000002E-17
  endloop
 endfacet

 facet normal -0.0594944 -0.995685 -0.0712129
  outer loop
  vertex 0.55307299999999993 -0.0641795 -0.0092276200000000006
  vertex 0.622228 -0.0682696 -0.0098156900000000002
  vertex 0.55307299999999993 -0.064839499999999994 -2.0854E-17
  endloop
 endfacet

 facet normal -0.0594944 -0.995685 -0.0712127
  outer loop
  vertex 0.622228 -0.0682696 -0.0098156900000000002
  vertex 0.622228 -0.068971599999999994 -2.2183E-17
  vertex 0.55307299999999993 -0.064839499999999994 -2.0854E-17
  endloop
 endfacet

 facet normal -0.0472526 -0.996338 -0.071259
  outer loop
  vertex 0.622228 -0.0682696 -0.0098156900000000002
  vertex 0.70920399999999995 -0.072352599999999989 -0.010402699999999999
  vertex 0.622228 -0.068971599999999994 -2.2183E-17
  endloop
 endfacet

 facet normal -0.0472526 -0.996338 -0.0712592
  outer loop
  vertex 0.70920399999999995 -0.072352599999999989 -0.010402699999999999
  vertex 0.70920399999999995 -0.073096599999999998 -2.3509700000000001E-17
  vertex 0.622228 -0.068971599999999994 -2.2183E-17
  endloop
 endfacet

 facet normal -0.0319093 -0.996944 -0.0713029
  outer loop
  vertex 0.70920399999999995 -0.072352599999999989 -0.010402699999999999
  vertex 0.76955200000000001 -0.074264499999999997 -0.010677600000000001
  vertex 0.70920399999999995 -0.073096599999999998 -2.3509700000000001E-17
  endloop
 endfacet

 facet normal -0.0319093 -0.996944 -0.0713029
  outer loop
  vertex 0.76955200000000001 -0.074264499999999997 -0.010677600000000001
  vertex 0.76955200000000001 -0.0750281 -2.4130899999999998E-17
  vertex 0.70920399999999995 -0.073096599999999998 -2.3509700000000001E-17
  endloop
 endfacet

 facet normal -0.0156292 -0.99733 -0.0713306
  outer loop
  vertex 0.76955200000000001 -0.074264499999999997 -0.010677600000000001
  vertex 0.79961900000000008 -0.074730900000000003 -0.010744699999999999
  vertex 0.76955200000000001 -0.0750281 -2.4130899999999998E-17
  endloop
 endfacet

 facet normal -0.703551 -0.694404 -0.151058
  outer loop
  vertex 1.05538E-05 -2.0660999999999998E-05 -6.0666200000000002E-06
  vertex 0.00013818700000000001 -0.00014221200000000001 -4.17571E-05
  vertex 1.05538E-05 -2.13141E-05 -3.0645000000000001E-06
  endloop
 endfacet

 facet normal -0.703551 -0.694404 -0.151058
  outer loop
  vertex 0.00013818700000000001 -0.00014221200000000001 -4.17571E-05
  vertex 0.00013818700000000001 -0.00014670700000000002 -2.10932E-05
  vertex 1.05538E-05 -2.13141E-05 -3.0645000000000001E-06
  endloop
 endfacet

 facet normal -0.454697 -0.870292 -0.189321
  outer loop
  vertex 0.00013818700000000001 -0.00014221200000000001 -4.17571E-05
  vertex 0.00198263 -0.00104801 -0.000307724
  vertex 0.00013818700000000001 -0.00014670700000000002 -2.10932E-05
  endloop
 endfacet

 facet normal -0.454697 -0.870292 -0.18932
  outer loop
  vertex 0.00198263 -0.00104801 -0.000307724
  vertex 0.00198263 -0.00108114 -0.000155444
  vertex 0.00013818700000000001 -0.00014670700000000002 -2.10932E-05
  endloop
 endfacet

 facet normal -0.31864 -0.926214 -0.201485
  outer loop
  vertex 0.00198263 -0.00104801 -0.000307724
  vertex 0.0076858899999999999 -0.0028922699999999997 -0.0008492459999999999
  vertex 0.00198263 -0.00108114 -0.000155444
  endloop
 endfacet

 facet normal -0.31864 -0.926214 -0.201485
  outer loop
  vertex 0.0076858899999999999 -0.0028922699999999997 -0.0008492459999999999
  vertex 0.0076858899999999999 -0.0029836900000000002 -0.00042898999999999997
  vertex 0.00198263 -0.00108114 -0.000155444
  endloop
 endfacet

 facet normal -0.252638 -0.945449 -0.20567
  outer loop
  vertex 0.0076858899999999999 -0.0028922699999999997 -0.0008492459999999999
  vertex 0.0172239 -0.0052879300000000006 -0.0015526800000000001
  vertex 0.0076858899999999999 -0.0029836900000000002 -0.00042898999999999997
  endloop
 endfacet

 facet normal -0.252638 -0.945449 -0.20567
  outer loop
  vertex 0.0172239 -0.0052879300000000006 -0.0015526800000000001
  vertex 0.0172239 -0.0054550799999999993 -0.00078432199999999995
  vertex 0.0076858899999999999 -0.0029836900000000002 -0.00042898999999999997
  endloop
 endfacet

 facet normal -0.214851 -0.954328 -0.207601
  outer loop
  vertex 0.0172239 -0.0052879300000000006 -0.0015526800000000001
  vertex 0.030448200000000002 -0.0080864100000000005 -0.0023743799999999997
  vertex 0.0172239 -0.0054550799999999993 -0.00078432199999999995
  endloop
 endfacet

 facet normal -0.214851 -0.954328 -0.207601
  outer loop
  vertex 0.030448200000000002 -0.0080864100000000005 -0.0023743799999999997
  vertex 0.030448200000000002 -0.0083420100000000004 -0.0011994
  vertex 0.0172239 -0.0054550799999999993 -0.00078432199999999995
  endloop
 endfacet

 facet normal -0.179422 -0.96129 -0.209116
  outer loop
  vertex 0.030448200000000002 -0.0080864100000000005 -0.0023743799999999997
  vertex 0.067412200000000005 -0.0145714 -0.0042785499999999999
  vertex 0.030448200000000002 -0.0083420100000000004 -0.0011994
  endloop
 endfacet

 facet normal -0.179422 -0.96129 -0.209116
  outer loop
  vertex 0.067412200000000005 -0.0145714 -0.0042785499999999999
  vertex 0.067412200000000005 -0.015032 -0.0021612800000000002
  vertex 0.030448200000000002 -0.0083420100000000004 -0.0011994
  endloop
 endfacet

 facet normal -0.151585 -0.965855 -0.210109
  outer loop
  vertex 0.067412200000000005 -0.0145714 -0.0042785499999999999
  vertex 0.110301 -0.020898399999999998 -0.0061363299999999997
  vertex 0.067412200000000005 -0.015032 -0.0021612800000000002
  endloop
 endfacet

 facet normal -0.151585 -0.965855 -0.210109
  outer loop
  vertex 0.110301 -0.020898399999999998 -0.0061363299999999997
  vertex 0.110301 -0.021559000000000002 -0.0030997199999999998
  vertex 0.067412200000000005 -0.015032 -0.0021612800000000002
  endloop
 endfacet

 facet normal -0.130885 -0.968741 -0.210737
  outer loop
  vertex 0.110301 -0.020898399999999998 -0.0061363299999999997
  vertex 0.17777199999999999 -0.029467 -0.00865228
  vertex 0.110301 -0.021559000000000002 -0.0030997199999999998
  endloop
 endfacet

 facet normal -0.130885 -0.968741 -0.210737
  outer loop
  vertex 0.17777199999999999 -0.029467 -0.00865228
  vertex 0.17777199999999999 -0.030398399999999999 -0.0043706300000000003
  vertex 0.110301 -0.021559000000000002 -0.0030997199999999998
  endloop
 endfacet

 facet normal -0.11418 -0.970756 -0.211175
  outer loop
  vertex 0.17777199999999999 -0.029467 -0.00865228
  vertex 0.24692699999999998 -0.0371125 -0.010897199999999999
  vertex 0.17777199999999999 -0.030398399999999999 -0.0043706300000000003
  endloop
 endfacet

 facet normal -0.11418 -0.970756 -0.211175
  outer loop
  vertex 0.24692699999999998 -0.0371125 -0.010897199999999999
  vertex 0.24692699999999998 -0.038285600000000003 -0.0055046399999999999
  vertex 0.17777199999999999 -0.030398399999999999 -0.0043706300000000003
  endloop
 endfacet

 facet normal -0.101207 -0.97213 -0.211474
  outer loop
  vertex 0.24692699999999998 -0.0371125 -0.010897199999999999
  vertex 0.32196399999999997 -0.044455500000000002 -0.0130533
  vertex 0.24692699999999998 -0.038285600000000003 -0.0055046399999999999
  endloop
 endfacet

 facet normal -0.101207 -0.97213 -0.211474
  outer loop
  vertex 0.32196399999999997 -0.044455500000000002 -0.0130533
  vertex 0.32196399999999997 -0.045860700000000004 -0.0065937700000000005
  vertex 0.24692699999999998 -0.038285600000000003 -0.0055046399999999999
  endloop
 endfacet

 facet normal -0.089803 -0.973199 -0.211707
  outer loop
  vertex 0.32196399999999997 -0.044455500000000002 -0.0130533
  vertex 0.40000000000000002 -0.051223999999999999 -0.015040699999999999
  vertex 0.32196399999999997 -0.045860700000000004 -0.0065937700000000005
  endloop
 endfacet

 facet normal -0.089803 -0.973199 -0.211707
  outer loop
  vertex 0.40000000000000002 -0.051223999999999999 -0.015040699999999999
  vertex 0.40000000000000002 -0.0528432 -0.0075976999999999998
  vertex 0.32196399999999997 -0.045860700000000004 -0.0065937700000000005
  endloop
 endfacet

 facet normal -0.0793202 -0.974068 -0.211896
  outer loop
  vertex 0.40000000000000002 -0.051223999999999999 -0.015040699999999999
  vertex 0.47803600000000002 -0.057197100000000001 -0.0167946
  vertex 0.40000000000000002 -0.0528432 -0.0075976999999999998
  endloop
 endfacet

 facet normal -0.0793202 -0.974068 -0.211896
  outer loop
  vertex 0.47803600000000002 -0.057197100000000001 -0.0167946
  vertex 0.47803600000000002 -0.059005099999999998 -0.0084836500000000006
  vertex 0.40000000000000002 -0.0528432 -0.0075976999999999998
  endloop
 endfacet

 facet normal -0.0693229 -0.974796 -0.212054
  outer loop
  vertex 0.47803600000000002 -0.057197100000000001 -0.0167946
  vertex 0.55307299999999993 -0.062213000000000004 -0.0182674
  vertex 0.47803600000000002 -0.059005099999999998 -0.0084836500000000006
  endloop
 endfacet

 facet normal -0.0693229 -0.974796 -0.212054
  outer loop
  vertex 0.55307299999999993 -0.062213000000000004 -0.0182674
  vertex 0.55307299999999993 -0.0641795 -0.0092276200000000006
  vertex 0.47803600000000002 -0.059005099999999998 -0.0084836500000000006
  endloop
 endfacet

 facet normal -0.0594944 -0.975416 -0.212189
  outer loop
  vertex 0.55307299999999993 -0.062213000000000004 -0.0182674
  vertex 0.622228 -0.066177800000000009 -0.0194316
  vertex 0.55307299999999993 -0.0641795 -0.0092276200000000006
  endloop
 endfacet

 facet normal -0.0594944 -0.975416 -0.212189
  outer loop
  vertex 0.622228 -0.066177800000000009 -0.0194316
  vertex 0.622228 -0.0682696 -0.0098156900000000002
  vertex 0.55307299999999993 -0.0641795 -0.0092276200000000006
  endloop
 endfacet

 facet normal -0.0472526 -0.976055 -0.212328
  outer loop
  vertex 0.622228 -0.066177800000000009 -0.0194316
  vertex 0.70920399999999995 -0.070135699999999995 -0.0205937
  vertex 0.622228 -0.0682696 -0.0098156900000000002
  endloop
 endfacet

 facet normal -0.0472526 -0.976055 -0.212328
  outer loop
  vertex 0.70920399999999995 -0.070135699999999995 -0.0205937
  vertex 0.70920399999999995 -0.072352599999999989 -0.010402699999999999
  vertex 0.622228 -0.0682696 -0.0098156900000000002
  endloop
 endfacet

 facet normal -0.0319093 -0.976649 -0.212457
  outer loop
  vertex 0.70920399999999995 -0.070135699999999995 -0.0205937
  vertex 0.76955200000000001 -0.071988999999999997 -0.021137899999999998
  vertex 0.70920399999999995 -0.072352599999999989 -0.010402699999999999
  endloop
 endfacet

 facet normal -0.0319093 -0.976649 -0.212457
  outer loop
  vertex 0.76955200000000001 -0.071988999999999997 -0.021137899999999998
  vertex 0.76955200000000001 -0.074264499999999997 -0.010677600000000001
  vertex 0.70920399999999995 -0.072352599999999989 -0.010402699999999999
  endloop
 endfacet

 facet normal -0.0156292 -0.977027 -0.212539
  outer loop
  vertex 0.76955200000000001 -0.071988999999999997 -0.021137899999999998
  vertex 0.79961900000000008 -0.072441100000000008 -0.021270600000000001
  vertex 0.76955200000000001 -0.074264499999999997 -0.010677600000000001
  endloop
 endfacet

 facet normal -0.0156292 -0.977027 -0.212539
  outer loop
  vertex 0.79961900000000008 -0.072441100000000008 -0.021270600000000001
  vertex 0.79961900000000008 -0.074730900000000003 -0.010744699999999999
  vertex 0.76955200000000001 -0.074264499999999997 -0.010677600000000001
  endloop
 endfacet

 facet normal -0.153438 -0.965576 -0.210048
  outer loop
  vertex 0.79961900000000008 -0.072441100000000008 -0.021270600000000001
  vertex 0.80000000000000004 -0.072688299999999997 -0.020412199999999998
  vertex 0.79961900000000008 -0.074730900000000003 -0.010744699999999999
  endloop
 endfacet

 facet normal -0.703551 -0.665838 -0.248345
  outer loop
  vertex 1.05538E-05 -1.9587299999999998E-05 -8.9452399999999998E-06
  vertex 0.00013818700000000001 -0.000134821 -6.1570900000000004E-05
  vertex 1.05538E-05 -2.0660999999999998E-05 -6.0666200000000002E-06
  endloop
 endfacet

 facet normal -0.703551 -0.665838 -0.248345
  outer loop
  vertex 0.00013818700000000001 -0.000134821 -6.1570900000000004E-05
  vertex 0.00013818700000000001 -0.00014221200000000001 -4.17571E-05
  vertex 1.05538E-05 -2.0660999999999998E-05 -6.0666200000000002E-06
  endloop
 endfacet

 facet normal -0.454697 -0.834491 -0.311249
  outer loop
  vertex 0.00013818700000000001 -0.000134821 -6.1570900000000004E-05
  vertex 0.00198263 -0.00099354900000000004 -0.00045373899999999999
  vertex 0.00013818700000000001 -0.00014221200000000001 -4.17571E-05
  endloop
 endfacet

 facet normal -0.454697 -0.834491 -0.311249
  outer loop
  vertex 0.00198263 -0.00099354900000000004 -0.00045373899999999999
  vertex 0.00198263 -0.00104801 -0.000307724
  vertex 0.00013818700000000001 -0.00014221200000000001 -4.17571E-05
  endloop
 endfacet

 facet normal -0.31864 -0.888112 -0.331249
  outer loop
  vertex 0.00198263 -0.00099354900000000004 -0.00045373899999999999
  vertex 0.0076858899999999999 -0.0027419699999999998 -0.0012522100000000001
  vertex 0.00198263 -0.00104801 -0.000307724
  endloop
 endfacet

 facet normal -0.31864 -0.888112 -0.331249
  outer loop
  vertex 0.0076858899999999999 -0.0027419699999999998 -0.0012522100000000001
  vertex 0.0076858899999999999 -0.0028922699999999997 -0.0008492459999999999
  vertex 0.00198263 -0.00104801 -0.000307724
  endloop
 endfacet

 facet normal -0.252638 -0.906556 -0.338128
  outer loop
  vertex 0.0076858899999999999 -0.0027419699999999998 -0.0012522100000000001
  vertex 0.0172239 -0.0050131400000000001 -0.0022894199999999999
  vertex 0.0076858899999999999 -0.0028922699999999997 -0.0008492459999999999
  endloop
 endfacet

 facet normal -0.252638 -0.906556 -0.338128
  outer loop
  vertex 0.0172239 -0.0050131400000000001 -0.0022894199999999999
  vertex 0.0172239 -0.0052879300000000006 -0.0015526800000000001
  vertex 0.0076858899999999999 -0.0028922699999999997 -0.0008492459999999999
  endloop
 endfacet

 facet normal -0.214851 -0.915069 -0.341303
  outer loop
  vertex 0.0172239 -0.0050131400000000001 -0.0022894199999999999
  vertex 0.030448200000000002 -0.0076661900000000007 -0.00350103
  vertex 0.0172239 -0.0052879300000000006 -0.0015526800000000001
  endloop
 endfacet

 facet normal -0.214851 -0.915069 -0.341303
  outer loop
  vertex 0.030448200000000002 -0.0076661900000000007 -0.00350103
  vertex 0.030448200000000002 -0.0080864100000000005 -0.0023743799999999997
  vertex 0.0172239 -0.0052879300000000006 -0.0015526800000000001
  endloop
 endfacet

 facet normal -0.179422 -0.921745 -0.343793
  outer loop
  vertex 0.030448200000000002 -0.0076661900000000007 -0.00350103
  vertex 0.067412200000000005 -0.0138142 -0.0063087299999999994
  vertex 0.030448200000000002 -0.0080864100000000005 -0.0023743799999999997
  endloop
 endfacet

 facet normal -0.179422 -0.921745 -0.343793
  outer loop
  vertex 0.067412200000000005 -0.0138142 -0.0063087299999999994
  vertex 0.067412200000000005 -0.0145714 -0.0042785499999999999
  vertex 0.030448200000000002 -0.0080864100000000005 -0.0023743799999999997
  endloop
 endfacet

 facet normal -0.151585 -0.926123 -0.345426
  outer loop
  vertex 0.067412200000000005 -0.0138142 -0.0063087299999999994
  vertex 0.110301 -0.019812400000000001 -0.0090480300000000003
  vertex 0.067412200000000005 -0.0145714 -0.0042785499999999999
  endloop
 endfacet

 facet normal -0.151585 -0.926123 -0.345426
  outer loop
  vertex 0.110301 -0.019812400000000001 -0.0090480300000000003
  vertex 0.110301 -0.020898399999999998 -0.0061363299999999997
  vertex 0.067412200000000005 -0.0145714 -0.0042785499999999999
  endloop
 endfacet

 facet normal -0.130885 -0.92889 -0.346458
  outer loop
  vertex 0.110301 -0.019812400000000001 -0.0090480300000000003
  vertex 0.17777199999999999 -0.027935700000000001 -0.0127578
  vertex 0.110301 -0.020898399999999998 -0.0061363299999999997
  endloop
 endfacet

 facet normal -0.130885 -0.92889 -0.346458
  outer loop
  vertex 0.17777199999999999 -0.027935700000000001 -0.0127578
  vertex 0.17777199999999999 -0.029467 -0.00865228
  vertex 0.110301 -0.020898399999999998 -0.0061363299999999997
  endloop
 endfacet

 facet normal -0.11418 -0.930822 -0.347179
  outer loop
  vertex 0.17777199999999999 -0.027935700000000001 -0.0127578
  vertex 0.24692699999999998 -0.035184 -0.016068000000000002
  vertex 0.17777199999999999 -0.029467 -0.00865228
  endloop
 endfacet

 facet normal -0.11418 -0.930822 -0.347179
  outer loop
  vertex 0.24692699999999998 -0.035184 -0.016068000000000002
  vertex 0.24692699999999998 -0.0371125 -0.010897199999999999
  vertex 0.17777199999999999 -0.029467 -0.00865228
  endloop
 endfacet

 facet normal -0.101207 -0.932139 -0.34767
  outer loop
  vertex 0.24692699999999998 -0.035184 -0.016068000000000002
  vertex 0.32196399999999997 -0.042145299999999997 -0.0192471
  vertex 0.24692699999999998 -0.0371125 -0.010897199999999999
  endloop
 endfacet

 facet normal -0.101207 -0.932139 -0.34767
  outer loop
  vertex 0.32196399999999997 -0.042145299999999997 -0.0192471
  vertex 0.32196399999999997 -0.044455500000000002 -0.0130533
  vertex 0.24692699999999998 -0.0371125 -0.010897199999999999
  endloop
 endfacet

 facet normal -0.089803 -0.933164 -0.348052
  outer loop
  vertex 0.32196399999999997 -0.042145299999999997 -0.0192471
  vertex 0.40000000000000002 -0.048562100000000004 -0.022177600000000002
  vertex 0.32196399999999997 -0.044455500000000002 -0.0130533
  endloop
 endfacet

 facet normal -0.089803 -0.933164 -0.348052
  outer loop
  vertex 0.40000000000000002 -0.048562100000000004 -0.022177600000000002
  vertex 0.40000000000000002 -0.051223999999999999 -0.015040699999999999
  vertex 0.32196399999999997 -0.044455500000000002 -0.0130533
  endloop
 endfacet

 facet normal -0.0793201 -0.933998 -0.348363
  outer loop
  vertex 0.40000000000000002 -0.048562100000000004 -0.022177600000000002
  vertex 0.47803600000000002 -0.054224800000000004 -0.0247636
  vertex 0.40000000000000002 -0.051223999999999999 -0.015040699999999999
  endloop
 endfacet

 facet normal -0.0793201 -0.933998 -0.348363
  outer loop
  vertex 0.47803600000000002 -0.054224800000000004 -0.0247636
  vertex 0.47803600000000002 -0.057197100000000001 -0.0167946
  vertex 0.40000000000000002 -0.051223999999999999 -0.015040699999999999
  endloop
 endfacet

 facet normal -0.069323 -0.934696 -0.348624
  outer loop
  vertex 0.47803600000000002 -0.054224800000000004 -0.0247636
  vertex 0.55307299999999993 -0.058980100000000001 -0.026935300000000002
  vertex 0.47803600000000002 -0.057197100000000001 -0.0167946
  endloop
 endfacet

 facet normal -0.0693229 -0.934696 -0.348624
  outer loop
  vertex 0.55307299999999993 -0.058980100000000001 -0.026935300000000002
  vertex 0.55307299999999993 -0.062213000000000004 -0.0182674
  vertex 0.47803600000000002 -0.057197100000000001 -0.0167946
  endloop
 endfacet

 facet normal -0.0594944 -0.93529 -0.348845
  outer loop
  vertex 0.55307299999999993 -0.058980100000000001 -0.026935300000000002
  vertex 0.622228 -0.062738799999999997 -0.028651900000000001
  vertex 0.55307299999999993 -0.062213000000000004 -0.0182674
  endloop
 endfacet

 facet normal -0.0594944 -0.93529 -0.348845
  outer loop
  vertex 0.622228 -0.062738799999999997 -0.028651900000000001
  vertex 0.622228 -0.066177800000000009 -0.0194316
  vertex 0.55307299999999993 -0.062213000000000004 -0.0182674
  endloop
 endfacet

 facet normal -0.0472526 -0.935903 -0.349074
  outer loop
  vertex 0.622228 -0.062738799999999997 -0.028651900000000001
  vertex 0.70920399999999995 -0.066490999999999995 -0.030365400000000001
  vertex 0.622228 -0.066177800000000009 -0.0194316
  endloop
 endfacet

 facet normal -0.0472526 -0.935903 -0.349074
  outer loop
  vertex 0.70920399999999995 -0.066490999999999995 -0.030365400000000001
  vertex 0.70920399999999995 -0.070135699999999995 -0.0205937
  vertex 0.622228 -0.066177800000000009 -0.0194316
  endloop
 endfacet

 facet normal -0.0319093 -0.936473 -0.349286
  outer loop
  vertex 0.70920399999999995 -0.066490999999999995 -0.030365400000000001
  vertex 0.76955200000000001 -0.068248000000000003 -0.031167799999999999
  vertex 0.70920399999999995 -0.070135699999999995 -0.0205937
  endloop
 endfacet

 facet normal -0.0319093 -0.936473 -0.349286
  outer loop
  vertex 0.76955200000000001 -0.068248000000000003 -0.031167799999999999
  vertex 0.76955200000000001 -0.071988999999999997 -0.021137899999999998
  vertex 0.70920399999999995 -0.070135699999999995 -0.0205937
  endloop
 endfacet

 facet normal -0.0156291 -0.936835 -0.349421
  outer loop
  vertex 0.76955200000000001 -0.068248000000000003 -0.031167799999999999
  vertex 0.79961900000000008 -0.06867659999999999 -0.031363599999999998
  vertex 0.76955200000000001 -0.071988999999999997 -0.021137899999999998
  endloop
 endfacet

 facet normal -0.0156291 -0.936835 -0.349421
  outer loop
  vertex 0.79961900000000008 -0.06867659999999999 -0.031363599999999998
  vertex 0.79961900000000008 -0.072441100000000008 -0.021270600000000001
  vertex 0.76955200000000001 -0.071988999999999997 -0.021137899999999998
  endloop
 endfacet

 facet normal -0.2164 -0.914748 -0.341184
  outer loop
  vertex 0.79961900000000008 -0.06867659999999999 -0.031363599999999998
  vertex 0.80000000000000004 -0.069222999999999993 -0.0301401
  vertex 0.79961900000000008 -0.072441100000000008 -0.021270600000000001
  endloop
 endfacet

 facet normal -0.703551 -0.623718 -0.340575
  outer loop
  vertex 1.05538E-05 -1.8114899999999998E-05 -1.1641800000000001E-05
  vertex 0.00013818700000000001 -0.00012468700000000001 -8.0131199999999996E-05
  vertex 1.05538E-05 -1.9587299999999998E-05 -8.9452399999999998E-06
  endloop
 endfacet

 facet normal -0.703551 -0.623718 -0.340575
  outer loop
  vertex 0.00013818700000000001 -0.00012468700000000001 -8.0131199999999996E-05
  vertex 0.00013818700000000001 -0.000134821 -6.1570900000000004E-05
  vertex 1.05538E-05 -1.9587299999999998E-05 -8.9452399999999998E-06
  endloop
 endfacet

 facet normal -0.454697 -0.781702 -0.426841
  outer loop
  vertex 0.00013818700000000001 -0.00012468700000000001 -8.0131199999999996E-05
  vertex 0.00198263 -0.00091886300000000001 -0.00059051699999999993
  vertex 0.00013818700000000001 -0.000134821 -6.1570900000000004E-05
  endloop
 endfacet

 facet normal -0.454697 -0.781702 -0.426841
  outer loop
  vertex 0.00198263 -0.00091886300000000001 -0.00059051699999999993
  vertex 0.00198263 -0.00099354900000000004 -0.00045373899999999999
  vertex 0.00013818700000000001 -0.000134821 -6.1570900000000004E-05
  endloop
 endfacet

 facet normal -0.31864 -0.831931 -0.454269
  outer loop
  vertex 0.00198263 -0.00091886300000000001 -0.00059051699999999993
  vertex 0.0076858899999999999 -0.0025358500000000001 -0.00162969
  vertex 0.00198263 -0.00099354900000000004 -0.00045373899999999999
  endloop
 endfacet

 facet normal -0.31864 -0.831931 -0.454269
  outer loop
  vertex 0.0076858899999999999 -0.0025358500000000001 -0.00162969
  vertex 0.0076858899999999999 -0.0027419699999999998 -0.0012522100000000001
  vertex 0.00198263 -0.00099354900000000004 -0.00045373899999999999
  endloop
 endfacet

 facet normal -0.252638 -0.849208 -0.463702
  outer loop
  vertex 0.0076858899999999999 -0.0025358500000000001 -0.00162969
  vertex 0.0172239 -0.0046362899999999995 -0.00297957
  vertex 0.0076858899999999999 -0.0027419699999999998 -0.0012522100000000001
  endloop
 endfacet

 facet normal -0.252638 -0.849208 -0.463702
  outer loop
  vertex 0.0172239 -0.0046362899999999995 -0.00297957
  vertex 0.0172239 -0.0050131400000000001 -0.0022894199999999999
  vertex 0.0076858899999999999 -0.0027419699999999998 -0.0012522100000000001
  endloop
 endfacet

 facet normal -0.214851 -0.857183 -0.468057
  outer loop
  vertex 0.0172239 -0.0046362899999999995 -0.00297957
  vertex 0.030448200000000002 -0.0070899099999999996 -0.0045564099999999995
  vertex 0.0172239 -0.0050131400000000001 -0.0022894199999999999
  endloop
 endfacet

 facet normal -0.214851 -0.857183 -0.468057
  outer loop
  vertex 0.030448200000000002 -0.0070899099999999996 -0.0045564099999999995
  vertex 0.030448200000000002 -0.0076661900000000007 -0.00350103
  vertex 0.0172239 -0.0050131400000000001 -0.0022894199999999999
  endloop
 endfacet

 facet normal -0.179422 -0.863436 -0.471472
  outer loop
  vertex 0.030448200000000002 -0.0070899099999999996 -0.0045564099999999995
  vertex 0.067412200000000005 -0.0127758 -0.0082104800000000009
  vertex 0.030448200000000002 -0.0076661900000000007 -0.00350103
  endloop
 endfacet

 facet normal -0.179422 -0.863436 -0.471472
  outer loop
  vertex 0.067412200000000005 -0.0127758 -0.0082104800000000009
  vertex 0.067412200000000005 -0.0138142 -0.0063087299999999994
  vertex 0.030448200000000002 -0.0076661900000000007 -0.00350103
  endloop
 endfacet

 facet normal -0.151585 -0.867537 -0.473711
  outer loop
  vertex 0.067412200000000005 -0.0127758 -0.0082104800000000009
  vertex 0.110301 -0.018323100000000002 -0.0117755
  vertex 0.067412200000000005 -0.0138142 -0.0063087299999999994
  endloop
 endfacet

 facet normal -0.151585 -0.867537 -0.473711
  outer loop
  vertex 0.110301 -0.018323100000000002 -0.0117755
  vertex 0.110301 -0.019812400000000001 -0.0090480300000000003
  vertex 0.067412200000000005 -0.0138142 -0.0063087299999999994
  endloop
 endfacet

 facet normal -0.130885 -0.870129 -0.475126
  outer loop
  vertex 0.110301 -0.018323100000000002 -0.0117755
  vertex 0.17777199999999999 -0.0258357 -0.0166036
  vertex 0.110301 -0.019812400000000001 -0.0090480300000000003
  endloop
 endfacet

 facet normal -0.130885 -0.870129 -0.475126
  outer loop
  vertex 0.17777199999999999 -0.0258357 -0.0166036
  vertex 0.17777199999999999 -0.027935700000000001 -0.0127578
  vertex 0.110301 -0.019812400000000001 -0.0090480300000000003
  endloop
 endfacet

 facet normal -0.11418 -0.871939 -0.476115
  outer loop
  vertex 0.17777199999999999 -0.0258357 -0.0166036
  vertex 0.24692699999999998 -0.032539099999999994 -0.020911599999999999
  vertex 0.17777199999999999 -0.027935700000000001 -0.0127578
  endloop
 endfacet

 facet normal -0.11418 -0.871939 -0.476115
  outer loop
  vertex 0.24692699999999998 -0.032539099999999994 -0.020911599999999999
  vertex 0.24692699999999998 -0.035184 -0.016068000000000002
  vertex 0.17777199999999999 -0.027935700000000001 -0.0127578
  endloop
 endfacet

 facet normal -0.101207 -0.873173 -0.476788
  outer loop
  vertex 0.24692699999999998 -0.032539099999999994 -0.020911599999999999
  vertex 0.32196399999999997 -0.038977200000000004 -0.025049099999999998
  vertex 0.24692699999999998 -0.035184 -0.016068000000000002
  endloop
 endfacet

 facet normal -0.101207 -0.873173 -0.476788
  outer loop
  vertex 0.32196399999999997 -0.038977200000000004 -0.025049099999999998
  vertex 0.32196399999999997 -0.042145299999999997 -0.0192471
  vertex 0.24692699999999998 -0.035184 -0.016068000000000002
  endloop
 endfacet

 facet normal -0.089803 -0.874133 -0.477313
  outer loop
  vertex 0.32196399999999997 -0.038977200000000004 -0.025049099999999998
  vertex 0.40000000000000002 -0.044911600000000003 -0.028863
  vertex 0.32196399999999997 -0.042145299999999997 -0.0192471
  endloop
 endfacet

 facet normal -0.089803 -0.874133 -0.477313
  outer loop
  vertex 0.40000000000000002 -0.044911600000000003 -0.028863
  vertex 0.40000000000000002 -0.048562100000000004 -0.022177600000000002
  vertex 0.32196399999999997 -0.042145299999999997 -0.0192471
  endloop
 endfacet

 facet normal -0.0793202 -0.874913 -0.477739
  outer loop
  vertex 0.40000000000000002 -0.044911600000000003 -0.028863
  vertex 0.47803600000000002 -0.050148699999999997 -0.032228600000000003
  vertex 0.40000000000000002 -0.048562100000000004 -0.022177600000000002
  endloop
 endfacet

 facet normal -0.0793201 -0.874913 -0.477739
  outer loop
  vertex 0.47803600000000002 -0.050148699999999997 -0.032228600000000003
  vertex 0.47803600000000002 -0.054224800000000004 -0.0247636
  vertex 0.40000000000000002 -0.048562100000000004 -0.022177600000000002
  endloop
 endfacet

 facet normal -0.069323 -0.875567 -0.478096
  outer loop
  vertex 0.47803600000000002 -0.050148699999999997 -0.032228600000000003
  vertex 0.55307299999999993 -0.054546500000000005 -0.035054900000000007
  vertex 0.47803600000000002 -0.054224800000000004 -0.0247636
  endloop
 endfacet

 facet normal -0.069323 -0.875567 -0.478096
  outer loop
  vertex 0.55307299999999993 -0.054546500000000005 -0.035054900000000007
  vertex 0.55307299999999993 -0.058980100000000001 -0.026935300000000002
  vertex 0.47803600000000002 -0.054224800000000004 -0.0247636
  endloop
 endfacet

 facet normal -0.0594944 -0.876124 -0.4784
  outer loop
  vertex 0.55307299999999993 -0.054546500000000005 -0.035054900000000007
  vertex 0.622228 -0.058022599999999994 -0.0372889
  vertex 0.55307299999999993 -0.058980100000000001 -0.026935300000000002
  endloop
 endfacet

 facet normal -0.0594944 -0.876124 -0.4784
  outer loop
  vertex 0.622228 -0.058022599999999994 -0.0372889
  vertex 0.622228 -0.062738799999999997 -0.028651900000000001
  vertex 0.55307299999999993 -0.058980100000000001 -0.026935300000000002
  endloop
 endfacet

 facet normal -0.0472526 -0.876699 -0.478714
  outer loop
  vertex 0.622228 -0.058022599999999994 -0.0372889
  vertex 0.70920399999999995 -0.0614928 -0.039518999999999999
  vertex 0.622228 -0.062738799999999997 -0.028651900000000001
  endloop
 endfacet

 facet normal -0.0472526 -0.876699 -0.478714
  outer loop
  vertex 0.70920399999999995 -0.0614928 -0.039518999999999999
  vertex 0.70920399999999995 -0.066490999999999995 -0.030365400000000001
  vertex 0.622228 -0.062738799999999997 -0.028651900000000001
  endloop
 endfacet

 facet normal -0.0319093 -0.877232 -0.479005
  outer loop
  vertex 0.70920399999999995 -0.0614928 -0.039518999999999999
  vertex 0.76955200000000001 -0.063117699999999999 -0.040563299999999997
  vertex 0.70920399999999995 -0.066490999999999995 -0.030365400000000001
  endloop
 endfacet

 facet normal -0.0319093 -0.877232 -0.479005
  outer loop
  vertex 0.76955200000000001 -0.063117699999999999 -0.040563299999999997
  vertex 0.76955200000000001 -0.068248000000000003 -0.031167799999999999
  vertex 0.70920399999999995 -0.066490999999999995 -0.030365400000000001
  endloop
 endfacet

 facet normal -0.0156292 -0.877572 -0.47919
  outer loop
  vertex 0.76955200000000001 -0.063117699999999999 -0.040563299999999997
  vertex 0.79961900000000008 -0.063514100000000004 -0.040818
  vertex 0.76955200000000001 -0.068248000000000003 -0.031167799999999999
  endloop
 endfacet

 facet normal -0.0156292 -0.877572 -0.47919
  outer loop
  vertex 0.79961900000000008 -0.063514100000000004 -0.040818
  vertex 0.79961900000000008 -0.06867659999999999 -0.031363599999999998
  vertex 0.76955200000000001 -0.068248000000000003 -0.031167799999999999
  endloop
 endfacet

 facet normal -0.270602 -0.844934 -0.461369
  outer loop
  vertex 0.79961900000000008 -0.063514100000000004 -0.040818
  vertex 0.80000000000000004 -0.064462699999999998 -0.039304100000000002
  vertex 0.79961900000000008 -0.06867659999999999 -0.031363599999999998
  endloop
 endfacet

 facet normal -0.703551 -0.5689 -0.425874
  outer loop
  vertex 1.05538E-05 -1.62737E-05 -1.41013E-05
  vertex 0.00013818700000000001 -0.000112014 -9.706040000000001E-05
  vertex 1.05538E-05 -1.8114899999999998E-05 -1.1641800000000001E-05
  endloop
 endfacet

 facet normal -0.703551 -0.5689 -0.425873
  outer loop
  vertex 0.00013818700000000001 -0.000112014 -9.706040000000001E-05
  vertex 0.00013818700000000001 -0.00012468700000000001 -8.0131199999999996E-05
  vertex 1.05538E-05 -1.8114899999999998E-05 -1.1641800000000001E-05
  endloop
 endfacet

 facet normal -0.454697 -0.712999 -0.533744
  outer loop
  vertex 0.00013818700000000001 -0.000112014 -9.706040000000001E-05
  vertex 0.00198263 -0.00082547099999999993 -0.00071527400000000001
  vertex 0.00013818700000000001 -0.00012468700000000001 -8.0131199999999996E-05
  endloop
 endfacet

 facet normal -0.454697 -0.712999 -0.533744
  outer loop
  vertex 0.00198263 -0.00082547099999999993 -0.00071527400000000001
  vertex 0.00198263 -0.00091886300000000001 -0.00059051699999999993
  vertex 0.00013818700000000001 -0.00012468700000000001 -8.0131199999999996E-05
  endloop
 endfacet

 facet normal -0.31864 -0.758814 -0.568041
  outer loop
  vertex 0.00198263 -0.00082547099999999993 -0.00071527400000000001
  vertex 0.0076858899999999999 -0.0022781099999999999 -0.0019739900000000001
  vertex 0.00198263 -0.00091886300000000001 -0.00059051699999999993
  endloop
 endfacet

 facet normal -0.31864 -0.758814 -0.568041
  outer loop
  vertex 0.0076858899999999999 -0.0022781099999999999 -0.0019739900000000001
  vertex 0.0076858899999999999 -0.0025358500000000001 -0.00162969
  vertex 0.00198263 -0.00091886300000000001 -0.00059051699999999993
  endloop
 endfacet

 facet normal -0.252638 -0.774572 -0.579838
  outer loop
  vertex 0.0076858899999999999 -0.0022781099999999999 -0.0019739900000000001
  vertex 0.0172239 -0.0041650699999999999 -0.0036090499999999999
  vertex 0.0076858899999999999 -0.0025358500000000001 -0.00162969
  endloop
 endfacet

 facet normal -0.252638 -0.774572 -0.579838
  outer loop
  vertex 0.0172239 -0.0041650699999999999 -0.0036090499999999999
  vertex 0.0172239 -0.0046362899999999995 -0.00297957
  vertex 0.0076858899999999999 -0.0025358500000000001 -0.00162969
  endloop
 endfacet

 facet normal -0.214851 -0.781846 -0.585283
  outer loop
  vertex 0.0172239 -0.0041650699999999999 -0.0036090499999999999
  vertex 0.030448200000000002 -0.0063692999999999996 -0.0055190300000000003
  vertex 0.0172239 -0.0046362899999999995 -0.00297957
  endloop
 endfacet

 facet normal -0.214851 -0.781846 -0.585283
  outer loop
  vertex 0.030448200000000002 -0.0063692999999999996 -0.0055190300000000003
  vertex 0.030448200000000002 -0.0070899099999999996 -0.0045564099999999995
  vertex 0.0172239 -0.0046362899999999995 -0.00297957
  endloop
 endfacet

 facet normal -0.179422 -0.78755 -0.589553
  outer loop
  vertex 0.030448200000000002 -0.0063692999999999996 -0.0055190300000000003
  vertex 0.067412200000000005 -0.011477299999999999 -0.0099450900000000002
  vertex 0.030448200000000002 -0.0070899099999999996 -0.0045564099999999995
  endloop
 endfacet

 facet normal -0.179422 -0.78755 -0.589553
  outer loop
  vertex 0.067412200000000005 -0.011477299999999999 -0.0099450900000000002
  vertex 0.067412200000000005 -0.0127758 -0.0082104800000000009
  vertex 0.030448200000000002 -0.0070899099999999996 -0.0045564099999999995
  endloop
 endfacet

 facet normal -0.151585 -0.79129 -0.592353
  outer loop
  vertex 0.067412200000000005 -0.011477299999999999 -0.0099450900000000002
  vertex 0.110301 -0.016460799999999998 -0.0142633
  vertex 0.067412200000000005 -0.0127758 -0.0082104800000000009
  endloop
 endfacet

 facet normal -0.151585 -0.79129 -0.592353
  outer loop
  vertex 0.110301 -0.016460799999999998 -0.0142633
  vertex 0.110301 -0.018323100000000002 -0.0117755
  vertex 0.067412200000000005 -0.0127758 -0.0082104800000000009
  endloop
 endfacet

 facet normal -0.130885 -0.793655 -0.594123
  outer loop
  vertex 0.110301 -0.016460799999999998 -0.0142633
  vertex 0.17777199999999999 -0.023209800000000003 -0.020111399999999998
  vertex 0.110301 -0.018323100000000002 -0.0117755
  endloop
 endfacet

 facet normal -0.130885 -0.793655 -0.594123
  outer loop
  vertex 0.17777199999999999 -0.023209800000000003 -0.020111399999999998
  vertex 0.17777199999999999 -0.0258357 -0.0166036
  vertex 0.110301 -0.018323100000000002 -0.0117755
  endloop
 endfacet

 facet normal -0.11418 -0.795306 -0.595359
  outer loop
  vertex 0.17777199999999999 -0.023209800000000003 -0.020111399999999998
  vertex 0.24692699999999998 -0.029231899999999998 -0.025329600000000001
  vertex 0.17777199999999999 -0.0258357 -0.0166036
  endloop
 endfacet

 facet normal -0.11418 -0.795306 -0.595359
  outer loop
  vertex 0.24692699999999998 -0.029231899999999998 -0.025329600000000001
  vertex 0.24692699999999998 -0.032539099999999994 -0.020911599999999999
  vertex 0.17777199999999999 -0.0258357 -0.0166036
  endloop
 endfacet

 facet normal -0.101207 -0.796431 -0.596201
  outer loop
  vertex 0.24692699999999998 -0.029231899999999998 -0.025329600000000001
  vertex 0.32196399999999997 -0.035015600000000001 -0.030341200000000002
  vertex 0.24692699999999998 -0.032539099999999994 -0.020911599999999999
  endloop
 endfacet

 facet normal -0.101207 -0.796431 -0.596201
  outer loop
  vertex 0.32196399999999997 -0.035015600000000001 -0.030341200000000002
  vertex 0.32196399999999997 -0.038977200000000004 -0.025049099999999998
  vertex 0.24692699999999998 -0.032539099999999994 -0.020911599999999999
  endloop
 endfacet

 facet normal -0.089803 -0.797307 -0.596856
  outer loop
  vertex 0.32196399999999997 -0.035015600000000001 -0.030341200000000002
  vertex 0.40000000000000002 -0.040346899999999998 -0.0349608
  vertex 0.32196399999999997 -0.038977200000000004 -0.025049099999999998
  endloop
 endfacet

 facet normal -0.089803 -0.797307 -0.596856
  outer loop
  vertex 0.40000000000000002 -0.040346899999999998 -0.0349608
  vertex 0.40000000000000002 -0.044911600000000003 -0.028863
  vertex 0.32196399999999997 -0.038977200000000004 -0.025049099999999998
  endloop
 endfacet

 facet normal -0.0793202 -0.798019 -0.59739
  outer loop
  vertex 0.40000000000000002 -0.040346899999999998 -0.0349608
  vertex 0.47803600000000002 -0.045051599999999997 -0.0390374
  vertex 0.40000000000000002 -0.044911600000000003 -0.028863
  endloop
 endfacet

 facet normal -0.0793202 -0.798019 -0.597389
  outer loop
  vertex 0.47803600000000002 -0.045051599999999997 -0.0390374
  vertex 0.47803600000000002 -0.050148699999999997 -0.032228600000000003
  vertex 0.40000000000000002 -0.044911600000000003 -0.028863
  endloop
 endfacet

 facet normal -0.0693229 -0.798616 -0.597836
  outer loop
  vertex 0.47803600000000002 -0.045051599999999997 -0.0390374
  vertex 0.55307299999999993 -0.049002400000000002 -0.0424608
  vertex 0.47803600000000002 -0.050148699999999997 -0.032228600000000003
  endloop
 endfacet

 facet normal -0.069323 -0.798616 -0.597836
  outer loop
  vertex 0.55307299999999993 -0.049002400000000002 -0.0424608
  vertex 0.55307299999999993 -0.054546500000000005 -0.035054900000000007
  vertex 0.47803600000000002 -0.050148699999999997 -0.032228600000000003
  endloop
 endfacet

 facet normal -0.0594944 -0.799123 -0.598216
  outer loop
  vertex 0.55307299999999993 -0.049002400000000002 -0.0424608
  vertex 0.622228 -0.052125299999999999 -0.0451668
  vertex 0.55307299999999993 -0.054546500000000005 -0.035054900000000007
  endloop
 endfacet

 facet normal -0.0594944 -0.799123 -0.598216
  outer loop
  vertex 0.622228 -0.052125299999999999 -0.0451668
  vertex 0.622228 -0.058022599999999994 -0.0372889
  vertex 0.55307299999999993 -0.054546500000000005 -0.035054900000000007
  endloop
 endfacet

 facet normal -0.0472526 -0.799647 -0.598608
  outer loop
  vertex 0.622228 -0.052125299999999999 -0.0451668
  vertex 0.70920399999999995 -0.055242699999999999 -0.047868099999999997
  vertex 0.622228 -0.058022599999999994 -0.0372889
  endloop
 endfacet

 facet normal -0.0472526 -0.799647 -0.598608
  outer loop
  vertex 0.70920399999999995 -0.055242699999999999 -0.047868099999999997
  vertex 0.70920399999999995 -0.0614928 -0.039518999999999999
  vertex 0.622228 -0.058022599999999994 -0.0372889
  endloop
 endfacet

 facet normal -0.0319094 -0.800133 -0.598973
  outer loop
  vertex 0.70920399999999995 -0.055242699999999999 -0.047868099999999997
  vertex 0.76955200000000001 -0.056702500000000003 -0.049133000000000003
  vertex 0.70920399999999995 -0.0614928 -0.039518999999999999
  endloop
 endfacet

 facet normal -0.0319093 -0.800133 -0.598973
  outer loop
  vertex 0.76955200000000001 -0.056702500000000003 -0.049133000000000003
  vertex 0.76955200000000001 -0.063117699999999999 -0.040563299999999997
  vertex 0.70920399999999995 -0.0614928 -0.039518999999999999
  endloop
 endfacet

 facet normal -0.0156293 -0.800443 -0.599205
  outer loop
  vertex 0.76955200000000001 -0.056702500000000003 -0.049133000000000003
  vertex 0.79961900000000008 -0.057058600000000001 -0.049441499999999999
  vertex 0.76955200000000001 -0.063117699999999999 -0.040563299999999997
  endloop
 endfacet

 facet normal -0.0156292 -0.800443 -0.599204
  outer loop
  vertex 0.79961900000000008 -0.057058600000000001 -0.049441499999999999
  vertex 0.79961900000000008 -0.063514100000000004 -0.040818
  vertex 0.76955200000000001 -0.063117699999999999 -0.040563299999999997
  endloop
 endfacet

 facet normal -0.39485 -0.735494 -0.550583
  outer loop
  vertex 0.79961900000000008 -0.057058600000000001 -0.049441499999999999
  vertex 0.80000000000000004 -0.0591548 -0.046914400000000002
  vertex 0.79961900000000008 -0.063514100000000004 -0.040818
  endloop
 endfacet

 facet normal -0.703551 -0.502501 -0.502501
  outer loop
  vertex 1.05538E-05 -1.41013E-05 -1.62737E-05
  vertex 0.00013818700000000001 -9.706040000000001E-05 -0.000112014
  vertex 1.05538E-05 -1.62737E-05 -1.41013E-05
  endloop
 endfacet

 facet normal -0.703551 -0.502501 -0.502501
  outer loop
  vertex 0.00013818700000000001 -9.706040000000001E-05 -0.000112014
  vertex 0.00013818700000000001 -0.000112014 -9.706040000000001E-05
  vertex 1.05538E-05 -1.62737E-05 -1.41013E-05
  endloop
 endfacet

 facet normal -0.454697 -0.629782 -0.629782
  outer loop
  vertex 0.00013818700000000001 -9.706040000000001E-05 -0.000112014
  vertex 0.00198263 -0.00071527400000000001 -0.00082547099999999993
  vertex 0.00013818700000000001 -0.000112014 -9.706040000000001E-05
  endloop
 endfacet

 facet normal -0.454697 -0.629782 -0.629782
  outer loop
  vertex 0.00198263 -0.00071527400000000001 -0.00082547099999999993
  vertex 0.00198263 -0.00082547099999999993 -0.00071527400000000001
  vertex 0.00013818700000000001 -0.000112014 -9.706040000000001E-05
  endloop
 endfacet

 facet normal -0.31864 -0.670249 -0.670249
  outer loop
  vertex 0.00198263 -0.00071527400000000001 -0.00082547099999999993
  vertex 0.0076858899999999999 -0.0019739900000000001 -0.0022781099999999999
  vertex 0.00198263 -0.00082547099999999993 -0.00071527400000000001
  endloop
 endfacet

 facet normal -0.31864 -0.670249 -0.670249
  outer loop
  vertex 0.0076858899999999999 -0.0019739900000000001 -0.0022781099999999999
  vertex 0.0076858899999999999 -0.0022781099999999999 -0.0019739900000000001
  vertex 0.00198263 -0.00082547099999999993 -0.00071527400000000001
  endloop
 endfacet

 facet normal -0.252638 -0.684169 -0.684169
  outer loop
  vertex 0.0076858899999999999 -0.0019739900000000001 -0.0022781099999999999
  vertex 0.0172239 -0.0036090499999999999 -0.0041650699999999999
  vertex 0.0076858899999999999 -0.0022781099999999999 -0.0019739900000000001
  endloop
 endfacet

 facet normal -0.252638 -0.684169 -0.684169
  outer loop
  vertex 0.0172239 -0.0036090499999999999 -0.0041650699999999999
  vertex 0.0172239 -0.0041650699999999999 -0.0036090499999999999
  vertex 0.0076858899999999999 -0.0022781099999999999 -0.0019739900000000001
  endloop
 endfacet

 facet normal -0.214851 -0.690594 -0.690594
  outer loop
  vertex 0.0172239 -0.0036090499999999999 -0.0041650699999999999
  vertex 0.030448200000000002 -0.0055190300000000003 -0.0063692999999999996
  vertex 0.0172239 -0.0041650699999999999 -0.0036090499999999999
  endloop
 endfacet

 facet normal -0.214851 -0.690594 -0.690594
  outer loop
  vertex 0.030448200000000002 -0.0055190300000000003 -0.0063692999999999996
  vertex 0.030448200000000002 -0.0063692999999999996 -0.0055190300000000003
  vertex 0.0172239 -0.0041650699999999999 -0.0036090499999999999
  endloop
 endfacet

 facet normal -0.179422 -0.695632 -0.695632
  outer loop
  vertex 0.030448200000000002 -0.0055190300000000003 -0.0063692999999999996
  vertex 0.067412200000000005 -0.0099450900000000002 -0.011477299999999999
  vertex 0.030448200000000002 -0.0063692999999999996 -0.0055190300000000003
  endloop
 endfacet

 facet normal -0.179422 -0.695632 -0.695632
  outer loop
  vertex 0.067412200000000005 -0.0099450900000000002 -0.011477299999999999
  vertex 0.067412200000000005 -0.011477299999999999 -0.0099450900000000002
  vertex 0.030448200000000002 -0.0063692999999999996 -0.0055190300000000003
  endloop
 endfacet

 facet normal -0.151585 -0.698936 -0.698936
  outer loop
  vertex 0.067412200000000005 -0.0099450900000000002 -0.011477299999999999
  vertex 0.110301 -0.0142633 -0.016460799999999998
  vertex 0.067412200000000005 -0.011477299999999999 -0.0099450900000000002
  endloop
 endfacet

 facet normal -0.151585 -0.698936 -0.698936
  outer loop
  vertex 0.110301 -0.0142633 -0.016460799999999998
  vertex 0.110301 -0.016460799999999998 -0.0142633
  vertex 0.067412200000000005 -0.011477299999999999 -0.0099450900000000002
  endloop
 endfacet

 facet normal -0.130885 -0.701024 -0.701024
  outer loop
  vertex 0.110301 -0.0142633 -0.016460799999999998
  vertex 0.17777199999999999 -0.020111399999999998 -0.023209800000000003
  vertex 0.110301 -0.016460799999999998 -0.0142633
  endloop
 endfacet

 facet normal -0.130885 -0.701024 -0.701024
  outer loop
  vertex 0.17777199999999999 -0.020111399999999998 -0.023209800000000003
  vertex 0.17777199999999999 -0.023209800000000003 -0.020111399999999998
  vertex 0.110301 -0.016460799999999998 -0.0142633
  endloop
 endfacet

 facet normal -0.11418 -0.702482 -0.702482
  outer loop
  vertex 0.17777199999999999 -0.020111399999999998 -0.023209800000000003
  vertex 0.24692699999999998 -0.025329600000000001 -0.029231899999999998
  vertex 0.17777199999999999 -0.023209800000000003 -0.020111399999999998
  endloop
 endfacet

 facet normal -0.11418 -0.702482 -0.702482
  outer loop
  vertex 0.24692699999999998 -0.025329600000000001 -0.029231899999999998
  vertex 0.24692699999999998 -0.029231899999999998 -0.025329600000000001
  vertex 0.17777199999999999 -0.023209800000000003 -0.020111399999999998
  endloop
 endfacet

 facet normal -0.101207 -0.703476 -0.703476
  outer loop
  vertex 0.24692699999999998 -0.025329600000000001 -0.029231899999999998
  vertex 0.32196399999999997 -0.030341200000000002 -0.035015600000000001
  vertex 0.24692699999999998 -0.029231899999999998 -0.025329600000000001
  endloop
 endfacet

 facet normal -0.101207 -0.703476 -0.703476
  outer loop
  vertex 0.32196399999999997 -0.030341200000000002 -0.035015600000000001
  vertex 0.32196399999999997 -0.035015600000000001 -0.030341200000000002
  vertex 0.24692699999999998 -0.029231899999999998 -0.025329600000000001
  endloop
 endfacet

 facet normal -0.089803 -0.70425 -0.70425
  outer loop
  vertex 0.32196399999999997 -0.030341200000000002 -0.035015600000000001
  vertex 0.40000000000000002 -0.0349608 -0.040346899999999998
  vertex 0.32196399999999997 -0.035015600000000001 -0.030341200000000002
  endloop
 endfacet

 facet normal -0.089803 -0.70425 -0.70425
  outer loop
  vertex 0.40000000000000002 -0.0349608 -0.040346899999999998
  vertex 0.40000000000000002 -0.040346899999999998 -0.0349608
  vertex 0.32196399999999997 -0.035015600000000001 -0.030341200000000002
  endloop
 endfacet

 facet normal -0.0793202 -0.704879 -0.704879
  outer loop
  vertex 0.40000000000000002 -0.0349608 -0.040346899999999998
  vertex 0.47803600000000002 -0.0390374 -0.045051599999999997
  vertex 0.40000000000000002 -0.040346899999999998 -0.0349608
  endloop
 endfacet

 facet normal -0.0793202 -0.704879 -0.704879
  outer loop
  vertex 0.47803600000000002 -0.0390374 -0.045051599999999997
  vertex 0.47803600000000002 -0.045051599999999997 -0.0390374
  vertex 0.40000000000000002 -0.040346899999999998 -0.0349608
  endloop
 endfacet

 facet normal -0.069323 -0.705406 -0.705406
  outer loop
  vertex 0.47803600000000002 -0.0390374 -0.045051599999999997
  vertex 0.55307299999999993 -0.0424608 -0.049002400000000002
  vertex 0.47803600000000002 -0.045051599999999997 -0.0390374
  endloop
 endfacet

 facet normal -0.0693229 -0.705406 -0.705406
  outer loop
  vertex 0.55307299999999993 -0.0424608 -0.049002400000000002
  vertex 0.55307299999999993 -0.049002400000000002 -0.0424608
  vertex 0.47803600000000002 -0.045051599999999997 -0.0390374
  endloop
 endfacet

 facet normal -0.0594944 -0.705854 -0.705854
  outer loop
  vertex 0.55307299999999993 -0.0424608 -0.049002400000000002
  vertex 0.622228 -0.0451668 -0.052125299999999999
  vertex 0.55307299999999993 -0.049002400000000002 -0.0424608
  endloop
 endfacet

 facet normal -0.0594944 -0.705854 -0.705854
  outer loop
  vertex 0.622228 -0.0451668 -0.052125299999999999
  vertex 0.622228 -0.052125299999999999 -0.0451668
  vertex 0.55307299999999993 -0.049002400000000002 -0.0424608
  endloop
 endfacet

 facet normal -0.0472526 -0.706317 -0.706317
  outer loop
  vertex 0.622228 -0.0451668 -0.052125299999999999
  vertex 0.70920399999999995 -0.047868099999999997 -0.055242699999999999
  vertex 0.622228 -0.052125299999999999 -0.0451668
  endloop
 endfacet

 facet normal -0.0472526 -0.706317 -0.706317
  outer loop
  vertex 0.70920399999999995 -0.047868099999999997 -0.055242699999999999
  vertex 0.70920399999999995 -0.055242699999999999 -0.047868099999999997
  vertex 0.622228 -0.052125299999999999 -0.0451668
  endloop
 endfacet

 facet normal -0.0319094 -0.706747 -0.706747
  outer loop
  vertex 0.70920399999999995 -0.047868099999999997 -0.055242699999999999
  vertex 0.76955200000000001 -0.049133000000000003 -0.056702500000000003
  vertex 0.70920399999999995 -0.055242699999999999 -0.047868099999999997
  endloop
 endfacet

 facet normal -0.0319094 -0.706747 -0.706747
  outer loop
  vertex 0.76955200000000001 -0.049133000000000003 -0.056702500000000003
  vertex 0.76955200000000001 -0.056702500000000003 -0.049133000000000003
  vertex 0.70920399999999995 -0.055242699999999999 -0.047868099999999997
  endloop
 endfacet

 facet normal -0.0156293 -0.70702 -0.70702
  outer loop
  vertex 0.76955200000000001 -0.049133000000000003 -0.056702500000000003
  vertex 0.79961900000000008 -0.049441499999999999 -0.057058600000000001
  vertex 0.76955200000000001 -0.056702500000000003 -0.049133000000000003
  endloop
 endfacet

 facet normal -0.0156293 -0.70702 -0.70702
  outer loop
  vertex 0.79961900000000008 -0.049441499999999999 -0.057058600000000001
  vertex 0.79961900000000008 -0.057058600000000001 -0.049441499999999999
  vertex 0.76955200000000001 -0.056702500000000003 -0.049133000000000003
  endloop
 endfacet

 facet normal -0.447584 -0.632325 -0.632325
  outer loop
  vertex 0.79961900000000008 -0.049441499999999999 -0.057058600000000001
  vertex 0.80000000000000004 -0.052953400000000005 -0.053816200000000002
  vertex 0.79961900000000008 -0.057058600000000001 -0.049441499999999999
  endloop
 endfacet

 facet normal -0.703551 -0.425874 -0.5689
  outer loop
  vertex 1.05538E-05 -1.1641800000000001E-05 -1.8114899999999998E-05
  vertex 0.00013818700000000001 -8.0131199999999996E-05 -0.00012468700000000001
  vertex 1.05538E-05 -1.41013E-05 -1.62737E-05
  endloop
 endfacet

 facet normal -0.703551 -0.425874 -0.5689
  outer loop
  vertex 0.00013818700000000001 -8.0131199999999996E-05 -0.00012468700000000001
  vertex 0.00013818700000000001 -9.706040000000001E-05 -0.000112014
  vertex 1.05538E-05 -1.41013E-05 -1.62737E-05
  endloop
 endfacet

 facet normal -0.454697 -0.533744 -0.712999
  outer loop
  vertex 0.00013818700000000001 -8.0131199999999996E-05 -0.00012468700000000001
  vertex 0.00198263 -0.00059051699999999993 -0.00091886300000000001
  vertex 0.00013818700000000001 -9.706040000000001E-05 -0.000112014
  endloop
 endfacet

 facet normal -0.454697 -0.533744 -0.712999
  outer loop
  vertex 0.00198263 -0.00059051699999999993 -0.00091886300000000001
  vertex 0.00198263 -0.00071527400000000001 -0.00082547099999999993
  vertex 0.00013818700000000001 -9.706040000000001E-05 -0.000112014
  endloop
 endfacet

 facet normal -0.31864 -0.568041 -0.758814
  outer loop
  vertex 0.00198263 -0.00059051699999999993 -0.00091886300000000001
  vertex 0.0076858899999999999 -0.00162969 -0.0025358500000000001
  vertex 0.00198263 -0.00071527400000000001 -0.00082547099999999993
  endloop
 endfacet

 facet normal -0.31864 -0.568041 -0.758814
  outer loop
  vertex 0.0076858899999999999 -0.00162969 -0.0025358500000000001
  vertex 0.0076858899999999999 -0.0019739900000000001 -0.0022781099999999999
  vertex 0.00198263 -0.00071527400000000001 -0.00082547099999999993
  endloop
 endfacet

 facet normal -0.252638 -0.579838 -0.774572
  outer loop
  vertex 0.0076858899999999999 -0.00162969 -0.0025358500000000001
  vertex 0.0172239 -0.00297957 -0.0046362899999999995
  vertex 0.0076858899999999999 -0.0019739900000000001 -0.0022781099999999999
  endloop
 endfacet

 facet normal -0.252638 -0.579838 -0.774572
  outer loop
  vertex 0.0172239 -0.00297957 -0.0046362899999999995
  vertex 0.0172239 -0.0036090499999999999 -0.0041650699999999999
  vertex 0.0076858899999999999 -0.0019739900000000001 -0.0022781099999999999
  endloop
 endfacet

 facet normal -0.214851 -0.585283 -0.781846
  outer loop
  vertex 0.0172239 -0.00297957 -0.0046362899999999995
  vertex 0.030448200000000002 -0.0045564099999999995 -0.0070899099999999996
  vertex 0.0172239 -0.0036090499999999999 -0.0041650699999999999
  endloop
 endfacet

 facet normal -0.214851 -0.585283 -0.781846
  outer loop
  vertex 0.030448200000000002 -0.0045564099999999995 -0.0070899099999999996
  vertex 0.030448200000000002 -0.0055190300000000003 -0.0063692999999999996
  vertex 0.0172239 -0.0036090499999999999 -0.0041650699999999999
  endloop
 endfacet

 facet normal -0.179422 -0.589553 -0.78755
  outer loop
  vertex 0.030448200000000002 -0.0045564099999999995 -0.0070899099999999996
  vertex 0.067412200000000005 -0.0082104800000000009 -0.0127758
  vertex 0.030448200000000002 -0.0055190300000000003 -0.0063692999999999996
  endloop
 endfacet

 facet normal -0.179422 -0.589553 -0.78755
  outer loop
  vertex 0.067412200000000005 -0.0082104800000000009 -0.0127758
  vertex 0.067412200000000005 -0.0099450900000000002 -0.011477299999999999
  vertex 0.030448200000000002 -0.0055190300000000003 -0.0063692999999999996
  endloop
 endfacet

 facet normal -0.151585 -0.592353 -0.79129
  outer loop
  vertex 0.067412200000000005 -0.0082104800000000009 -0.0127758
  vertex 0.110301 -0.0117755 -0.018323100000000002
  vertex 0.067412200000000005 -0.0099450900000000002 -0.011477299999999999
  endloop
 endfacet

 facet normal -0.151585 -0.592353 -0.79129
  outer loop
  vertex 0.110301 -0.0117755 -0.018323100000000002
  vertex 0.110301 -0.0142633 -0.016460799999999998
  vertex 0.067412200000000005 -0.0099450900000000002 -0.011477299999999999
  endloop
 endfacet

 facet normal -0.130885 -0.594123 -0.793655
  outer loop
  vertex 0.110301 -0.0117755 -0.018323100000000002
  vertex 0.17777199999999999 -0.0166036 -0.0258357
  vertex 0.110301 -0.0142633 -0.016460799999999998
  endloop
 endfacet

 facet normal -0.130885 -0.594123 -0.793655
  outer loop
  vertex 0.17777199999999999 -0.0166036 -0.0258357
  vertex 0.17777199999999999 -0.020111399999999998 -0.023209800000000003
  vertex 0.110301 -0.0142633 -0.016460799999999998
  endloop
 endfacet

 facet normal -0.11418 -0.595359 -0.795306
  outer loop
  vertex 0.17777199999999999 -0.0166036 -0.0258357
  vertex 0.24692699999999998 -0.020911599999999999 -0.032539099999999994
  vertex 0.17777199999999999 -0.020111399999999998 -0.023209800000000003
  endloop
 endfacet

 facet normal -0.11418 -0.595359 -0.795306
  outer loop
  vertex 0.24692699999999998 -0.020911599999999999 -0.032539099999999994
  vertex 0.24692699999999998 -0.025329600000000001 -0.029231899999999998
  vertex 0.17777199999999999 -0.020111399999999998 -0.023209800000000003
  endloop
 endfacet

 facet normal -0.101207 -0.596201 -0.796431
  outer loop
  vertex 0.24692699999999998 -0.020911599999999999 -0.032539099999999994
  vertex 0.32196399999999997 -0.025049099999999998 -0.038977200000000004
  vertex 0.24692699999999998 -0.025329600000000001 -0.029231899999999998
  endloop
 endfacet

 facet normal -0.101207 -0.596201 -0.796431
  outer loop
  vertex 0.32196399999999997 -0.025049099999999998 -0.038977200000000004
  vertex 0.32196399999999997 -0.030341200000000002 -0.035015600000000001
  vertex 0.24692699999999998 -0.025329600000000001 -0.029231899999999998
  endloop
 endfacet

 facet normal -0.089803 -0.596856 -0.797307
  outer loop
  vertex 0.32196399999999997 -0.025049099999999998 -0.038977200000000004
  vertex 0.40000000000000002 -0.028863 -0.044911600000000003
  vertex 0.32196399999999997 -0.030341200000000002 -0.035015600000000001
  endloop
 endfacet

 facet normal -0.089803 -0.596856 -0.797307
  outer loop
  vertex 0.40000000000000002 -0.028863 -0.044911600000000003
  vertex 0.40000000000000002 -0.0349608 -0.040346899999999998
  vertex 0.32196399999999997 -0.030341200000000002 -0.035015600000000001
  endloop
 endfacet

 facet normal -0.0793201 -0.59739 -0.798019
  outer loop
  vertex 0.40000000000000002 -0.028863 -0.044911600000000003
  vertex 0.47803600000000002 -0.032228600000000003 -0.050148699999999997
  vertex 0.40000000000000002 -0.0349608 -0.040346899999999998
  endloop
 endfacet

 facet normal -0.0793202 -0.597389 -0.798019
  outer loop
  vertex 0.47803600000000002 -0.032228600000000003 -0.050148699999999997
  vertex 0.47803600000000002 -0.0390374 -0.045051599999999997
  vertex 0.40000000000000002 -0.0349608 -0.040346899999999998
  endloop
 endfacet

 facet normal -0.069323 -0.597836 -0.798616
  outer loop
  vertex 0.47803600000000002 -0.032228600000000003 -0.050148699999999997
  vertex 0.55307299999999993 -0.035054900000000007 -0.054546500000000005
  vertex 0.47803600000000002 -0.0390374 -0.045051599999999997
  endloop
 endfacet

 facet normal -0.069323 -0.597836 -0.798616
  outer loop
  vertex 0.55307299999999993 -0.035054900000000007 -0.054546500000000005
  vertex 0.55307299999999993 -0.0424608 -0.049002400000000002
  vertex 0.47803600000000002 -0.0390374 -0.045051599999999997
  endloop
 endfacet

 facet normal -0.0594944 -0.598216 -0.799123
  outer loop
  vertex 0.55307299999999993 -0.035054900000000007 -0.054546500000000005
  vertex 0.622228 -0.0372889 -0.058022599999999994
  vertex 0.55307299999999993 -0.0424608 -0.049002400000000002
  endloop
 endfacet

 facet normal -0.0594944 -0.598216 -0.799123
  outer loop
  vertex 0.622228 -0.0372889 -0.058022599999999994
  vertex 0.622228 -0.0451668 -0.052125299999999999
  vertex 0.55307299999999993 -0.0424608 -0.049002400000000002
  endloop
 endfacet

 facet normal -0.0472526 -0.598608 -0.799647
  outer loop
  vertex 0.622228 -0.0372889 -0.058022599999999994
  vertex 0.70920399999999995 -0.039518999999999999 -0.0614928
  vertex 0.622228 -0.0451668 -0.052125299999999999
  endloop
 endfacet

 facet normal -0.0472526 -0.598608 -0.799647
  outer loop
  vertex 0.70920399999999995 -0.039518999999999999 -0.0614928
  vertex 0.70920399999999995 -0.047868099999999997 -0.055242699999999999
  vertex 0.622228 -0.0451668 -0.052125299999999999
  endloop
 endfacet

 facet normal -0.0319093 -0.598973 -0.800133
  outer loop
  vertex 0.70920399999999995 -0.039518999999999999 -0.0614928
  vertex 0.76955200000000001 -0.040563299999999997 -0.063117699999999999
  vertex 0.70920399999999995 -0.047868099999999997 -0.055242699999999999
  endloop
 endfacet

 facet normal -0.0319093 -0.598973 -0.800133
  outer loop
  vertex 0.76955200000000001 -0.040563299999999997 -0.063117699999999999
  vertex 0.76955200000000001 -0.049133000000000003 -0.056702500000000003
  vertex 0.70920399999999995 -0.047868099999999997 -0.055242699999999999
  endloop
 endfacet

 facet normal -0.0156292 -0.599205 -0.800443
  outer loop
  vertex 0.76955200000000001 -0.040563299999999997 -0.063117699999999999
  vertex 0.79961900000000008 -0.040818 -0.063514100000000004
  vertex 0.76955200000000001 -0.049133000000000003 -0.056702500000000003
  endloop
 endfacet

 facet normal -0.0156292 -0.599204 -0.800443
  outer loop
  vertex 0.79961900000000008 -0.040818 -0.063514100000000004
  vertex 0.79961900000000008 -0.049441499999999999 -0.057058600000000001
  vertex 0.76955200000000001 -0.049133000000000003 -0.056702500000000003
  endloop
 endfacet

 facet normal -0.442409 -0.53744 -0.717936
  outer loop
  vertex 0.79961900000000008 -0.040818 -0.063514100000000004
  vertex 0.80000000000000004 -0.045952399999999997 -0.059905199999999999
  vertex 0.79961900000000008 -0.049441499999999999 -0.057058600000000001
  endloop
 endfacet

 facet normal -0.703551 -0.340575 -0.623718
  outer loop
  vertex 1.05538E-05 -8.9452399999999998E-06 -1.9587299999999998E-05
  vertex 0.00013818700000000001 -6.1570900000000004E-05 -0.000134821
  vertex 1.05538E-05 -1.1641800000000001E-05 -1.8114899999999998E-05
  endloop
 endfacet

 facet normal -0.703551 -0.340575 -0.623718
  outer loop
  vertex 0.00013818700000000001 -6.1570900000000004E-05 -0.000134821
  vertex 0.00013818700000000001 -8.0131199999999996E-05 -0.00012468700000000001
  vertex 1.05538E-05 -1.1641800000000001E-05 -1.8114899999999998E-05
  endloop
 endfacet

 facet normal -0.454697 -0.426841 -0.781702
  outer loop
  vertex 0.00013818700000000001 -6.1570900000000004E-05 -0.000134821
  vertex 0.00198263 -0.00045373899999999999 -0.00099354900000000004
  vertex 0.00013818700000000001 -8.0131199999999996E-05 -0.00012468700000000001
  endloop
 endfacet

 facet normal -0.454697 -0.426841 -0.781702
  outer loop
  vertex 0.00198263 -0.00045373899999999999 -0.00099354900000000004
  vertex 0.00198263 -0.00059051699999999993 -0.00091886300000000001
  vertex 0.00013818700000000001 -8.0131199999999996E-05 -0.00012468700000000001
  endloop
 endfacet

 facet normal -0.31864 -0.454269 -0.831931
  outer loop
  vertex 0.00198263 -0.00045373899999999999 -0.00099354900000000004
  vertex 0.0076858899999999999 -0.0012522100000000001 -0.0027419699999999998
  vertex 0.00198263 -0.00059051699999999993 -0.00091886300000000001
  endloop
 endfacet

 facet normal -0.31864 -0.454269 -0.831931
  outer loop
  vertex 0.0076858899999999999 -0.0012522100000000001 -0.0027419699999999998
  vertex 0.0076858899999999999 -0.00162969 -0.0025358500000000001
  vertex 0.00198263 -0.00059051699999999993 -0.00091886300000000001
  endloop
 endfacet

 facet normal -0.252638 -0.463702 -0.849208
  outer loop
  vertex 0.0076858899999999999 -0.0012522100000000001 -0.0027419699999999998
  vertex 0.0172239 -0.0022894199999999999 -0.0050131400000000001
  vertex 0.0076858899999999999 -0.00162969 -0.0025358500000000001
  endloop
 endfacet

 facet normal -0.252638 -0.463702 -0.849208
  outer loop
  vertex 0.0172239 -0.0022894199999999999 -0.0050131400000000001
  vertex 0.0172239 -0.00297957 -0.0046362899999999995
  vertex 0.0076858899999999999 -0.00162969 -0.0025358500000000001
  endloop
 endfacet

 facet normal -0.214851 -0.468057 -0.857183
  outer loop
  vertex 0.0172239 -0.0022894199999999999 -0.0050131400000000001
  vertex 0.030448200000000002 -0.00350103 -0.0076661900000000007
  vertex 0.0172239 -0.00297957 -0.0046362899999999995
  endloop
 endfacet

 facet normal -0.214851 -0.468057 -0.857183
  outer loop
  vertex 0.030448200000000002 -0.00350103 -0.0076661900000000007
  vertex 0.030448200000000002 -0.0045564099999999995 -0.0070899099999999996
  vertex 0.0172239 -0.00297957 -0.0046362899999999995
  endloop
 endfacet

 facet normal -0.179422 -0.471472 -0.863436
  outer loop
  vertex 0.030448200000000002 -0.00350103 -0.0076661900000000007
  vertex 0.067412200000000005 -0.0063087299999999994 -0.0138142
  vertex 0.030448200000000002 -0.0045564099999999995 -0.0070899099999999996
  endloop
 endfacet

 facet normal -0.179422 -0.471472 -0.863436
  outer loop
  vertex 0.067412200000000005 -0.0063087299999999994 -0.0138142
  vertex 0.067412200000000005 -0.0082104800000000009 -0.0127758
  vertex 0.030448200000000002 -0.0045564099999999995 -0.0070899099999999996
  endloop
 endfacet

 facet normal -0.151585 -0.473711 -0.867537
  outer loop
  vertex 0.067412200000000005 -0.0063087299999999994 -0.0138142
  vertex 0.110301 -0.0090480300000000003 -0.019812400000000001
  vertex 0.067412200000000005 -0.0082104800000000009 -0.0127758
  endloop
 endfacet

 facet normal -0.151585 -0.473711 -0.867537
  outer loop
  vertex 0.110301 -0.0090480300000000003 -0.019812400000000001
  vertex 0.110301 -0.0117755 -0.018323100000000002
  vertex 0.067412200000000005 -0.0082104800000000009 -0.0127758
  endloop
 endfacet

 facet normal -0.130885 -0.475126 -0.870129
  outer loop
  vertex 0.110301 -0.0090480300000000003 -0.019812400000000001
  vertex 0.17777199999999999 -0.0127578 -0.027935700000000001
  vertex 0.110301 -0.0117755 -0.018323100000000002
  endloop
 endfacet

 facet normal -0.130885 -0.475126 -0.870129
  outer loop
  vertex 0.17777199999999999 -0.0127578 -0.027935700000000001
  vertex 0.17777199999999999 -0.0166036 -0.0258357
  vertex 0.110301 -0.0117755 -0.018323100000000002
  endloop
 endfacet

 facet normal -0.11418 -0.476115 -0.871939
  outer loop
  vertex 0.17777199999999999 -0.0127578 -0.027935700000000001
  vertex 0.24692699999999998 -0.016068000000000002 -0.035184
  vertex 0.17777199999999999 -0.0166036 -0.0258357
  endloop
 endfacet

 facet normal -0.11418 -0.476115 -0.871939
  outer loop
  vertex 0.24692699999999998 -0.016068000000000002 -0.035184
  vertex 0.24692699999999998 -0.020911599999999999 -0.032539099999999994
  vertex 0.17777199999999999 -0.0166036 -0.0258357
  endloop
 endfacet

 facet normal -0.101207 -0.476788 -0.873173
  outer loop
  vertex 0.24692699999999998 -0.016068000000000002 -0.035184
  vertex 0.32196399999999997 -0.0192471 -0.042145299999999997
  vertex 0.24692699999999998 -0.020911599999999999 -0.032539099999999994
  endloop
 endfacet

 facet normal -0.101207 -0.476788 -0.873173
  outer loop
  vertex 0.32196399999999997 -0.0192471 -0.042145299999999997
  vertex 0.32196399999999997 -0.025049099999999998 -0.038977200000000004
  vertex 0.24692699999999998 -0.020911599999999999 -0.032539099999999994
  endloop
 endfacet

 facet normal -0.089803 -0.477313 -0.874133
  outer loop
  vertex 0.32196399999999997 -0.0192471 -0.042145299999999997
  vertex 0.40000000000000002 -0.022177600000000002 -0.048562100000000004
  vertex 0.32196399999999997 -0.025049099999999998 -0.038977200000000004
  endloop
 endfacet

 facet normal -0.089803 -0.477313 -0.874133
  outer loop
  vertex 0.40000000000000002 -0.022177600000000002 -0.048562100000000004
  vertex 0.40000000000000002 -0.028863 -0.044911600000000003
  vertex 0.32196399999999997 -0.025049099999999998 -0.038977200000000004
  endloop
 endfacet

 facet normal -0.0793201 -0.477739 -0.874913
  outer loop
  vertex 0.40000000000000002 -0.022177600000000002 -0.048562100000000004
  vertex 0.47803600000000002 -0.0247636 -0.054224800000000004
  vertex 0.40000000000000002 -0.028863 -0.044911600000000003
  endloop
 endfacet

 facet normal -0.0793201 -0.477739 -0.874914
  outer loop
  vertex 0.47803600000000002 -0.0247636 -0.054224800000000004
  vertex 0.47803600000000002 -0.032228600000000003 -0.050148699999999997
  vertex 0.40000000000000002 -0.028863 -0.044911600000000003
  endloop
 endfacet

 facet normal -0.069323 -0.478096 -0.875567
  outer loop
  vertex 0.47803600000000002 -0.0247636 -0.054224800000000004
  vertex 0.55307299999999993 -0.026935300000000002 -0.058980100000000001
  vertex 0.47803600000000002 -0.032228600000000003 -0.050148699999999997
  endloop
 endfacet

 facet normal -0.069323 -0.478096 -0.875567
  outer loop
  vertex 0.55307299999999993 -0.026935300000000002 -0.058980100000000001
  vertex 0.55307299999999993 -0.035054900000000007 -0.054546500000000005
  vertex 0.47803600000000002 -0.032228600000000003 -0.050148699999999997
  endloop
 endfacet

 facet normal -0.0594944 -0.4784 -0.876124
  outer loop
  vertex 0.55307299999999993 -0.026935300000000002 -0.058980100000000001
  vertex 0.622228 -0.028651900000000001 -0.062738799999999997
  vertex 0.55307299999999993 -0.035054900000000007 -0.054546500000000005
  endloop
 endfacet

 facet normal -0.0594944 -0.4784 -0.876124
  outer loop
  vertex 0.622228 -0.028651900000000001 -0.062738799999999997
  vertex 0.622228 -0.0372889 -0.058022599999999994
  vertex 0.55307299999999993 -0.035054900000000007 -0.054546500000000005
  endloop
 endfacet

 facet normal -0.0472526 -0.478714 -0.876699
  outer loop
  vertex 0.622228 -0.028651900000000001 -0.062738799999999997
  vertex 0.70920399999999995 -0.030365400000000001 -0.066490999999999995
  vertex 0.622228 -0.0372889 -0.058022599999999994
  endloop
 endfacet

 facet normal -0.0472526 -0.478714 -0.876699
  outer loop
  vertex 0.70920399999999995 -0.030365400000000001 -0.066490999999999995
  vertex 0.70920399999999995 -0.039518999999999999 -0.0614928
  vertex 0.622228 -0.0372889 -0.058022599999999994
  endloop
 endfacet

 facet normal -0.0319093 -0.479005 -0.877232
  outer loop
  vertex 0.70920399999999995 -0.030365400000000001 -0.066490999999999995
  vertex 0.76955200000000001 -0.031167799999999999 -0.068248000000000003
  vertex 0.70920399999999995 -0.039518999999999999 -0.0614928
  endloop
 endfacet

 facet normal -0.0319093 -0.479005 -0.877232
  outer loop
  vertex 0.76955200000000001 -0.031167799999999999 -0.068248000000000003
  vertex 0.76955200000000001 -0.040563299999999997 -0.063117699999999999
  vertex 0.70920399999999995 -0.039518999999999999 -0.0614928
  endloop
 endfacet

 facet normal -0.0156291 -0.47919 -0.877572
  outer loop
  vertex 0.76955200000000001 -0.031167799999999999 -0.068248000000000003
  vertex 0.79961900000000008 -0.031363599999999998 -0.06867659999999999
  vertex 0.76955200000000001 -0.040563299999999997 -0.063117699999999999
  endloop
 endfacet

 facet normal -0.0156291 -0.47919 -0.877572
  outer loop
  vertex 0.79961900000000008 -0.031363599999999998 -0.06867659999999999
  vertex 0.79961900000000008 -0.040818 -0.063514100000000004
  vertex 0.76955200000000001 -0.040563299999999997 -0.063117699999999999
  endloop
 endfacet

 facet normal -0.377881 -0.443714 -0.812603
  outer loop
  vertex 0.79961900000000008 -0.031363599999999998 -0.06867659999999999
  vertex 0.80000000000000004 -0.038257300000000001 -0.065089399999999992
  vertex 0.79961900000000008 -0.040818 -0.063514100000000004
  endloop
 endfacet

 facet normal -0.703551 -0.248345 -0.665838
  outer loop
  vertex 1.05538E-05 -6.0666200000000002E-06 -2.0660999999999998E-05
  vertex 0.00013818700000000001 -4.17571E-05 -0.00014221200000000001
  vertex 1.05538E-05 -8.9452399999999998E-06 -1.9587299999999998E-05
  endloop
 endfacet

 facet normal -0.703551 -0.248345 -0.665838
  outer loop
  vertex 0.00013818700000000001 -4.17571E-05 -0.00014221200000000001
  vertex 0.00013818700000000001 -6.1570900000000004E-05 -0.000134821
  vertex 1.05538E-05 -8.9452399999999998E-06 -1.9587299999999998E-05
  endloop
 endfacet

 facet normal -0.454697 -0.311249 -0.834491
  outer loop
  vertex 0.00013818700000000001 -4.17571E-05 -0.00014221200000000001
  vertex 0.00198263 -0.000307724 -0.00104801
  vertex 0.00013818700000000001 -6.1570900000000004E-05 -0.000134821
  endloop
 endfacet

 facet normal -0.454697 -0.311249 -0.834491
  outer loop
  vertex 0.00198263 -0.000307724 -0.00104801
  vertex 0.00198263 -0.00045373899999999999 -0.00099354900000000004
  vertex 0.00013818700000000001 -6.1570900000000004E-05 -0.000134821
  endloop
 endfacet

 facet normal -0.31864 -0.331249 -0.888112
  outer loop
  vertex 0.00198263 -0.000307724 -0.00104801
  vertex 0.0076858899999999999 -0.0008492459999999999 -0.0028922699999999997
  vertex 0.00198263 -0.00045373899999999999 -0.00099354900000000004
  endloop
 endfacet

 facet normal -0.31864 -0.331249 -0.888112
  outer loop
  vertex 0.0076858899999999999 -0.0008492459999999999 -0.0028922699999999997
  vertex 0.0076858899999999999 -0.0012522100000000001 -0.0027419699999999998
  vertex 0.00198263 -0.00045373899999999999 -0.00099354900000000004
  endloop
 endfacet

 facet normal -0.252638 -0.338128 -0.906556
  outer loop
  vertex 0.0076858899999999999 -0.0008492459999999999 -0.0028922699999999997
  vertex 0.0172239 -0.0015526800000000001 -0.0052879300000000006
  vertex 0.0076858899999999999 -0.0012522100000000001 -0.0027419699999999998
  endloop
 endfacet

 facet normal -0.252638 -0.338128 -0.906556
  outer loop
  vertex 0.0172239 -0.0015526800000000001 -0.0052879300000000006
  vertex 0.0172239 -0.0022894199999999999 -0.0050131400000000001
  vertex 0.0076858899999999999 -0.0012522100000000001 -0.0027419699999999998
  endloop
 endfacet

 facet normal -0.214851 -0.341303 -0.915069
  outer loop
  vertex 0.0172239 -0.0015526800000000001 -0.0052879300000000006
  vertex 0.030448200000000002 -0.0023743799999999997 -0.0080864100000000005
  vertex 0.0172239 -0.0022894199999999999 -0.0050131400000000001
  endloop
 endfacet

 facet normal -0.214851 -0.341303 -0.915069
  outer loop
  vertex 0.030448200000000002 -0.0023743799999999997 -0.0080864100000000005
  vertex 0.030448200000000002 -0.00350103 -0.0076661900000000007
  vertex 0.0172239 -0.0022894199999999999 -0.0050131400000000001
  endloop
 endfacet

 facet normal -0.179422 -0.343793 -0.921745
  outer loop
  vertex 0.030448200000000002 -0.0023743799999999997 -0.0080864100000000005
  vertex 0.067412200000000005 -0.0042785499999999999 -0.0145714
  vertex 0.030448200000000002 -0.00350103 -0.0076661900000000007
  endloop
 endfacet

 facet normal -0.179422 -0.343793 -0.921745
  outer loop
  vertex 0.067412200000000005 -0.0042785499999999999 -0.0145714
  vertex 0.067412200000000005 -0.0063087299999999994 -0.0138142
  vertex 0.030448200000000002 -0.00350103 -0.0076661900000000007
  endloop
 endfacet

 facet normal -0.151585 -0.345426 -0.926123
  outer loop
  vertex 0.067412200000000005 -0.0042785499999999999 -0.0145714
  vertex 0.110301 -0.0061363299999999997 -0.020898399999999998
  vertex 0.067412200000000005 -0.0063087299999999994 -0.0138142
  endloop
 endfacet

 facet normal -0.151585 -0.345426 -0.926123
  outer loop
  vertex 0.110301 -0.0061363299999999997 -0.020898399999999998
  vertex 0.110301 -0.0090480300000000003 -0.019812400000000001
  vertex 0.067412200000000005 -0.0063087299999999994 -0.0138142
  endloop
 endfacet

 facet normal -0.130885 -0.346458 -0.92889
  outer loop
  vertex 0.110301 -0.0061363299999999997 -0.020898399999999998
  vertex 0.17777199999999999 -0.00865228 -0.029467
  vertex 0.110301 -0.0090480300000000003 -0.019812400000000001
  endloop
 endfacet

 facet normal -0.130885 -0.346458 -0.92889
  outer loop
  vertex 0.17777199999999999 -0.00865228 -0.029467
  vertex 0.17777199999999999 -0.0127578 -0.027935700000000001
  vertex 0.110301 -0.0090480300000000003 -0.019812400000000001
  endloop
 endfacet

 facet normal -0.11418 -0.347179 -0.930822
  outer loop
  vertex 0.17777199999999999 -0.00865228 -0.029467
  vertex 0.24692699999999998 -0.010897199999999999 -0.0371125
  vertex 0.17777199999999999 -0.0127578 -0.027935700000000001
  endloop
 endfacet

 facet normal -0.11418 -0.347179 -0.930822
  outer loop
  vertex 0.24692699999999998 -0.010897199999999999 -0.0371125
  vertex 0.24692699999999998 -0.016068000000000002 -0.035184
  vertex 0.17777199999999999 -0.0127578 -0.027935700000000001
  endloop
 endfacet

 facet normal -0.101207 -0.34767 -0.932139
  outer loop
  vertex 0.24692699999999998 -0.010897199999999999 -0.0371125
  vertex 0.32196399999999997 -0.0130533 -0.044455500000000002
  vertex 0.24692699999999998 -0.016068000000000002 -0.035184
  endloop
 endfacet

 facet normal -0.101207 -0.34767 -0.932139
  outer loop
  vertex 0.32196399999999997 -0.0130533 -0.044455500000000002
  vertex 0.32196399999999997 -0.0192471 -0.042145299999999997
  vertex 0.24692699999999998 -0.016068000000000002 -0.035184
  endloop
 endfacet

 facet normal -0.089803 -0.348052 -0.933164
  outer loop
  vertex 0.32196399999999997 -0.0130533 -0.044455500000000002
  vertex 0.40000000000000002 -0.015040699999999999 -0.051223999999999999
  vertex 0.32196399999999997 -0.0192471 -0.042145299999999997
  endloop
 endfacet

 facet normal -0.089803 -0.348052 -0.933164
  outer loop
  vertex 0.40000000000000002 -0.015040699999999999 -0.051223999999999999
  vertex 0.40000000000000002 -0.022177600000000002 -0.048562100000000004
  vertex 0.32196399999999997 -0.0192471 -0.042145299999999997
  endloop
 endfacet

 facet normal -0.0793202 -0.348363 -0.933998
  outer loop
  vertex 0.40000000000000002 -0.015040699999999999 -0.051223999999999999
  vertex 0.47803600000000002 -0.0167946 -0.057197100000000001
  vertex 0.40000000000000002 -0.022177600000000002 -0.048562100000000004
  endloop
 endfacet

 facet normal -0.0793202 -0.348363 -0.933998
  outer loop
  vertex 0.47803600000000002 -0.0167946 -0.057197100000000001
  vertex 0.47803600000000002 -0.0247636 -0.054224800000000004
  vertex 0.40000000000000002 -0.022177600000000002 -0.048562100000000004
  endloop
 endfacet

 facet normal -0.0693229 -0.348624 -0.934696
  outer loop
  vertex 0.47803600000000002 -0.0167946 -0.057197100000000001
  vertex 0.55307299999999993 -0.0182674 -0.062213000000000004
  vertex 0.47803600000000002 -0.0247636 -0.054224800000000004
  endloop
 endfacet

 facet normal -0.0693229 -0.348623 -0.934696
  outer loop
  vertex 0.55307299999999993 -0.0182674 -0.062213000000000004
  vertex 0.55307299999999993 -0.026935300000000002 -0.058980100000000001
  vertex 0.47803600000000002 -0.0247636 -0.054224800000000004
  endloop
 endfacet

 facet normal -0.0594944 -0.348845 -0.93529
  outer loop
  vertex 0.55307299999999993 -0.0182674 -0.062213000000000004
  vertex 0.622228 -0.0194316 -0.066177800000000009
  vertex 0.55307299999999993 -0.026935300000000002 -0.058980100000000001
  endloop
 endfacet

 facet normal -0.0594944 -0.348845 -0.93529
  outer loop
  vertex 0.622228 -0.0194316 -0.066177800000000009
  vertex 0.622228 -0.028651900000000001 -0.062738799999999997
  vertex 0.55307299999999993 -0.026935300000000002 -0.058980100000000001
  endloop
 endfacet

 facet normal -0.0472526 -0.349074 -0.935903
  outer loop
  vertex 0.622228 -0.0194316 -0.066177800000000009
  vertex 0.70920399999999995 -0.0205937 -0.070135699999999995
  vertex 0.622228 -0.028651900000000001 -0.062738799999999997
  endloop
 endfacet

 facet normal -0.0472526 -0.349074 -0.935903
  outer loop
  vertex 0.70920399999999995 -0.0205937 -0.070135699999999995
  vertex 0.70920399999999995 -0.030365400000000001 -0.066490999999999995
  vertex 0.622228 -0.028651900000000001 -0.062738799999999997
  endloop
 endfacet

 facet normal -0.0319093 -0.349286 -0.936473
  outer loop
  vertex 0.70920399999999995 -0.0205937 -0.070135699999999995
  vertex 0.76955200000000001 -0.021137899999999998 -0.071988999999999997
  vertex 0.70920399999999995 -0.030365400000000001 -0.066490999999999995
  endloop
 endfacet

 facet normal -0.0319093 -0.349286 -0.936473
  outer loop
  vertex 0.76955200000000001 -0.021137899999999998 -0.071988999999999997
  vertex 0.76955200000000001 -0.031167799999999999 -0.068248000000000003
  vertex 0.70920399999999995 -0.030365400000000001 -0.066490999999999995
  endloop
 endfacet

 facet normal -0.0156292 -0.349421 -0.936835
  outer loop
  vertex 0.76955200000000001 -0.021137899999999998 -0.071988999999999997
  vertex 0.79961900000000008 -0.021270600000000001 -0.072441100000000008
  vertex 0.76955200000000001 -0.031167799999999999 -0.068248000000000003
  endloop
 endfacet

 facet normal -0.0156292 -0.349421 -0.936835
  outer loop
  vertex 0.79961900000000008 -0.021270600000000001 -0.072441100000000008
  vertex 0.79961900000000008 -0.031363599999999998 -0.06867659999999999
  vertex 0.76955200000000001 -0.031167799999999999 -0.068248000000000003
  endloop
 endfacet

 facet normal -0.238017 -0.339421 -0.910023
  outer loop
  vertex 0.79961900000000008 -0.021270600000000001 -0.072441100000000008
  vertex 0.80000000000000004 -0.029984400000000001 -0.069290599999999994
  vertex 0.79961900000000008 -0.031363599999999998 -0.06867659999999999
  endloop
 endfacet

 facet normal -0.703551 -0.151058 -0.694404
  outer loop
  vertex 1.05538E-05 -3.0645000000000001E-06 -2.13141E-05
  vertex 0.00013818700000000001 -2.10932E-05 -0.00014670700000000002
  vertex 1.05538E-05 -6.0666200000000002E-06 -2.0660999999999998E-05
  endloop
 endfacet

 facet normal -0.703551 -0.151058 -0.694404
  outer loop
  vertex 0.00013818700000000001 -2.10932E-05 -0.00014670700000000002
  vertex 0.00013818700000000001 -4.17571E-05 -0.00014221200000000001
  vertex 1.05538E-05 -6.0666200000000002E-06 -2.0660999999999998E-05
  endloop
 endfacet

 facet normal -0.454697 -0.189321 -0.870292
  outer loop
  vertex 0.00013818700000000001 -2.10932E-05 -0.00014670700000000002
  vertex 0.00198263 -0.000155444 -0.00108114
  vertex 0.00013818700000000001 -4.17571E-05 -0.00014221200000000001
  endloop
 endfacet

 facet normal -0.454697 -0.18932 -0.870292
  outer loop
  vertex 0.00198263 -0.000155444 -0.00108114
  vertex 0.00198263 -0.000307724 -0.00104801
  vertex 0.00013818700000000001 -4.17571E-05 -0.00014221200000000001
  endloop
 endfacet

 facet normal -0.31864 -0.201485 -0.926214
  outer loop
  vertex 0.00198263 -0.000155444 -0.00108114
  vertex 0.0076858899999999999 -0.00042898999999999997 -0.0029836900000000002
  vertex 0.00198263 -0.000307724 -0.00104801
  endloop
 endfacet

 facet normal -0.31864 -0.201485 -0.926214
  outer loop
  vertex 0.0076858899999999999 -0.00042898999999999997 -0.0029836900000000002
  vertex 0.0076858899999999999 -0.0008492459999999999 -0.0028922699999999997
  vertex 0.00198263 -0.000307724 -0.00104801
  endloop
 endfacet

 facet normal -0.252638 -0.20567 -0.945449
  outer loop
  vertex 0.0076858899999999999 -0.00042898999999999997 -0.0029836900000000002
  vertex 0.0172239 -0.00078432199999999995 -0.0054550799999999993
  vertex 0.0076858899999999999 -0.0008492459999999999 -0.0028922699999999997
  endloop
 endfacet

 facet normal -0.252638 -0.20567 -0.945449
  outer loop
  vertex 0.0172239 -0.00078432199999999995 -0.0054550799999999993
  vertex 0.0172239 -0.0015526800000000001 -0.0052879300000000006
  vertex 0.0076858899999999999 -0.0008492459999999999 -0.0028922699999999997
  endloop
 endfacet

 facet normal -0.214851 -0.207601 -0.954328
  outer loop
  vertex 0.0172239 -0.00078432199999999995 -0.0054550799999999993
  vertex 0.030448200000000002 -0.0011994 -0.0083420100000000004
  vertex 0.0172239 -0.0015526800000000001 -0.0052879300000000006
  endloop
 endfacet

 facet normal -0.214851 -0.207601 -0.954328
  outer loop
  vertex 0.030448200000000002 -0.0011994 -0.0083420100000000004
  vertex 0.030448200000000002 -0.0023743799999999997 -0.0080864100000000005
  vertex 0.0172239 -0.0015526800000000001 -0.0052879300000000006
  endloop
 endfacet

 facet normal -0.179422 -0.209116 -0.96129
  outer loop
  vertex 0.030448200000000002 -0.0011994 -0.0083420100000000004
  vertex 0.067412200000000005 -0.0021612800000000002 -0.015032
  vertex 0.030448200000000002 -0.0023743799999999997 -0.0080864100000000005
  endloop
 endfacet

 facet normal -0.179422 -0.209116 -0.96129
  outer loop
  vertex 0.067412200000000005 -0.0021612800000000002 -0.015032
  vertex 0.067412200000000005 -0.0042785499999999999 -0.0145714
  vertex 0.030448200000000002 -0.0023743799999999997 -0.0080864100000000005
  endloop
 endfacet

 facet normal -0.151585 -0.210109 -0.965855
  outer loop
  vertex 0.067412200000000005 -0.0021612800000000002 -0.015032
  vertex 0.110301 -0.0030997199999999998 -0.021559000000000002
  vertex 0.067412200000000005 -0.0042785499999999999 -0.0145714
  endloop
 endfacet

 facet normal -0.151585 -0.210109 -0.965855
  outer loop
  vertex 0.110301 -0.0030997199999999998 -0.021559000000000002
  vertex 0.110301 -0.0061363299999999997 -0.020898399999999998
  vertex 0.067412200000000005 -0.0042785499999999999 -0.0145714
  endloop
 endfacet

 facet normal -0.130885 -0.210737 -0.968741
  outer loop
  vertex 0.110301 -0.0030997199999999998 -0.021559000000000002
  vertex 0.17777199999999999 -0.0043706300000000003 -0.030398399999999999
  vertex 0.110301 -0.0061363299999999997 -0.020898399999999998
  endloop
 endfacet

 facet normal -0.130885 -0.210737 -0.968741
  outer loop
  vertex 0.17777199999999999 -0.0043706300000000003 -0.030398399999999999
  vertex 0.17777199999999999 -0.00865228 -0.029467
  vertex 0.110301 -0.0061363299999999997 -0.020898399999999998
  endloop
 endfacet

 facet normal -0.11418 -0.211175 -0.970756
  outer loop
  vertex 0.17777199999999999 -0.0043706300000000003 -0.030398399999999999
  vertex 0.24692699999999998 -0.0055046399999999999 -0.038285600000000003
  vertex 0.17777199999999999 -0.00865228 -0.029467
  endloop
 endfacet

 facet normal -0.11418 -0.211175 -0.970756
  outer loop
  vertex 0.24692699999999998 -0.0055046399999999999 -0.038285600000000003
  vertex 0.24692699999999998 -0.010897199999999999 -0.0371125
  vertex 0.17777199999999999 -0.00865228 -0.029467
  endloop
 endfacet

 facet normal -0.101207 -0.211474 -0.97213
  outer loop
  vertex 0.24692699999999998 -0.0055046399999999999 -0.038285600000000003
  vertex 0.32196399999999997 -0.0065937700000000005 -0.045860700000000004
  vertex 0.24692699999999998 -0.010897199999999999 -0.0371125
  endloop
 endfacet

 facet normal -0.101207 -0.211474 -0.97213
  outer loop
  vertex 0.32196399999999997 -0.0065937700000000005 -0.045860700000000004
  vertex 0.32196399999999997 -0.0130533 -0.044455500000000002
  vertex 0.24692699999999998 -0.010897199999999999 -0.0371125
  endloop
 endfacet

 facet normal -0.089803 -0.211707 -0.973199
  outer loop
  vertex 0.32196399999999997 -0.0065937700000000005 -0.045860700000000004
  vertex 0.40000000000000002 -0.0075976999999999998 -0.0528432
  vertex 0.32196399999999997 -0.0130533 -0.044455500000000002
  endloop
 endfacet

 facet normal -0.0898029 -0.211707 -0.973199
  outer loop
  vertex 0.40000000000000002 -0.0075976999999999998 -0.0528432
  vertex 0.40000000000000002 -0.015040699999999999 -0.051223999999999999
  vertex 0.32196399999999997 -0.0130533 -0.044455500000000002
  endloop
 endfacet

 facet normal -0.0793202 -0.211896 -0.974068
  outer loop
  vertex 0.40000000000000002 -0.0075976999999999998 -0.0528432
  vertex 0.47803600000000002 -0.0084836500000000006 -0.059005099999999998
  vertex 0.40000000000000002 -0.015040699999999999 -0.051223999999999999
  endloop
 endfacet

 facet normal -0.0793202 -0.211896 -0.974068
  outer loop
  vertex 0.47803600000000002 -0.0084836500000000006 -0.059005099999999998
  vertex 0.47803600000000002 -0.0167946 -0.057197100000000001
  vertex 0.40000000000000002 -0.015040699999999999 -0.051223999999999999
  endloop
 endfacet

 facet normal -0.069323 -0.212054 -0.974796
  outer loop
  vertex 0.47803600000000002 -0.0084836500000000006 -0.059005099999999998
  vertex 0.55307299999999993 -0.0092276200000000006 -0.0641795
  vertex 0.47803600000000002 -0.0167946 -0.057197100000000001
  endloop
 endfacet

 facet normal -0.069323 -0.212054 -0.974796
  outer loop
  vertex 0.55307299999999993 -0.0092276200000000006 -0.0641795
  vertex 0.55307299999999993 -0.0182674 -0.062213000000000004
  vertex 0.47803600000000002 -0.0167946 -0.057197100000000001
  endloop
 endfacet

 facet normal -0.0594944 -0.212189 -0.975416
  outer loop
  vertex 0.55307299999999993 -0.0092276200000000006 -0.0641795
  vertex 0.622228 -0.0098156900000000002 -0.0682696
  vertex 0.55307299999999993 -0.0182674 -0.062213000000000004
  endloop
 endfacet

 facet normal -0.0594944 -0.212189 -0.975416
  outer loop
  vertex 0.622228 -0.0098156900000000002 -0.0682696
  vertex 0.622228 -0.0194316 -0.066177800000000009
  vertex 0.55307299999999993 -0.0182674 -0.062213000000000004
  endloop
 endfacet

 facet normal -0.0472526 -0.212328 -0.976055
  outer loop
  vertex 0.622228 -0.0098156900000000002 -0.0682696
  vertex 0.70920399999999995 -0.010402699999999999 -0.072352599999999989
  vertex 0.622228 -0.0194316 -0.066177800000000009
  endloop
 endfacet

 facet normal -0.0472526 -0.212328 -0.976055
  outer loop
  vertex 0.70920399999999995 -0.010402699999999999 -0.072352599999999989
  vertex 0.70920399999999995 -0.0205937 -0.070135699999999995
  vertex 0.622228 -0.0194316 -0.066177800000000009
  endloop
 endfacet

 facet normal -0.0319093 -0.212457 -0.976649
  outer loop
  vertex 0.70920399999999995 -0.010402699999999999 -0.072352599999999989
  vertex 0.76955200000000001 -0.010677600000000001 -0.074264499999999997
  vertex 0.70920399999999995 -0.0205937 -0.070135699999999995
  endloop
 endfacet

 facet normal -0.0319093 -0.212457 -0.976649
  outer loop
  vertex 0.76955200000000001 -0.010677600000000001 -0.074264499999999997
  vertex 0.76955200000000001 -0.021137899999999998 -0.071988999999999997
  vertex 0.70920399999999995 -0.0205937 -0.070135699999999995
  endloop
 endfacet

 facet normal -0.0156292 -0.212539 -0.977027
  outer loop
  vertex 0.76955200000000001 -0.010677600000000001 -0.074264499999999997
  vertex 0.79961900000000008 -0.010744699999999999 -0.074730900000000003
  vertex 0.76955200000000001 -0.021137899999999998 -0.071988999999999997
  endloop
 endfacet

 facet normal -0.0156292 -0.212539 -0.977027
  outer loop
  vertex 0.79961900000000008 -0.010744699999999999 -0.074730900000000003
  vertex 0.79961900000000008 -0.021270600000000001 -0.072441100000000008
  vertex 0.76955200000000001 -0.021137899999999998 -0.071988999999999997
  endloop
 endfacet

 facet normal -0.00411895 -0.212564 -0.977139
  outer loop
  vertex 0.79961900000000008 -0.010744699999999999 -0.074730900000000003
  vertex 0.80000000000000004 -0.021258700000000002 -0.072445300000000004
  vertex 0.79961900000000008 -0.021270600000000001 -0.072441100000000008
  endloop
 endfacet

 facet normal -0.703551 -0.0506968 -0.708834
  outer loop
  vertex 1.05538E-05 -3.9555900000000005E-21 -2.1533299999999999E-05
  vertex 0.00013818700000000001 -2.7226699999999999E-20 -0.00014821500000000002
  vertex 1.05538E-05 -3.0645000000000001E-06 -2.13141E-05
  endloop
 endfacet

 facet normal -0.703551 -0.0506967 -0.708834
  outer loop
  vertex 0.00013818700000000001 -2.7226699999999999E-20 -0.00014821500000000002
  vertex 0.00013818700000000001 -2.10932E-05 -0.00014670700000000002
  vertex 1.05538E-05 -3.0645000000000001E-06 -2.13141E-05
  endloop
 endfacet

 facet normal -0.454697 -0.0635376 -0.888377
  outer loop
  vertex 0.00013818700000000001 -2.7226699999999999E-20 -0.00014821500000000002
  vertex 0.00198263 -2.0064400000000001E-19 -0.0010922499999999999
  vertex 0.00013818700000000001 -2.10932E-05 -0.00014670700000000002
  endloop
 endfacet

 facet normal -0.454697 -0.0635377 -0.888377
  outer loop
  vertex 0.00198263 -2.0064400000000001E-19 -0.0010922499999999999
  vertex 0.00198263 -0.000155444 -0.00108114
  vertex 0.00013818700000000001 -2.10932E-05 -0.00014670700000000002
  endloop
 endfacet

 facet normal -0.31864 -0.0676207 -0.945461
  outer loop
  vertex 0.00198263 -2.0064400000000001E-19 -0.0010922499999999999
  vertex 0.0076858899999999999 -5.5373100000000007E-19 -0.0030143700000000002
  vertex 0.00198263 -0.000155444 -0.00108114
  endloop
 endfacet

 facet normal -0.31864 -0.0676208 -0.945461
  outer loop
  vertex 0.0076858899999999999 -5.5373100000000007E-19 -0.0030143700000000002
  vertex 0.0076858899999999999 -0.00042898999999999997 -0.0029836900000000002
  vertex 0.00198263 -0.000155444 -0.00108114
  endloop
 endfacet

 facet normal -0.252638 -0.0690253 -0.965096
  outer loop
  vertex 0.0076858899999999999 -5.5373100000000007E-19 -0.0030143700000000002
  vertex 0.0172239 -1.01239E-18 -0.0055111700000000001
  vertex 0.0076858899999999999 -0.00042898999999999997 -0.0029836900000000002
  endloop
 endfacet

 facet normal -0.252638 -0.0690253 -0.965096
  outer loop
  vertex 0.0172239 -1.01239E-18 -0.0055111700000000001
  vertex 0.0172239 -0.00078432199999999995 -0.0054550799999999993
  vertex 0.0076858899999999999 -0.00042898999999999997 -0.0029836900000000002
  endloop
 endfacet

 facet normal -0.214851 -0.0696735 -0.974159
  outer loop
  vertex 0.0172239 -1.01239E-18 -0.0055111700000000001
  vertex 0.030448200000000002 -1.54816E-18 -0.0084277999999999992
  vertex 0.0172239 -0.00078432199999999995 -0.0054550799999999993
  endloop
 endfacet

 facet normal -0.214851 -0.0696735 -0.974159
  outer loop
  vertex 0.030448200000000002 -1.54816E-18 -0.0084277999999999992
  vertex 0.030448200000000002 -0.0011994 -0.0083420100000000004
  vertex 0.0172239 -0.00078432199999999995 -0.0054550799999999993
  endloop
 endfacet

 facet normal -0.179422 -0.0701816 -0.981266
  outer loop
  vertex 0.030448200000000002 -1.54816E-18 -0.0084277999999999992
  vertex 0.067412200000000005 -2.7897300000000003E-18 -0.0151866
  vertex 0.030448200000000002 -0.0011994 -0.0083420100000000004
  endloop
 endfacet

 facet normal -0.179422 -0.0701816 -0.981266
  outer loop
  vertex 0.067412200000000005 -2.7897300000000003E-18 -0.0151866
  vertex 0.067412200000000005 -0.0021612800000000002 -0.015032
  vertex 0.030448200000000002 -0.0011994 -0.0083420100000000004
  endloop
 endfacet

 facet normal -0.151585 -0.0705147 -0.985926
  outer loop
  vertex 0.067412200000000005 -2.7897300000000003E-18 -0.0151866
  vertex 0.110301 -4.00105E-18 -0.0217807
  vertex 0.067412200000000005 -0.0021612800000000002 -0.015032
  endloop
 endfacet

 facet normal -0.151585 -0.0705146 -0.985926
  outer loop
  vertex 0.110301 -4.00105E-18 -0.0217807
  vertex 0.110301 -0.0030997199999999998 -0.021559000000000002
  vertex 0.067412200000000005 -0.0021612800000000002 -0.015032
  endloop
 endfacet

 facet normal -0.130885 -0.0707251 -0.988872
  outer loop
  vertex 0.110301 -4.00105E-18 -0.0217807
  vertex 0.17777199999999999 -5.6415099999999993E-18 -0.030710999999999999
  vertex 0.110301 -0.0030997199999999998 -0.021559000000000002
  endloop
 endfacet

 facet normal -0.130885 -0.0707252 -0.988872
  outer loop
  vertex 0.17777199999999999 -5.6415099999999993E-18 -0.030710999999999999
  vertex 0.17777199999999999 -0.0043706300000000003 -0.030398399999999999
  vertex 0.110301 -0.0030997199999999998 -0.021559000000000002
  endloop
 endfacet

 facet normal -0.11418 -0.0708727 -0.990929
  outer loop
  vertex 0.17777199999999999 -5.6415099999999993E-18 -0.030710999999999999
  vertex 0.24692699999999998 -7.1052800000000008E-18 -0.0386793
  vertex 0.17777199999999999 -0.0043706300000000003 -0.030398399999999999
  endloop
 endfacet

 facet normal -0.11418 -0.0708726 -0.990929
  outer loop
  vertex 0.24692699999999998 -7.1052800000000008E-18 -0.0386793
  vertex 0.24692699999999998 -0.0055046399999999999 -0.038285600000000003
  vertex 0.17777199999999999 -0.0043706300000000003 -0.030398399999999999
  endloop
 endfacet

 facet normal -0.101207 -0.0709729 -0.992331
  outer loop
  vertex 0.24692699999999998 -7.1052800000000008E-18 -0.0386793
  vertex 0.32196399999999997 -8.5111000000000009E-18 -0.0463323
  vertex 0.24692699999999998 -0.0055046399999999999 -0.038285600000000003
  endloop
 endfacet

 facet normal -0.101207 -0.0709729 -0.992331
  outer loop
  vertex 0.32196399999999997 -8.5111000000000009E-18 -0.0463323
  vertex 0.32196399999999997 -0.0065937700000000005 -0.045860700000000004
  vertex 0.24692699999999998 -0.0055046399999999999 -0.038285600000000003
  endloop
 endfacet

 facet normal -0.089803 -0.0710509 -0.993422
  outer loop
  vertex 0.32196399999999997 -8.5111000000000009E-18 -0.0463323
  vertex 0.40000000000000002 -9.80695E-18 -0.053386599999999999
  vertex 0.32196399999999997 -0.0065937700000000005 -0.045860700000000004
  endloop
 endfacet

 facet normal -0.089803 -0.071051 -0.993422
  outer loop
  vertex 0.40000000000000002 -9.80695E-18 -0.053386599999999999
  vertex 0.40000000000000002 -0.0075976999999999998 -0.0528432
  vertex 0.32196399999999997 -0.0065937700000000005 -0.045860700000000004
  endloop
 endfacet

 facet normal -0.0793201 -0.0711146 -0.994309
  outer loop
  vertex 0.40000000000000002 -9.80695E-18 -0.053386599999999999
  vertex 0.47803600000000002 -1.09505E-17 -0.0596118
  vertex 0.40000000000000002 -0.0075976999999999998 -0.0528432
  endloop
 endfacet

 facet normal -0.0793201 -0.0711145 -0.994309
  outer loop
  vertex 0.47803600000000002 -1.09505E-17 -0.0596118
  vertex 0.47803600000000002 -0.0084836500000000006 -0.059005099999999998
  vertex 0.40000000000000002 -0.0075976999999999998 -0.0528432
  endloop
 endfacet

 facet normal -0.069323 -0.0711675 -0.995053
  outer loop
  vertex 0.47803600000000002 -1.09505E-17 -0.0596118
  vertex 0.55307299999999993 -1.19108E-17 -0.064839499999999994
  vertex 0.47803600000000002 -0.0084836500000000006 -0.059005099999999998
  endloop
 endfacet

 facet normal -0.069323 -0.0711675 -0.995053
  outer loop
  vertex 0.55307299999999993 -1.19108E-17 -0.064839499999999994
  vertex 0.55307299999999993 -0.0092276200000000006 -0.0641795
  vertex 0.47803600000000002 -0.0084836500000000006 -0.059005099999999998
  endloop
 endfacet

 facet normal -0.0594943 -0.0712129 -0.995685
  outer loop
  vertex 0.55307299999999993 -1.19108E-17 -0.064839499999999994
  vertex 0.622228 -1.2669900000000001E-17 -0.068971599999999994
  vertex 0.55307299999999993 -0.0092276200000000006 -0.0641795
  endloop
 endfacet

 facet normal -0.0594943 -0.0712127 -0.995685
  outer loop
  vertex 0.622228 -1.2669900000000001E-17 -0.068971599999999994
  vertex 0.622228 -0.0098156900000000002 -0.0682696
  vertex 0.55307299999999993 -0.0092276200000000006 -0.0641795
  endloop
 endfacet

 facet normal -0.0472526 -0.0712589 -0.996338
  outer loop
  vertex 0.622228 -1.2669900000000001E-17 -0.068971599999999994
  vertex 0.70920399999999995 -1.3427600000000001E-17 -0.073096599999999998
  vertex 0.622228 -0.0098156900000000002 -0.0682696
  endloop
 endfacet

 facet normal -0.0472526 -0.0712592 -0.996338
  outer loop
  vertex 0.70920399999999995 -1.3427600000000001E-17 -0.073096599999999998
  vertex 0.70920399999999995 -0.010402699999999999 -0.072352599999999989
  vertex 0.622228 -0.0098156900000000002 -0.0682696
  endloop
 endfacet

 facet normal -0.0319093 -0.0713029 -0.996944
  outer loop
  vertex 0.70920399999999995 -1.3427600000000001E-17 -0.073096599999999998
  vertex 0.76955200000000001 -1.37824E-17 -0.0750281
  vertex 0.70920399999999995 -0.010402699999999999 -0.072352599999999989
  endloop
 endfacet

 facet normal -0.0319093 -0.0713029 -0.996944
  outer loop
  vertex 0.76955200000000001 -1.37824E-17 -0.0750281
  vertex 0.76955200000000001 -0.010677600000000001 -0.074264499999999997
  vertex 0.70920399999999995 -0.010402699999999999 -0.072352599999999989
  endloop
 endfacet

 facet normal -0.0156293 -0.0713306 -0.99733
  outer loop
  vertex 0.76955200000000001 -1.37824E-17 -0.0750281
  vertex 0.79961900000000008 -1.3869000000000001E-17 -0.075499300000000005
  vertex 0.76955200000000001 -0.010677600000000001 -0.074264499999999997
  endloop
 endfacet

 facet normal -0.0156293 -0.0713307 -0.99733
  outer loop
  vertex 0.79961900000000008 -1.3869000000000001E-17 -0.075499300000000005
  vertex 0.79961900000000008 -0.010744699999999999 -0.074730900000000003
  vertex 0.76955200000000001 -0.010677600000000001 -0.074264499999999997
  endloop
 endfacet

 facet normal -0.376205 -0.0660987 -0.924176
  outer loop
  vertex 0.79961900000000008 -1.3869000000000001E-17 -0.075499300000000005
  vertex 0.80000000000000004 -0.0029806900000000002 -0.075441100000000011
  vertex 0.79961900000000008 -0.010744699999999999 -0.074730900000000003
  endloop
 endfacet

 facet normal -0.703551 0.0506968 -0.708834
  outer loop
  vertex 1.05538E-05 3.0645000000000001E-06 -2.13141E-05
  vertex 0.00013818700000000001 2.10932E-05 -0.00014670700000000002
  vertex 1.05538E-05 -3.9555900000000005E-21 -2.1533299999999999E-05
  endloop
 endfacet

 facet normal -0.703551 0.0506967 -0.708834
  outer loop
  vertex 0.00013818700000000001 2.10932E-05 -0.00014670700000000002
  vertex 0.00013818700000000001 -2.7226699999999999E-20 -0.00014821500000000002
  vertex 1.05538E-05 -3.9555900000000005E-21 -2.1533299999999999E-05
  endloop
 endfacet

 facet normal -0.454697 0.0635376 -0.888377
  outer loop
  vertex 0.00013818700000000001 2.10932E-05 -0.00014670700000000002
  vertex 0.00198263 0.000155444 -0.00108114
  vertex 0.00013818700000000001 -2.7226699999999999E-20 -0.00014821500000000002
  endloop
 endfacet

 facet normal -0.454697 0.0635377 -0.888377
  outer loop
  vertex 0.00198263 0.000155444 -0.00108114
  vertex 0.00198263 -2.0064400000000001E-19 -0.0010922499999999999
  vertex 0.00013818700000000001 -2.7226699999999999E-20 -0.00014821500000000002
  endloop
 endfacet

 facet normal -0.31864 0.0676207 -0.945461
  outer loop
  vertex 0.00198263 0.000155444 -0.00108114
  vertex 0.0076858899999999999 0.00042898999999999997 -0.0029836900000000002
  vertex 0.00198263 -2.0064400000000001E-19 -0.0010922499999999999
  endloop
 endfacet

 facet normal -0.31864 0.0676208 -0.945461
  outer loop
  vertex 0.0076858899999999999 0.00042898999999999997 -0.0029836900000000002
  vertex 0.0076858899999999999 -5.5373100000000007E-19 -0.0030143700000000002
  vertex 0.00198263 -2.0064400000000001E-19 -0.0010922499999999999
  endloop
 endfacet

 facet normal -0.252638 0.0690253 -0.965096
  outer loop
  vertex 0.0076858899999999999 0.00042898999999999997 -0.0029836900000000002
  vertex 0.0172239 0.00078432199999999995 -0.0054550799999999993
  vertex 0.0076858899999999999 -5.5373100000000007E-19 -0.0030143700000000002
  endloop
 endfacet

 facet normal -0.252638 0.0690253 -0.965096
  outer loop
  vertex 0.0172239 0.00078432199999999995 -0.0054550799999999993
  vertex 0.0172239 -1.01239E-18 -0.0055111700000000001
  vertex 0.0076858899999999999 -5.5373100000000007E-19 -0.0030143700000000002
  endloop
 endfacet

 facet normal -0.214851 0.0696735 -0.974159
  outer loop
  vertex 0.0172239 0.00078432199999999995 -0.0054550799999999993
  vertex 0.030448200000000002 0.0011994 -0.0083420100000000004
  vertex 0.0172239 -1.01239E-18 -0.0055111700000000001
  endloop
 endfacet

 facet normal -0.214851 0.0696735 -0.974159
  outer loop
  vertex 0.030448200000000002 0.0011994 -0.0083420100000000004
  vertex 0.030448200000000002 -1.54816E-18 -0.0084277999999999992
  vertex 0.0172239 -1.01239E-18 -0.0055111700000000001
  endloop
 endfacet

 facet normal -0.179422 0.0701816 -0.981266
  outer loop
  vertex 0.030448200000000002 0.0011994 -0.0083420100000000004
  vertex 0.067412200000000005 0.0021612800000000002 -0.015032
  vertex 0.030448200000000002 -1.54816E-18 -0.0084277999999999992
  endloop
 endfacet

 facet normal -0.179422 0.0701816 -0.981266
  outer loop
  vertex 0.067412200000000005 0.0021612800000000002 -0.015032
  vertex 0.067412200000000005 -2.7897300000000003E-18 -0.0151866
  vertex 0.030448200000000002 -1.54816E-18 -0.0084277999999999992
  endloop
 endfacet

 facet normal -0.151585 0.0705147 -0.985926
  outer loop
  vertex 0.067412200000000005 0.0021612800000000002 -0.015032
  vertex 0.110301 0.0030997199999999998 -0.021559000000000002
  vertex 0.067412200000000005 -2.7897300000000003E-18 -0.0151866
  endloop
 endfacet

 facet normal -0.151585 0.0705146 -0.985926
  outer loop
  vertex 0.110301 0.0030997199999999998 -0.021559000000000002
  vertex 0.110301 -4.00105E-18 -0.0217807
  vertex 0.067412200000000005 -2.7897300000000003E-18 -0.0151866
  endloop
 endfacet

 facet normal -0.130885 0.0707251 -0.988872
  outer loop
  vertex 0.110301 0.0030997199999999998 -0.021559000000000002
  vertex 0.17777199999999999 0.0043706300000000003 -0.030398399999999999
  vertex 0.110301 -4.00105E-18 -0.0217807
  endloop
 endfacet

 facet normal -0.130885 0.0707252 -0.988872
  outer loop
  vertex 0.17777199999999999 0.0043706300000000003 -0.030398399999999999
  vertex 0.17777199999999999 -5.6415099999999993E-18 -0.030710999999999999
  vertex 0.110301 -4.00105E-18 -0.0217807
  endloop
 endfacet

 facet normal -0.11418 0.0708727 -0.990929
  outer loop
  vertex 0.17777199999999999 0.0043706300000000003 -0.030398399999999999
  vertex 0.24692699999999998 0.0055046399999999999 -0.038285600000000003
  vertex 0.17777199999999999 -5.6415099999999993E-18 -0.030710999999999999
  endloop
 endfacet

 facet normal -0.11418 0.0708726 -0.990929
  outer loop
  vertex 0.24692699999999998 0.0055046399999999999 -0.038285600000000003
  vertex 0.24692699999999998 -7.1052800000000008E-18 -0.0386793
  vertex 0.17777199999999999 -5.6415099999999993E-18 -0.030710999999999999
  endloop
 endfacet

 facet normal -0.101207 0.0709729 -0.992331
  outer loop
  vertex 0.24692699999999998 0.0055046399999999999 -0.038285600000000003
  vertex 0.32196399999999997 0.0065937700000000005 -0.045860700000000004
  vertex 0.24692699999999998 -7.1052800000000008E-18 -0.0386793
  endloop
 endfacet

 facet normal -0.101207 0.0709729 -0.992331
  outer loop
  vertex 0.32196399999999997 0.0065937700000000005 -0.045860700000000004
  vertex 0.32196399999999997 -8.5111000000000009E-18 -0.0463323
  vertex 0.24692699999999998 -7.1052800000000008E-18 -0.0386793
  endloop
 endfacet

 facet normal -0.089803 0.0710509 -0.993422
  outer loop
  vertex 0.32196399999999997 0.0065937700000000005 -0.045860700000000004
  vertex 0.40000000000000002 0.0075976999999999998 -0.0528432
  vertex 0.32196399999999997 -8.5111000000000009E-18 -0.0463323
  endloop
 endfacet

 facet normal -0.089803 0.071051 -0.993422
  outer loop
  vertex 0.40000000000000002 0.0075976999999999998 -0.0528432
  vertex 0.40000000000000002 -9.80695E-18 -0.053386599999999999
  vertex 0.32196399999999997 -8.5111000000000009E-18 -0.0463323
  endloop
 endfacet

 facet normal -0.0793202 0.0711146 -0.994309
  outer loop
  vertex 0.40000000000000002 0.0075976999999999998 -0.0528432
  vertex 0.47803600000000002 0.0084836500000000006 -0.059005099999999998
  vertex 0.40000000000000002 -9.80695E-18 -0.053386599999999999
  endloop
 endfacet

 facet normal -0.0793201 0.0711145 -0.994309
  outer loop
  vertex 0.47803600000000002 0.0084836500000000006 -0.059005099999999998
  vertex 0.47803600000000002 -1.09505E-17 -0.0596118
  vertex 0.40000000000000002 -9.80695E-18 -0.053386599999999999
  endloop
 endfacet

 facet normal -0.069323 0.0711675 -0.995053
  outer loop
  vertex 0.47803600000000002 0.0084836500000000006 -0.059005099999999998
  vertex 0.55307299999999993 0.0092276200000000006 -0.0641795
  vertex 0.47803600000000002 -1.09505E-17 -0.0596118
  endloop
 endfacet

 facet normal -0.069323 0.0711675 -0.995053
  outer loop
  vertex 0.55307299999999993 0.0092276200000000006 -0.0641795
  vertex 0.55307299999999993 -1.19108E-17 -0.064839499999999994
  vertex 0.47803600000000002 -1.09505E-17 -0.0596118
  endloop
 endfacet

 facet normal -0.0594944 0.0712129 -0.995685
  outer loop
  vertex 0.55307299999999993 0.0092276200000000006 -0.0641795
  vertex 0.622228 0.0098156900000000002 -0.0682696
  vertex 0.55307299999999993 -1.19108E-17 -0.064839499999999994
  endloop
 endfacet

 facet normal -0.0594944 0.0712127 -0.995685
  outer loop
  vertex 0.622228 0.0098156900000000002 -0.0682696
  vertex 0.622228 -1.2669900000000001E-17 -0.068971599999999994
  vertex 0.55307299999999993 -1.19108E-17 -0.064839499999999994
  endloop
 endfacet

 facet normal -0.0472526 0.0712589 -0.996338
  outer loop
  vertex 0.622228 0.0098156900000000002 -0.0682696
  vertex 0.70920399999999995 0.010402699999999999 -0.072352599999999989
  vertex 0.622228 -1.2669900000000001E-17 -0.068971599999999994
  endloop
 endfacet

 facet normal -0.0472526 0.0712592 -0.996338
  outer loop
  vertex 0.70920399999999995 0.010402699999999999 -0.072352599999999989
  vertex 0.70920399999999995 -1.3427600000000001E-17 -0.073096599999999998
  vertex 0.622228 -1.2669900000000001E-17 -0.068971599999999994
  endloop
 endfacet

 facet normal -0.0319093 0.0713029 -0.996944
  outer loop
  vertex 0.70920399999999995 0.010402699999999999 -0.072352599999999989
  vertex 0.76955200000000001 0.010677600000000001 -0.074264499999999997
  vertex 0.70920399999999995 -1.3427600000000001E-17 -0.073096599999999998
  endloop
 endfacet

 facet normal -0.0319093 0.0713029 -0.996944
  outer loop
  vertex 0.76955200000000001 0.010677600000000001 -0.074264499999999997
  vertex 0.76955200000000001 -1.37824E-17 -0.0750281
  vertex 0.70920399999999995 -1.3427600000000001E-17 -0.073096599999999998
  endloop
 endfacet

 facet normal -0.0156292 0.0713306 -0.99733
  outer loop
  vertex 0.76955200000000001 0.010677600000000001 -0.074264499999999997
  vertex 0.79961900000000008 0.010744699999999999 -0.074730900000000003
  vertex 0.76955200000000001 -1.37824E-17 -0.0750281
  endloop
 endfacet

 facet normal -0.0156292 0.0713307 -0.99733
  outer loop
  vertex 0.79961900000000008 0.010744699999999999 -0.074730900000000003
  vertex 0.79961900000000008 -1.3869000000000001E-17 -0.075499300000000005
  vertex 0.76955200000000001 -1.37824E-17 -0.0750281
  endloop
 endfacet

 facet normal -0.441841 0.0639982 -0.894808
  outer loop
  vertex 0.79961900000000008 0.010744699999999999 -0.074730900000000003
  vertex 0.80000000000000004 0.0062955600000000004 -0.075237100000000001
  vertex 0.79961900000000008 -1.3869000000000001E-17 -0.075499300000000005
  endloop
 endfacet

 facet normal -0.703551 0.151058 -0.694404
  outer loop
  vertex 1.05538E-05 6.0666200000000002E-06 -2.0660999999999998E-05
  vertex 0.00013818700000000001 4.17571E-05 -0.00014221200000000001
  vertex 1.05538E-05 3.0645000000000001E-06 -2.13141E-05
  endloop
 endfacet

 facet normal -0.703551 0.151058 -0.694404
  outer loop
  vertex 0.00013818700000000001 4.17571E-05 -0.00014221200000000001
  vertex 0.00013818700000000001 2.10932E-05 -0.00014670700000000002
  vertex 1.05538E-05 3.0645000000000001E-06 -2.13141E-05
  endloop
 endfacet

 facet normal -0.454697 0.189321 -0.870292
  outer loop
  vertex 0.00013818700000000001 4.17571E-05 -0.00014221200000000001
  vertex 0.00198263 0.000307724 -0.00104801
  vertex 0.00013818700000000001 2.10932E-05 -0.00014670700000000002
  endloop
 endfacet

 facet normal -0.454697 0.18932 -0.870292
  outer loop
  vertex 0.00198263 0.000307724 -0.00104801
  vertex 0.00198263 0.000155444 -0.00108114
  vertex 0.00013818700000000001 2.10932E-05 -0.00014670700000000002
  endloop
 endfacet

 facet normal -0.31864 0.201485 -0.926214
  outer loop
  vertex 0.00198263 0.000307724 -0.00104801
  vertex 0.0076858899999999999 0.0008492459999999999 -0.0028922699999999997
  vertex 0.00198263 0.000155444 -0.00108114
  endloop
 endfacet

 facet normal -0.31864 0.201485 -0.926214
  outer loop
  vertex 0.0076858899999999999 0.0008492459999999999 -0.0028922699999999997
  vertex 0.0076858899999999999 0.00042898999999999997 -0.0029836900000000002
  vertex 0.00198263 0.000155444 -0.00108114
  endloop
 endfacet

 facet normal -0.252638 0.20567 -0.945449
  outer loop
  vertex 0.0076858899999999999 0.0008492459999999999 -0.0028922699999999997
  vertex 0.0172239 0.0015526800000000001 -0.0052879300000000006
  vertex 0.0076858899999999999 0.00042898999999999997 -0.0029836900000000002
  endloop
 endfacet

 facet normal -0.252638 0.20567 -0.945449
  outer loop
  vertex 0.0172239 0.0015526800000000001 -0.0052879300000000006
  vertex 0.0172239 0.00078432199999999995 -0.0054550799999999993
  vertex 0.0076858899999999999 0.00042898999999999997 -0.0029836900000000002
  endloop
 endfacet

 facet normal -0.214851 0.207601 -0.954328
  outer loop
  vertex 0.0172239 0.0015526800000000001 -0.0052879300000000006
  vertex 0.030448200000000002 0.0023743799999999997 -0.0080864100000000005
  vertex 0.0172239 0.00078432199999999995 -0.0054550799999999993
  endloop
 endfacet

 facet normal -0.214851 0.207601 -0.954328
  outer loop
  vertex 0.030448200000000002 0.0023743799999999997 -0.0080864100000000005
  vertex 0.030448200000000002 0.0011994 -0.0083420100000000004
  vertex 0.0172239 0.00078432199999999995 -0.0054550799999999993
  endloop
 endfacet

 facet normal -0.179422 0.209116 -0.96129
  outer loop
  vertex 0.030448200000000002 0.0023743799999999997 -0.0080864100000000005
  vertex 0.067412200000000005 0.0042785499999999999 -0.0145714
  vertex 0.030448200000000002 0.0011994 -0.0083420100000000004
  endloop
 endfacet

 facet normal -0.179422 0.209116 -0.96129
  outer loop
  vertex 0.067412200000000005 0.0042785499999999999 -0.0145714
  vertex 0.067412200000000005 0.0021612800000000002 -0.015032
  vertex 0.030448200000000002 0.0011994 -0.0083420100000000004
  endloop
 endfacet

 facet normal -0.151585 0.210109 -0.965855
  outer loop
  vertex 0.067412200000000005 0.0042785499999999999 -0.0145714
  vertex 0.110301 0.0061363299999999997 -0.020898399999999998
  vertex 0.067412200000000005 0.0021612800000000002 -0.015032
  endloop
 endfacet

 facet normal -0.151585 0.210109 -0.965855
  outer loop
  vertex 0.110301 0.0061363299999999997 -0.020898399999999998
  vertex 0.110301 0.0030997199999999998 -0.021559000000000002
  vertex 0.067412200000000005 0.0021612800000000002 -0.015032
  endloop
 endfacet

 facet normal -0.130885 0.210737 -0.968741
  outer loop
  vertex 0.110301 0.0061363299999999997 -0.020898399999999998
  vertex 0.17777199999999999 0.00865228 -0.029467
  vertex 0.110301 0.0030997199999999998 -0.021559000000000002
  endloop
 endfacet

 facet normal -0.130885 0.210737 -0.968741
  outer loop
  vertex 0.17777199999999999 0.00865228 -0.029467
  vertex 0.17777199999999999 0.0043706300000000003 -0.030398399999999999
  vertex 0.110301 0.0030997199999999998 -0.021559000000000002
  endloop
 endfacet

 facet normal -0.11418 0.211175 -0.970756
  outer loop
  vertex 0.17777199999999999 0.00865228 -0.029467
  vertex 0.24692699999999998 0.010897199999999999 -0.0371125
  vertex 0.17777199999999999 0.0043706300000000003 -0.030398399999999999
  endloop
 endfacet

 facet normal -0.11418 0.211175 -0.970756
  outer loop
  vertex 0.24692699999999998 0.010897199999999999 -0.0371125
  vertex 0.24692699999999998 0.0055046399999999999 -0.038285600000000003
  vertex 0.17777199999999999 0.0043706300000000003 -0.030398399999999999
  endloop
 endfacet

 facet normal -0.101207 0.211474 -0.97213
  outer loop
  vertex 0.24692699999999998 0.010897199999999999 -0.0371125
  vertex 0.32196399999999997 0.0130533 -0.044455500000000002
  vertex 0.24692699999999998 0.0055046399999999999 -0.038285600000000003
  endloop
 endfacet

 facet normal -0.101207 0.211474 -0.97213
  outer loop
  vertex 0.32196399999999997 0.0130533 -0.044455500000000002
  vertex 0.32196399999999997 0.0065937700000000005 -0.045860700000000004
  vertex 0.24692699999999998 0.0055046399999999999 -0.038285600000000003
  endloop
 endfacet

 facet normal -0.089803 0.211707 -0.973199
  outer loop
  vertex 0.32196399999999997 0.0130533 -0.044455500000000002
  vertex 0.40000000000000002 0.015040699999999999 -0.051223999999999999
  vertex 0.32196399999999997 0.0065937700000000005 -0.045860700000000004
  endloop
 endfacet

 facet normal -0.089803 0.211707 -0.973199
  outer loop
  vertex 0.40000000000000002 0.015040699999999999 -0.051223999999999999
  vertex 0.40000000000000002 0.0075976999999999998 -0.0528432
  vertex 0.32196399999999997 0.0065937700000000005 -0.045860700000000004
  endloop
 endfacet

 facet normal -0.0793202 0.211896 -0.974068
  outer loop
  vertex 0.40000000000000002 0.015040699999999999 -0.051223999999999999
  vertex 0.47803600000000002 0.0167946 -0.057197100000000001
  vertex 0.40000000000000002 0.0075976999999999998 -0.0528432
  endloop
 endfacet

 facet normal -0.0793202 0.211896 -0.974068
  outer loop
  vertex 0.47803600000000002 0.0167946 -0.057197100000000001
  vertex 0.47803600000000002 0.0084836500000000006 -0.059005099999999998
  vertex 0.40000000000000002 0.0075976999999999998 -0.0528432
  endloop
 endfacet

 facet normal -0.0693229 0.212054 -0.974796
  outer loop
  vertex 0.47803600000000002 0.0167946 -0.057197100000000001
  vertex 0.55307299999999993 0.0182674 -0.062213000000000004
  vertex 0.47803600000000002 0.0084836500000000006 -0.059005099999999998
  endloop
 endfacet

 facet normal -0.0693229 0.212054 -0.974796
  outer loop
  vertex 0.55307299999999993 0.0182674 -0.062213000000000004
  vertex 0.55307299999999993 0.0092276200000000006 -0.0641795
  vertex 0.47803600000000002 0.0084836500000000006 -0.059005099999999998
  endloop
 endfacet

 facet normal -0.0594944 0.212189 -0.975416
  outer loop
  vertex 0.55307299999999993 0.0182674 -0.062213000000000004
  vertex 0.622228 0.0194316 -0.066177800000000009
  vertex 0.55307299999999993 0.0092276200000000006 -0.0641795
  endloop
 endfacet

 facet normal -0.0594944 0.212189 -0.975416
  outer loop
  vertex 0.622228 0.0194316 -0.066177800000000009
  vertex 0.622228 0.0098156900000000002 -0.0682696
  vertex 0.55307299999999993 0.0092276200000000006 -0.0641795
  endloop
 endfacet

 facet normal -0.0472526 0.212328 -0.976055
  outer loop
  vertex 0.622228 0.0194316 -0.066177800000000009
  vertex 0.70920399999999995 0.0205937 -0.070135699999999995
  vertex 0.622228 0.0098156900000000002 -0.0682696
  endloop
 endfacet

 facet normal -0.0472526 0.212328 -0.976055
  outer loop
  vertex 0.70920399999999995 0.0205937 -0.070135699999999995
  vertex 0.70920399999999995 0.010402699999999999 -0.072352599999999989
  vertex 0.622228 0.0098156900000000002 -0.0682696
  endloop
 endfacet

 facet normal -0.0319093 0.212457 -0.976649
  outer loop
  vertex 0.70920399999999995 0.0205937 -0.070135699999999995
  vertex 0.76955200000000001 0.021137899999999998 -0.071988999999999997
  vertex 0.70920399999999995 0.010402699999999999 -0.072352599999999989
  endloop
 endfacet

 facet normal -0.0319093 0.212457 -0.976649
  outer loop
  vertex 0.76955200000000001 0.021137899999999998 -0.071988999999999997
  vertex 0.76955200000000001 0.010677600000000001 -0.074264499999999997
  vertex 0.70920399999999995 0.010402699999999999 -0.072352599999999989
  endloop
 endfacet

 facet normal -0.0156292 0.212539 -0.977027
  outer loop
  vertex 0.76955200000000001 0.021137899999999998 -0.071988999999999997
  vertex 0.79961900000000008 0.021270600000000001 -0.072441100000000008
  vertex 0.76955200000000001 0.010677600000000001 -0.074264499999999997
  endloop
 endfacet

 facet normal -0.0156292 0.212539 -0.977027
  outer loop
  vertex 0.79961900000000008 0.021270600000000001 -0.072441100000000008
  vertex 0.79961900000000008 0.010744699999999999 -0.074730900000000003
  vertex 0.76955200000000001 0.010677600000000001 -0.074264499999999997
  endloop
 endfacet

 facet normal -0.44796 0.190045 -0.873622
  outer loop
  vertex 0.79961900000000008 0.021270600000000001 -0.072441100000000008
  vertex 0.80000000000000004 0.015476699999999999 -0.073896699999999996
  vertex 0.79961900000000008 0.010744699999999999 -0.074730900000000003
  endloop
 endfacet

 facet normal -0.703551 0.248345 -0.665838
  outer loop
  vertex 1.05538E-05 8.9452399999999998E-06 -1.9587299999999998E-05
  vertex 0.00013818700000000001 6.1570900000000004E-05 -0.000134821
  vertex 1.05538E-05 6.0666200000000002E-06 -2.0660999999999998E-05
  endloop
 endfacet

 facet normal -0.703551 0.248345 -0.665838
  outer loop
  vertex 0.00013818700000000001 6.1570900000000004E-05 -0.000134821
  vertex 0.00013818700000000001 4.17571E-05 -0.00014221200000000001
  vertex 1.05538E-05 6.0666200000000002E-06 -2.0660999999999998E-05
  endloop
 endfacet

 facet normal -0.454697 0.311249 -0.834491
  outer loop
  vertex 0.00013818700000000001 6.1570900000000004E-05 -0.000134821
  vertex 0.00198263 0.00045373899999999999 -0.00099354900000000004
  vertex 0.00013818700000000001 4.17571E-05 -0.00014221200000000001
  endloop
 endfacet

 facet normal -0.454697 0.311249 -0.834491
  outer loop
  vertex 0.00198263 0.00045373899999999999 -0.00099354900000000004
  vertex 0.00198263 0.000307724 -0.00104801
  vertex 0.00013818700000000001 4.17571E-05 -0.00014221200000000001
  endloop
 endfacet

 facet normal -0.31864 0.331249 -0.888112
  outer loop
  vertex 0.00198263 0.00045373899999999999 -0.00099354900000000004
  vertex 0.0076858899999999999 0.0012522100000000001 -0.0027419699999999998
  vertex 0.00198263 0.000307724 -0.00104801
  endloop
 endfacet

 facet normal -0.31864 0.331249 -0.888112
  outer loop
  vertex 0.0076858899999999999 0.0012522100000000001 -0.0027419699999999998
  vertex 0.0076858899999999999 0.0008492459999999999 -0.0028922699999999997
  vertex 0.00198263 0.000307724 -0.00104801
  endloop
 endfacet

 facet normal -0.252638 0.338128 -0.906556
  outer loop
  vertex 0.0076858899999999999 0.0012522100000000001 -0.0027419699999999998
  vertex 0.0172239 0.0022894199999999999 -0.0050131400000000001
  vertex 0.0076858899999999999 0.0008492459999999999 -0.0028922699999999997
  endloop
 endfacet

 facet normal -0.252638 0.338128 -0.906556
  outer loop
  vertex 0.0172239 0.0022894199999999999 -0.0050131400000000001
  vertex 0.0172239 0.0015526800000000001 -0.0052879300000000006
  vertex 0.0076858899999999999 0.0008492459999999999 -0.0028922699999999997
  endloop
 endfacet

 facet normal -0.214851 0.341303 -0.915069
  outer loop
  vertex 0.0172239 0.0022894199999999999 -0.0050131400000000001
  vertex 0.030448200000000002 0.00350103 -0.0076661900000000007
  vertex 0.0172239 0.0015526800000000001 -0.0052879300000000006
  endloop
 endfacet

 facet normal -0.214851 0.341303 -0.915069
  outer loop
  vertex 0.030448200000000002 0.00350103 -0.0076661900000000007
  vertex 0.030448200000000002 0.0023743799999999997 -0.0080864100000000005
  vertex 0.0172239 0.0015526800000000001 -0.0052879300000000006
  endloop
 endfacet

 facet normal -0.179422 0.343793 -0.921745
  outer loop
  vertex 0.030448200000000002 0.00350103 -0.0076661900000000007
  vertex 0.067412200000000005 0.0063087299999999994 -0.0138142
  vertex 0.030448200000000002 0.0023743799999999997 -0.0080864100000000005
  endloop
 endfacet

 facet normal -0.179422 0.343793 -0.921745
  outer loop
  vertex 0.067412200000000005 0.0063087299999999994 -0.0138142
  vertex 0.067412200000000005 0.0042785499999999999 -0.0145714
  vertex 0.030448200000000002 0.0023743799999999997 -0.0080864100000000005
  endloop
 endfacet

 facet normal -0.151585 0.345426 -0.926123
  outer loop
  vertex 0.067412200000000005 0.0063087299999999994 -0.0138142
  vertex 0.110301 0.0090480300000000003 -0.019812400000000001
  vertex 0.067412200000000005 0.0042785499999999999 -0.0145714
  endloop
 endfacet

 facet normal -0.151585 0.345426 -0.926123
  outer loop
  vertex 0.110301 0.0090480300000000003 -0.019812400000000001
  vertex 0.110301 0.0061363299999999997 -0.020898399999999998
  vertex 0.067412200000000005 0.0042785499999999999 -0.0145714
  endloop
 endfacet

 facet normal -0.130885 0.346458 -0.92889
  outer loop
  vertex 0.110301 0.0090480300000000003 -0.019812400000000001
  vertex 0.17777199999999999 0.0127578 -0.027935700000000001
  vertex 0.110301 0.0061363299999999997 -0.020898399999999998
  endloop
 endfacet

 facet normal -0.130885 0.346458 -0.92889
  outer loop
  vertex 0.17777199999999999 0.0127578 -0.027935700000000001
  vertex 0.17777199999999999 0.00865228 -0.029467
  vertex 0.110301 0.0061363299999999997 -0.020898399999999998
  endloop
 endfacet

 facet normal -0.11418 0.347179 -0.930822
  outer loop
  vertex 0.17777199999999999 0.0127578 -0.027935700000000001
  vertex 0.24692699999999998 0.016068000000000002 -0.035184
  vertex 0.17777199999999999 0.00865228 -0.029467
  endloop
 endfacet

 facet normal -0.11418 0.347179 -0.930822
  outer loop
  vertex 0.24692699999999998 0.016068000000000002 -0.035184
  vertex 0.24692699999999998 0.010897199999999999 -0.0371125
  vertex 0.17777199999999999 0.00865228 -0.029467
  endloop
 endfacet

 facet normal -0.101207 0.34767 -0.932139
  outer loop
  vertex 0.24692699999999998 0.016068000000000002 -0.035184
  vertex 0.32196399999999997 0.0192471 -0.042145299999999997
  vertex 0.24692699999999998 0.010897199999999999 -0.0371125
  endloop
 endfacet

 facet normal -0.101207 0.34767 -0.932139
  outer loop
  vertex 0.32196399999999997 0.0192471 -0.042145299999999997
  vertex 0.32196399999999997 0.0130533 -0.044455500000000002
  vertex 0.24692699999999998 0.010897199999999999 -0.0371125
  endloop
 endfacet

 facet normal -0.089803 0.348052 -0.933164
  outer loop
  vertex 0.32196399999999997 0.0192471 -0.042145299999999997
  vertex 0.40000000000000002 0.022177600000000002 -0.048562100000000004
  vertex 0.32196399999999997 0.0130533 -0.044455500000000002
  endloop
 endfacet

 facet normal -0.089803 0.348052 -0.933164
  outer loop
  vertex 0.40000000000000002 0.022177600000000002 -0.048562100000000004
  vertex 0.40000000000000002 0.015040699999999999 -0.051223999999999999
  vertex 0.32196399999999997 0.0130533 -0.044455500000000002
  endloop
 endfacet

 facet normal -0.0793201 0.348363 -0.933998
  outer loop
  vertex 0.40000000000000002 0.022177600000000002 -0.048562100000000004
  vertex 0.47803600000000002 0.0247636 -0.054224800000000004
  vertex 0.40000000000000002 0.015040699999999999 -0.051223999999999999
  endloop
 endfacet

 facet normal -0.0793201 0.348363 -0.933998
  outer loop
  vertex 0.47803600000000002 0.0247636 -0.054224800000000004
  vertex 0.47803600000000002 0.0167946 -0.057197100000000001
  vertex 0.40000000000000002 0.015040699999999999 -0.051223999999999999
  endloop
 endfacet

 facet normal -0.069323 0.348624 -0.934696
  outer loop
  vertex 0.47803600000000002 0.0247636 -0.054224800000000004
  vertex 0.55307299999999993 0.026935300000000002 -0.058980100000000001
  vertex 0.47803600000000002 0.0167946 -0.057197100000000001
  endloop
 endfacet

 facet normal -0.0693229 0.348623 -0.934696
  outer loop
  vertex 0.55307299999999993 0.026935300000000002 -0.058980100000000001
  vertex 0.55307299999999993 0.0182674 -0.062213000000000004
  vertex 0.47803600000000002 0.0167946 -0.057197100000000001
  endloop
 endfacet

 facet normal -0.0594944 0.348845 -0.93529
  outer loop
  vertex 0.55307299999999993 0.026935300000000002 -0.058980100000000001
  vertex 0.622228 0.028651900000000001 -0.062738799999999997
  vertex 0.55307299999999993 0.0182674 -0.062213000000000004
  endloop
 endfacet

 facet normal -0.0594944 0.348845 -0.93529
  outer loop
  vertex 0.622228 0.028651900000000001 -0.062738799999999997
  vertex 0.622228 0.0194316 -0.066177800000000009
  vertex 0.55307299999999993 0.0182674 -0.062213000000000004
  endloop
 endfacet

 facet normal -0.0472526 0.349074 -0.935903
  outer loop
  vertex 0.622228 0.028651900000000001 -0.062738799999999997
  vertex 0.70920399999999995 0.030365400000000001 -0.066490999999999995
  vertex 0.622228 0.0194316 -0.066177800000000009
  endloop
 endfacet

 facet normal -0.0472526 0.349074 -0.935903
  outer loop
  vertex 0.70920399999999995 0.030365400000000001 -0.066490999999999995
  vertex 0.70920399999999995 0.0205937 -0.070135699999999995
  vertex 0.622228 0.0194316 -0.066177800000000009
  endloop
 endfacet

 facet normal -0.0319093 0.349286 -0.936473
  outer loop
  vertex 0.70920399999999995 0.030365400000000001 -0.066490999999999995
  vertex 0.76955200000000001 0.031167799999999999 -0.068248000000000003
  vertex 0.70920399999999995 0.0205937 -0.070135699999999995
  endloop
 endfacet

 facet normal -0.0319093 0.349286 -0.936473
  outer loop
  vertex 0.76955200000000001 0.031167799999999999 -0.068248000000000003
  vertex 0.76955200000000001 0.021137899999999998 -0.071988999999999997
  vertex 0.70920399999999995 0.0205937 -0.070135699999999995
  endloop
 endfacet

 facet normal -0.0156291 0.349421 -0.936835
  outer loop
  vertex 0.76955200000000001 0.031167799999999999 -0.068248000000000003
  vertex 0.79961900000000008 0.031363599999999998 -0.06867659999999999
  vertex 0.76955200000000001 0.021137899999999998 -0.071988999999999997
  endloop
 endfacet

 facet normal -0.0156291 0.349421 -0.936835
  outer loop
  vertex 0.79961900000000008 0.031363599999999998 -0.06867659999999999
  vertex 0.79961900000000008 0.021270600000000001 -0.072441100000000008
  vertex 0.76955200000000001 0.021137899999999998 -0.071988999999999997
  endloop
 endfacet

 facet normal -0.396278 0.320854 -0.860242
  outer loop
  vertex 0.79961900000000008 0.031363599999999998 -0.06867659999999999
  vertex 0.80000000000000004 0.024424100000000001 -0.071440299999999998
  vertex 0.79961900000000008 0.021270600000000001 -0.072441100000000008
  endloop
 endfacet

 facet normal -0.703551 0.340575 -0.623718
  outer loop
  vertex 1.05538E-05 1.1641800000000001E-05 -1.8114899999999998E-05
  vertex 0.00013818700000000001 8.0131199999999996E-05 -0.00012468700000000001
  vertex 1.05538E-05 8.9452399999999998E-06 -1.9587299999999998E-05
  endloop
 endfacet

 facet normal -0.703551 0.340575 -0.623718
  outer loop
  vertex 0.00013818700000000001 8.0131199999999996E-05 -0.00012468700000000001
  vertex 0.00013818700000000001 6.1570900000000004E-05 -0.000134821
  vertex 1.05538E-05 8.9452399999999998E-06 -1.9587299999999998E-05
  endloop
 endfacet

 facet normal -0.454697 0.426841 -0.781702
  outer loop
  vertex 0.00013818700000000001 8.0131199999999996E-05 -0.00012468700000000001
  vertex 0.00198263 0.00059051699999999993 -0.00091886300000000001
  vertex 0.00013818700000000001 6.1570900000000004E-05 -0.000134821
  endloop
 endfacet

 facet normal -0.454697 0.426841 -0.781702
  outer loop
  vertex 0.00198263 0.00059051699999999993 -0.00091886300000000001
  vertex 0.00198263 0.00045373899999999999 -0.00099354900000000004
  vertex 0.00013818700000000001 6.1570900000000004E-05 -0.000134821
  endloop
 endfacet

 facet normal -0.31864 0.454269 -0.831931
  outer loop
  vertex 0.00198263 0.00059051699999999993 -0.00091886300000000001
  vertex 0.0076858899999999999 0.00162969 -0.0025358500000000001
  vertex 0.00198263 0.00045373899999999999 -0.00099354900000000004
  endloop
 endfacet

 facet normal -0.31864 0.454269 -0.831931
  outer loop
  vertex 0.0076858899999999999 0.00162969 -0.0025358500000000001
  vertex 0.0076858899999999999 0.0012522100000000001 -0.0027419699999999998
  vertex 0.00198263 0.00045373899999999999 -0.00099354900000000004
  endloop
 endfacet

 facet normal -0.252638 0.463702 -0.849208
  outer loop
  vertex 0.0076858899999999999 0.00162969 -0.0025358500000000001
  vertex 0.0172239 0.00297957 -0.0046362899999999995
  vertex 0.0076858899999999999 0.0012522100000000001 -0.0027419699999999998
  endloop
 endfacet

 facet normal -0.252638 0.463702 -0.849208
  outer loop
  vertex 0.0172239 0.00297957 -0.0046362899999999995
  vertex 0.0172239 0.0022894199999999999 -0.0050131400000000001
  vertex 0.0076858899999999999 0.0012522100000000001 -0.0027419699999999998
  endloop
 endfacet

 facet normal -0.214851 0.468057 -0.857183
  outer loop
  vertex 0.0172239 0.00297957 -0.0046362899999999995
  vertex 0.030448200000000002 0.0045564099999999995 -0.0070899099999999996
  vertex 0.0172239 0.0022894199999999999 -0.0050131400000000001
  endloop
 endfacet

 facet normal -0.214851 0.468057 -0.857183
  outer loop
  vertex 0.030448200000000002 0.0045564099999999995 -0.0070899099999999996
  vertex 0.030448200000000002 0.00350103 -0.0076661900000000007
  vertex 0.0172239 0.0022894199999999999 -0.0050131400000000001
  endloop
 endfacet

 facet normal -0.179422 0.471472 -0.863436
  outer loop
  vertex 0.030448200000000002 0.0045564099999999995 -0.0070899099999999996
  vertex 0.067412200000000005 0.0082104800000000009 -0.0127758
  vertex 0.030448200000000002 0.00350103 -0.0076661900000000007
  endloop
 endfacet

 facet normal -0.179422 0.471472 -0.863436
  outer loop
  vertex 0.067412200000000005 0.0082104800000000009 -0.0127758
  vertex 0.067412200000000005 0.0063087299999999994 -0.0138142
  vertex 0.030448200000000002 0.00350103 -0.0076661900000000007
  endloop
 endfacet

 facet normal -0.151585 0.473711 -0.867537
  outer loop
  vertex 0.067412200000000005 0.0082104800000000009 -0.0127758
  vertex 0.110301 0.0117755 -0.018323100000000002
  vertex 0.067412200000000005 0.0063087299999999994 -0.0138142
  endloop
 endfacet

 facet normal -0.151585 0.473711 -0.867537
  outer loop
  vertex 0.110301 0.0117755 -0.018323100000000002
  vertex 0.110301 0.0090480300000000003 -0.019812400000000001
  vertex 0.067412200000000005 0.0063087299999999994 -0.0138142
  endloop
 endfacet

 facet normal -0.130885 0.475126 -0.870129
  outer loop
  vertex 0.110301 0.0117755 -0.018323100000000002
  vertex 0.17777199999999999 0.0166036 -0.0258357
  vertex 0.110301 0.0090480300000000003 -0.019812400000000001
  endloop
 endfacet

 facet normal -0.130885 0.475126 -0.870129
  outer loop
  vertex 0.17777199999999999 0.0166036 -0.0258357
  vertex 0.17777199999999999 0.0127578 -0.027935700000000001
  vertex 0.110301 0.0090480300000000003 -0.019812400000000001
  endloop
 endfacet

 facet normal -0.11418 0.476115 -0.871939
  outer loop
  vertex 0.17777199999999999 0.0166036 -0.0258357
  vertex 0.24692699999999998 0.020911599999999999 -0.032539099999999994
  vertex 0.17777199999999999 0.0127578 -0.027935700000000001
  endloop
 endfacet

 facet normal -0.11418 0.476115 -0.871939
  outer loop
  vertex 0.24692699999999998 0.020911599999999999 -0.032539099999999994
  vertex 0.24692699999999998 0.016068000000000002 -0.035184
  vertex 0.17777199999999999 0.0127578 -0.027935700000000001
  endloop
 endfacet

 facet normal -0.101207 0.476788 -0.873173
  outer loop
  vertex 0.24692699999999998 0.020911599999999999 -0.032539099999999994
  vertex 0.32196399999999997 0.025049099999999998 -0.038977200000000004
  vertex 0.24692699999999998 0.016068000000000002 -0.035184
  endloop
 endfacet

 facet normal -0.101207 0.476788 -0.873173
  outer loop
  vertex 0.32196399999999997 0.025049099999999998 -0.038977200000000004
  vertex 0.32196399999999997 0.0192471 -0.042145299999999997
  vertex 0.24692699999999998 0.016068000000000002 -0.035184
  endloop
 endfacet

 facet normal -0.089803 0.477313 -0.874133
  outer loop
  vertex 0.32196399999999997 0.025049099999999998 -0.038977200000000004
  vertex 0.40000000000000002 0.028863 -0.044911600000000003
  vertex 0.32196399999999997 0.0192471 -0.042145299999999997
  endloop
 endfacet

 facet normal -0.089803 0.477313 -0.874133
  outer loop
  vertex 0.40000000000000002 0.028863 -0.044911600000000003
  vertex 0.40000000000000002 0.022177600000000002 -0.048562100000000004
  vertex 0.32196399999999997 0.0192471 -0.042145299999999997
  endloop
 endfacet

 facet normal -0.0793202 0.477739 -0.874913
  outer loop
  vertex 0.40000000000000002 0.028863 -0.044911600000000003
  vertex 0.47803600000000002 0.032228600000000003 -0.050148699999999997
  vertex 0.40000000000000002 0.022177600000000002 -0.048562100000000004
  endloop
 endfacet

 facet normal -0.0793201 0.477739 -0.874914
  outer loop
  vertex 0.47803600000000002 0.032228600000000003 -0.050148699999999997
  vertex 0.47803600000000002 0.0247636 -0.054224800000000004
  vertex 0.40000000000000002 0.022177600000000002 -0.048562100000000004
  endloop
 endfacet

 facet normal -0.069323 0.478096 -0.875567
  outer loop
  vertex 0.47803600000000002 0.032228600000000003 -0.050148699999999997
  vertex 0.55307299999999993 0.035054900000000007 -0.054546500000000005
  vertex 0.47803600000000002 0.0247636 -0.054224800000000004
  endloop
 endfacet

 facet normal -0.069323 0.478096 -0.875567
  outer loop
  vertex 0.55307299999999993 0.035054900000000007 -0.054546500000000005
  vertex 0.55307299999999993 0.026935300000000002 -0.058980100000000001
  vertex 0.47803600000000002 0.0247636 -0.054224800000000004
  endloop
 endfacet

 facet normal -0.0594944 0.4784 -0.876124
  outer loop
  vertex 0.55307299999999993 0.035054900000000007 -0.054546500000000005
  vertex 0.622228 0.0372889 -0.058022599999999994
  vertex 0.55307299999999993 0.026935300000000002 -0.058980100000000001
  endloop
 endfacet

 facet normal -0.0594944 0.4784 -0.876124
  outer loop
  vertex 0.622228 0.0372889 -0.058022599999999994
  vertex 0.622228 0.028651900000000001 -0.062738799999999997
  vertex 0.55307299999999993 0.026935300000000002 -0.058980100000000001
  endloop
 endfacet

 facet normal -0.0472526 0.478714 -0.876699
  outer loop
  vertex 0.622228 0.0372889 -0.058022599999999994
  vertex 0.70920399999999995 0.039518999999999999 -0.0614928
  vertex 0.622228 0.028651900000000001 -0.062738799999999997
  endloop
 endfacet

 facet normal -0.0472526 0.478714 -0.876699
  outer loop
  vertex 0.70920399999999995 0.039518999999999999 -0.0614928
  vertex 0.70920399999999995 0.030365400000000001 -0.066490999999999995
  vertex 0.622228 0.028651900000000001 -0.062738799999999997
  endloop
 endfacet

 facet normal -0.0319093 0.479005 -0.877232
  outer loop
  vertex 0.70920399999999995 0.039518999999999999 -0.0614928
  vertex 0.76955200000000001 0.040563299999999997 -0.063117699999999999
  vertex 0.70920399999999995 0.030365400000000001 -0.066490999999999995
  endloop
 endfacet

 facet normal -0.0319093 0.479005 -0.877232
  outer loop
  vertex 0.76955200000000001 0.040563299999999997 -0.063117699999999999
  vertex 0.76955200000000001 0.031167799999999999 -0.068248000000000003
  vertex 0.70920399999999995 0.030365400000000001 -0.066490999999999995
  endloop
 endfacet

 facet normal -0.0156292 0.47919 -0.877572
  outer loop
  vertex 0.76955200000000001 0.040563299999999997 -0.063117699999999999
  vertex 0.79961900000000008 0.040818 -0.063514100000000004
  vertex 0.76955200000000001 0.031167799999999999 -0.068248000000000003
  endloop
 endfacet

 facet normal -0.0156292 0.47919 -0.877572
  outer loop
  vertex 0.79961900000000008 0.040818 -0.063514100000000004
  vertex 0.79961900000000008 0.031363599999999998 -0.06867659999999999
  vertex 0.76955200000000001 0.031167799999999999 -0.068248000000000003
  endloop
 endfacet

 facet normal -0.273419 0.460987 -0.844235
  outer loop
  vertex 0.79961900000000008 0.040818 -0.063514100000000004
  vertex 0.80000000000000004 0.033002699999999996 -0.067904900000000004
  vertex 0.79961900000000008 0.031363599999999998 -0.06867659999999999
  endloop
 endfacet

 facet normal -0.703551 0.425874 -0.5689
  outer loop
  vertex 1.05538E-05 1.41013E-05 -1.62737E-05
  vertex 0.00013818700000000001 9.706040000000001E-05 -0.000112014
  vertex 1.05538E-05 1.1641800000000001E-05 -1.8114899999999998E-05
  endloop
 endfacet

 facet normal -0.703551 0.425873 -0.5689
  outer loop
  vertex 0.00013818700000000001 9.706040000000001E-05 -0.000112014
  vertex 0.00013818700000000001 8.0131199999999996E-05 -0.00012468700000000001
  vertex 1.05538E-05 1.1641800000000001E-05 -1.8114899999999998E-05
  endloop
 endfacet

 facet normal -0.454697 0.533744 -0.712999
  outer loop
  vertex 0.00013818700000000001 9.706040000000001E-05 -0.000112014
  vertex 0.00198263 0.00071527400000000001 -0.00082547099999999993
  vertex 0.00013818700000000001 8.0131199999999996E-05 -0.00012468700000000001
  endloop
 endfacet

 facet normal -0.454697 0.533744 -0.712999
  outer loop
  vertex 0.00198263 0.00071527400000000001 -0.00082547099999999993
  vertex 0.00198263 0.00059051699999999993 -0.00091886300000000001
  vertex 0.00013818700000000001 8.0131199999999996E-05 -0.00012468700000000001
  endloop
 endfacet

 facet normal -0.31864 0.568041 -0.758814
  outer loop
  vertex 0.00198263 0.00071527400000000001 -0.00082547099999999993
  vertex 0.0076858899999999999 0.0019739900000000001 -0.0022781099999999999
  vertex 0.00198263 0.00059051699999999993 -0.00091886300000000001
  endloop
 endfacet

 facet normal -0.31864 0.568041 -0.758814
  outer loop
  vertex 0.0076858899999999999 0.0019739900000000001 -0.0022781099999999999
  vertex 0.0076858899999999999 0.00162969 -0.0025358500000000001
  vertex 0.00198263 0.00059051699999999993 -0.00091886300000000001
  endloop
 endfacet

 facet normal -0.252638 0.579838 -0.774572
  outer loop
  vertex 0.0076858899999999999 0.0019739900000000001 -0.0022781099999999999
  vertex 0.0172239 0.0036090499999999999 -0.0041650699999999999
  vertex 0.0076858899999999999 0.00162969 -0.0025358500000000001
  endloop
 endfacet

 facet normal -0.252638 0.579838 -0.774572
  outer loop
  vertex 0.0172239 0.0036090499999999999 -0.0041650699999999999
  vertex 0.0172239 0.00297957 -0.0046362899999999995
  vertex 0.0076858899999999999 0.00162969 -0.0025358500000000001
  endloop
 endfacet

 facet normal -0.214851 0.585283 -0.781846
  outer loop
  vertex 0.0172239 0.0036090499999999999 -0.0041650699999999999
  vertex 0.030448200000000002 0.0055190300000000003 -0.0063692999999999996
  vertex 0.0172239 0.00297957 -0.0046362899999999995
  endloop
 endfacet

 facet normal -0.214851 0.585283 -0.781846
  outer loop
  vertex 0.030448200000000002 0.0055190300000000003 -0.0063692999999999996
  vertex 0.030448200000000002 0.0045564099999999995 -0.0070899099999999996
  vertex 0.0172239 0.00297957 -0.0046362899999999995
  endloop
 endfacet

 facet normal -0.179422 0.589553 -0.78755
  outer loop
  vertex 0.030448200000000002 0.0055190300000000003 -0.0063692999999999996
  vertex 0.067412200000000005 0.0099450900000000002 -0.011477299999999999
  vertex 0.030448200000000002 0.0045564099999999995 -0.0070899099999999996
  endloop
 endfacet

 facet normal -0.179422 0.589553 -0.78755
  outer loop
  vertex 0.067412200000000005 0.0099450900000000002 -0.011477299999999999
  vertex 0.067412200000000005 0.0082104800000000009 -0.0127758
  vertex 0.030448200000000002 0.0045564099999999995 -0.0070899099999999996
  endloop
 endfacet

 facet normal -0.151585 0.592353 -0.79129
  outer loop
  vertex 0.067412200000000005 0.0099450900000000002 -0.011477299999999999
  vertex 0.110301 0.0142633 -0.016460799999999998
  vertex 0.067412200000000005 0.0082104800000000009 -0.0127758
  endloop
 endfacet

 facet normal -0.151585 0.592353 -0.79129
  outer loop
  vertex 0.110301 0.0142633 -0.016460799999999998
  vertex 0.110301 0.0117755 -0.018323100000000002
  vertex 0.067412200000000005 0.0082104800000000009 -0.0127758
  endloop
 endfacet

 facet normal -0.130885 0.594123 -0.793655
  outer loop
  vertex 0.110301 0.0142633 -0.016460799999999998
  vertex 0.17777199999999999 0.020111399999999998 -0.023209800000000003
  vertex 0.110301 0.0117755 -0.018323100000000002
  endloop
 endfacet

 facet normal -0.130885 0.594123 -0.793655
  outer loop
  vertex 0.17777199999999999 0.020111399999999998 -0.023209800000000003
  vertex 0.17777199999999999 0.0166036 -0.0258357
  vertex 0.110301 0.0117755 -0.018323100000000002
  endloop
 endfacet

 facet normal -0.11418 0.595359 -0.795306
  outer loop
  vertex 0.17777199999999999 0.020111399999999998 -0.023209800000000003
  vertex 0.24692699999999998 0.025329600000000001 -0.029231899999999998
  vertex 0.17777199999999999 0.0166036 -0.0258357
  endloop
 endfacet

 facet normal -0.11418 0.595359 -0.795306
  outer loop
  vertex 0.24692699999999998 0.025329600000000001 -0.029231899999999998
  vertex 0.24692699999999998 0.020911599999999999 -0.032539099999999994
  vertex 0.17777199999999999 0.0166036 -0.0258357
  endloop
 endfacet

 facet normal -0.101207 0.596201 -0.796431
  outer loop
  vertex 0.24692699999999998 0.025329600000000001 -0.029231899999999998
  vertex 0.32196399999999997 0.030341200000000002 -0.035015600000000001
  vertex 0.24692699999999998 0.020911599999999999 -0.032539099999999994
  endloop
 endfacet

 facet normal -0.101207 0.596201 -0.796431
  outer loop
  vertex 0.32196399999999997 0.030341200000000002 -0.035015600000000001
  vertex 0.32196399999999997 0.025049099999999998 -0.038977200000000004
  vertex 0.24692699999999998 0.020911599999999999 -0.032539099999999994
  endloop
 endfacet

 facet normal -0.089803 0.596856 -0.797307
  outer loop
  vertex 0.32196399999999997 0.030341200000000002 -0.035015600000000001
  vertex 0.40000000000000002 0.0349608 -0.040346899999999998
  vertex 0.32196399999999997 0.025049099999999998 -0.038977200000000004
  endloop
 endfacet

 facet normal -0.089803 0.596856 -0.797307
  outer loop
  vertex 0.40000000000000002 0.0349608 -0.040346899999999998
  vertex 0.40000000000000002 0.028863 -0.044911600000000003
  vertex 0.32196399999999997 0.025049099999999998 -0.038977200000000004
  endloop
 endfacet

 facet normal -0.0793202 0.59739 -0.798019
  outer loop
  vertex 0.40000000000000002 0.0349608 -0.040346899999999998
  vertex 0.47803600000000002 0.0390374 -0.045051599999999997
  vertex 0.40000000000000002 0.028863 -0.044911600000000003
  endloop
 endfacet

 facet normal -0.0793202 0.597389 -0.798019
  outer loop
  vertex 0.47803600000000002 0.0390374 -0.045051599999999997
  vertex 0.47803600000000002 0.032228600000000003 -0.050148699999999997
  vertex 0.40000000000000002 0.028863 -0.044911600000000003
  endloop
 endfacet

 facet normal -0.0693229 0.597836 -0.798616
  outer loop
  vertex 0.47803600000000002 0.0390374 -0.045051599999999997
  vertex 0.55307299999999993 0.0424608 -0.049002400000000002
  vertex 0.47803600000000002 0.032228600000000003 -0.050148699999999997
  endloop
 endfacet

 facet normal -0.069323 0.597836 -0.798616
  outer loop
  vertex 0.55307299999999993 0.0424608 -0.049002400000000002
  vertex 0.55307299999999993 0.035054900000000007 -0.054546500000000005
  vertex 0.47803600000000002 0.032228600000000003 -0.050148699999999997
  endloop
 endfacet

 facet normal -0.0594944 0.598216 -0.799123
  outer loop
  vertex 0.55307299999999993 0.0424608 -0.049002400000000002
  vertex 0.622228 0.0451668 -0.052125299999999999
  vertex 0.55307299999999993 0.035054900000000007 -0.054546500000000005
  endloop
 endfacet

 facet normal -0.0594944 0.598216 -0.799123
  outer loop
  vertex 0.622228 0.0451668 -0.052125299999999999
  vertex 0.622228 0.0372889 -0.058022599999999994
  vertex 0.55307299999999993 0.035054900000000007 -0.054546500000000005
  endloop
 endfacet

 facet normal -0.0472526 0.598608 -0.799647
  outer loop
  vertex 0.622228 0.0451668 -0.052125299999999999
  vertex 0.70920399999999995 0.047868099999999997 -0.055242699999999999
  vertex 0.622228 0.0372889 -0.058022599999999994
  endloop
 endfacet

 facet normal -0.0472526 0.598608 -0.799647
  outer loop
  vertex 0.70920399999999995 0.047868099999999997 -0.055242699999999999
  vertex 0.70920399999999995 0.039518999999999999 -0.0614928
  vertex 0.622228 0.0372889 -0.058022599999999994
  endloop
 endfacet

 facet normal -0.0319094 0.598973 -0.800133
  outer loop
  vertex 0.70920399999999995 0.047868099999999997 -0.055242699999999999
  vertex 0.76955200000000001 0.049133000000000003 -0.056702500000000003
  vertex 0.70920399999999995 0.039518999999999999 -0.0614928
  endloop
 endfacet

 facet normal -0.0319093 0.598973 -0.800133
  outer loop
  vertex 0.76955200000000001 0.049133000000000003 -0.056702500000000003
  vertex 0.76955200000000001 0.040563299999999997 -0.063117699999999999
  vertex 0.70920399999999995 0.039518999999999999 -0.0614928
  endloop
 endfacet

 facet normal -0.0156293 0.599205 -0.800443
  outer loop
  vertex 0.76955200000000001 0.049133000000000003 -0.056702500000000003
  vertex 0.79961900000000008 0.049441499999999999 -0.057058600000000001
  vertex 0.76955200000000001 0.040563299999999997 -0.063117699999999999
  endloop
 endfacet

 facet normal -0.0156292 0.599204 -0.800443
  outer loop
  vertex 0.79961900000000008 0.049441499999999999 -0.057058600000000001
  vertex 0.79961900000000008 0.040818 -0.063514100000000004
  vertex 0.76955200000000001 0.040563299999999997 -0.063117699999999999
  endloop
 endfacet

 facet normal -0.0589018 0.598237 -0.799151
  outer loop
  vertex 0.79961900000000008 0.049441499999999999 -0.057058600000000001
  vertex 0.80000000000000004 0.041082799999999996 -0.063343899999999995
  vertex 0.79961900000000008 0.040818 -0.063514100000000004
  endloop
 endfacet

 facet normal -0.703551 0.502501 -0.502501
  outer loop
  vertex 1.05538E-05 1.62737E-05 -1.41013E-05
  vertex 0.00013818700000000001 0.000112014 -9.706040000000001E-05
  vertex 1.05538E-05 1.41013E-05 -1.62737E-05
  endloop
 endfacet

 facet normal -0.703551 0.502501 -0.502501
  outer loop
  vertex 0.00013818700000000001 0.000112014 -9.706040000000001E-05
  vertex 0.00013818700000000001 9.706040000000001E-05 -0.000112014
  vertex 1.05538E-05 1.41013E-05 -1.62737E-05
  endloop
 endfacet

 facet normal -0.454697 0.629782 -0.629782
  outer loop
  vertex 0.00013818700000000001 0.000112014 -9.706040000000001E-05
  vertex 0.00198263 0.00082547099999999993 -0.00071527400000000001
  vertex 0.00013818700000000001 9.706040000000001E-05 -0.000112014
  endloop
 endfacet

 facet normal -0.454697 0.629782 -0.629782
  outer loop
  vertex 0.00198263 0.00082547099999999993 -0.00071527400000000001
  vertex 0.00198263 0.00071527400000000001 -0.00082547099999999993
  vertex 0.00013818700000000001 9.706040000000001E-05 -0.000112014
  endloop
 endfacet

 facet normal -0.31864 0.670249 -0.670249
  outer loop
  vertex 0.00198263 0.00082547099999999993 -0.00071527400000000001
  vertex 0.0076858899999999999 0.0022781099999999999 -0.0019739900000000001
  vertex 0.00198263 0.00071527400000000001 -0.00082547099999999993
  endloop
 endfacet

 facet normal -0.31864 0.670249 -0.670249
  outer loop
  vertex 0.0076858899999999999 0.0022781099999999999 -0.0019739900000000001
  vertex 0.0076858899999999999 0.0019739900000000001 -0.0022781099999999999
  vertex 0.00198263 0.00071527400000000001 -0.00082547099999999993
  endloop
 endfacet

 facet normal -0.252638 0.684169 -0.684169
  outer loop
  vertex 0.0076858899999999999 0.0022781099999999999 -0.0019739900000000001
  vertex 0.0172239 0.0041650699999999999 -0.0036090499999999999
  vertex 0.0076858899999999999 0.0019739900000000001 -0.0022781099999999999
  endloop
 endfacet

 facet normal -0.252638 0.684169 -0.684169
  outer loop
  vertex 0.0172239 0.0041650699999999999 -0.0036090499999999999
  vertex 0.0172239 0.0036090499999999999 -0.0041650699999999999
  vertex 0.0076858899999999999 0.0019739900000000001 -0.0022781099999999999
  endloop
 endfacet

 facet normal -0.214851 0.690594 -0.690594
  outer loop
  vertex 0.0172239 0.0041650699999999999 -0.0036090499999999999
  vertex 0.030448200000000002 0.0063692999999999996 -0.0055190300000000003
  vertex 0.0172239 0.0036090499999999999 -0.0041650699999999999
  endloop
 endfacet

 facet normal -0.214851 0.690594 -0.690594
  outer loop
  vertex 0.030448200000000002 0.0063692999999999996 -0.0055190300000000003
  vertex 0.030448200000000002 0.0055190300000000003 -0.0063692999999999996
  vertex 0.0172239 0.0036090499999999999 -0.0041650699999999999
  endloop
 endfacet

 facet normal -0.179422 0.695632 -0.695632
  outer loop
  vertex 0.030448200000000002 0.0063692999999999996 -0.0055190300000000003
  vertex 0.067412200000000005 0.011477299999999999 -0.0099450900000000002
  vertex 0.030448200000000002 0.0055190300000000003 -0.0063692999999999996
  endloop
 endfacet

 facet normal -0.179422 0.695632 -0.695632
  outer loop
  vertex 0.067412200000000005 0.011477299999999999 -0.0099450900000000002
  vertex 0.067412200000000005 0.0099450900000000002 -0.011477299999999999
  vertex 0.030448200000000002 0.0055190300000000003 -0.0063692999999999996
  endloop
 endfacet

 facet normal -0.151585 0.698936 -0.698936
  outer loop
  vertex 0.067412200000000005 0.011477299999999999 -0.0099450900000000002
  vertex 0.110301 0.016460799999999998 -0.0142633
  vertex 0.067412200000000005 0.0099450900000000002 -0.011477299999999999
  endloop
 endfacet

 facet normal -0.151585 0.698936 -0.698936
  outer loop
  vertex 0.110301 0.016460799999999998 -0.0142633
  vertex 0.110301 0.0142633 -0.016460799999999998
  vertex 0.067412200000000005 0.0099450900000000002 -0.011477299999999999
  endloop
 endfacet

 facet normal -0.130885 0.701024 -0.701024
  outer loop
  vertex 0.110301 0.016460799999999998 -0.0142633
  vertex 0.17777199999999999 0.023209800000000003 -0.020111399999999998
  vertex 0.110301 0.0142633 -0.016460799999999998
  endloop
 endfacet

 facet normal -0.130885 0.701024 -0.701024
  outer loop
  vertex 0.17777199999999999 0.023209800000000003 -0.020111399999999998
  vertex 0.17777199999999999 0.020111399999999998 -0.023209800000000003
  vertex 0.110301 0.0142633 -0.016460799999999998
  endloop
 endfacet

 facet normal -0.11418 0.702482 -0.702482
  outer loop
  vertex 0.17777199999999999 0.023209800000000003 -0.020111399999999998
  vertex 0.24692699999999998 0.029231899999999998 -0.025329600000000001
  vertex 0.17777199999999999 0.020111399999999998 -0.023209800000000003
  endloop
 endfacet

 facet normal -0.11418 0.702482 -0.702482
  outer loop
  vertex 0.24692699999999998 0.029231899999999998 -0.025329600000000001
  vertex 0.24692699999999998 0.025329600000000001 -0.029231899999999998
  vertex 0.17777199999999999 0.020111399999999998 -0.023209800000000003
  endloop
 endfacet

 facet normal -0.101207 0.703476 -0.703476
  outer loop
  vertex 0.24692699999999998 0.029231899999999998 -0.025329600000000001
  vertex 0.32196399999999997 0.035015600000000001 -0.030341200000000002
  vertex 0.24692699999999998 0.025329600000000001 -0.029231899999999998
  endloop
 endfacet

 facet normal -0.101207 0.703476 -0.703476
  outer loop
  vertex 0.32196399999999997 0.035015600000000001 -0.030341200000000002
  vertex 0.32196399999999997 0.030341200000000002 -0.035015600000000001
  vertex 0.24692699999999998 0.025329600000000001 -0.029231899999999998
  endloop
 endfacet

 facet normal -0.089803 0.70425 -0.70425
  outer loop
  vertex 0.32196399999999997 0.035015600000000001 -0.030341200000000002
  vertex 0.40000000000000002 0.040346899999999998 -0.0349608
  vertex 0.32196399999999997 0.030341200000000002 -0.035015600000000001
  endloop
 endfacet

 facet normal -0.089803 0.70425 -0.70425
  outer loop
  vertex 0.40000000000000002 0.040346899999999998 -0.0349608
  vertex 0.40000000000000002 0.0349608 -0.040346899999999998
  vertex 0.32196399999999997 0.030341200000000002 -0.035015600000000001
  endloop
 endfacet

 facet normal -0.0793202 0.704879 -0.704879
  outer loop
  vertex 0.40000000000000002 0.040346899999999998 -0.0349608
  vertex 0.47803600000000002 0.045051599999999997 -0.0390374
  vertex 0.40000000000000002 0.0349608 -0.040346899999999998
  endloop
 endfacet

 facet normal -0.0793202 0.704879 -0.704879
  outer loop
  vertex 0.47803600000000002 0.045051599999999997 -0.0390374
  vertex 0.47803600000000002 0.0390374 -0.045051599999999997
  vertex 0.40000000000000002 0.0349608 -0.040346899999999998
  endloop
 endfacet

 facet normal -0.069323 0.705406 -0.705406
  outer loop
  vertex 0.47803600000000002 0.045051599999999997 -0.0390374
  vertex 0.55307299999999993 0.049002400000000002 -0.0424608
  vertex 0.47803600000000002 0.0390374 -0.045051599999999997
  endloop
 endfacet

 facet normal -0.0693229 0.705406 -0.705406
  outer loop
  vertex 0.55307299999999993 0.049002400000000002 -0.0424608
  vertex 0.55307299999999993 0.0424608 -0.049002400000000002
  vertex 0.47803600000000002 0.0390374 -0.045051599999999997
  endloop
 endfacet

 facet normal -0.0594944 0.705854 -0.705854
  outer loop
  vertex 0.55307299999999993 0.049002400000000002 -0.0424608
  vertex 0.622228 0.052125299999999999 -0.0451668
  vertex 0.55307299999999993 0.0424608 -0.049002400000000002
  endloop
 endfacet

 facet normal -0.0594944 0.705854 -0.705854
  outer loop
  vertex 0.622228 0.052125299999999999 -0.0451668
  vertex 0.622228 0.0451668 -0.052125299999999999
  vertex 0.55307299999999993 0.0424608 -0.049002400000000002
  endloop
 endfacet

 facet normal -0.0472526 0.706317 -0.706317
  outer loop
  vertex 0.622228 0.052125299999999999 -0.0451668
  vertex 0.70920399999999995 0.055242699999999999 -0.047868099999999997
  vertex 0.622228 0.0451668 -0.052125299999999999
  endloop
 endfacet

 facet normal -0.0472526 0.706317 -0.706317
  outer loop
  vertex 0.70920399999999995 0.055242699999999999 -0.047868099999999997
  vertex 0.70920399999999995 0.047868099999999997 -0.055242699999999999
  vertex 0.622228 0.0451668 -0.052125299999999999
  endloop
 endfacet

 facet normal -0.0319094 0.706747 -0.706747
  outer loop
  vertex 0.70920399999999995 0.055242699999999999 -0.047868099999999997
  vertex 0.76955200000000001 0.056702500000000003 -0.049133000000000003
  vertex 0.70920399999999995 0.047868099999999997 -0.055242699999999999
  endloop
 endfacet

 facet normal -0.0319094 0.706747 -0.706747
  outer loop
  vertex 0.76955200000000001 0.056702500000000003 -0.049133000000000003
  vertex 0.76955200000000001 0.049133000000000003 -0.056702500000000003
  vertex 0.70920399999999995 0.047868099999999997 -0.055242699999999999
  endloop
 endfacet

 facet normal -0.0156293 0.70702 -0.70702
  outer loop
  vertex 0.76955200000000001 0.056702500000000003 -0.049133000000000003
  vertex 0.79961900000000008 0.057058600000000001 -0.049441499999999999
  vertex 0.76955200000000001 0.049133000000000003 -0.056702500000000003
  endloop
 endfacet

 facet normal -0.0156293 0.70702 -0.70702
  outer loop
  vertex 0.79961900000000008 0.057058600000000001 -0.049441499999999999
  vertex 0.79961900000000008 0.049441499999999999 -0.057058600000000001
  vertex 0.76955200000000001 0.049133000000000003 -0.056702500000000003
  endloop
 endfacet

 facet normal -0.354512 0.661181 -0.661181
  outer loop
  vertex 0.79961900000000008 0.057058600000000001 -0.049441499999999999
  vertex 0.80000000000000004 0.055268900000000003 -0.051435299999999996
  vertex 0.79961900000000008 0.049441499999999999 -0.057058600000000001
  endloop
 endfacet

 facet normal -0.703551 0.5689 -0.425874
  outer loop
  vertex 1.05538E-05 1.8114899999999998E-05 -1.1641800000000001E-05
  vertex 0.00013818700000000001 0.00012468700000000001 -8.0131199999999996E-05
  vertex 1.05538E-05 1.62737E-05 -1.41013E-05
  endloop
 endfacet

 facet normal -0.703551 0.5689 -0.425873
  outer loop
  vertex 0.00013818700000000001 0.00012468700000000001 -8.0131199999999996E-05
  vertex 0.00013818700000000001 0.000112014 -9.706040000000001E-05
  vertex 1.05538E-05 1.62737E-05 -1.41013E-05
  endloop
 endfacet

 facet normal -0.454697 0.712999 -0.533744
  outer loop
  vertex 0.00013818700000000001 0.00012468700000000001 -8.0131199999999996E-05
  vertex 0.00198263 0.00091886300000000001 -0.00059051699999999993
  vertex 0.00013818700000000001 0.000112014 -9.706040000000001E-05
  endloop
 endfacet

 facet normal -0.454697 0.712999 -0.533744
  outer loop
  vertex 0.00198263 0.00091886300000000001 -0.00059051699999999993
  vertex 0.00198263 0.00082547099999999993 -0.00071527400000000001
  vertex 0.00013818700000000001 0.000112014 -9.706040000000001E-05
  endloop
 endfacet

 facet normal -0.31864 0.758814 -0.568041
  outer loop
  vertex 0.00198263 0.00091886300000000001 -0.00059051699999999993
  vertex 0.0076858899999999999 0.0025358500000000001 -0.00162969
  vertex 0.00198263 0.00082547099999999993 -0.00071527400000000001
  endloop
 endfacet

 facet normal -0.31864 0.758814 -0.568041
  outer loop
  vertex 0.0076858899999999999 0.0025358500000000001 -0.00162969
  vertex 0.0076858899999999999 0.0022781099999999999 -0.0019739900000000001
  vertex 0.00198263 0.00082547099999999993 -0.00071527400000000001
  endloop
 endfacet

 facet normal -0.252638 0.774572 -0.579838
  outer loop
  vertex 0.0076858899999999999 0.0025358500000000001 -0.00162969
  vertex 0.0172239 0.0046362899999999995 -0.00297957
  vertex 0.0076858899999999999 0.0022781099999999999 -0.0019739900000000001
  endloop
 endfacet

 facet normal -0.252638 0.774572 -0.579838
  outer loop
  vertex 0.0172239 0.0046362899999999995 -0.00297957
  vertex 0.0172239 0.0041650699999999999 -0.0036090499999999999
  vertex 0.0076858899999999999 0.0022781099999999999 -0.0019739900000000001
  endloop
 endfacet

 facet normal -0.214851 0.781846 -0.585283
  outer loop
  vertex 0.0172239 0.0046362899999999995 -0.00297957
  vertex 0.030448200000000002 0.0070899099999999996 -0.0045564099999999995
  vertex 0.0172239 0.0041650699999999999 -0.0036090499999999999
  endloop
 endfacet

 facet normal -0.214851 0.781846 -0.585283
  outer loop
  vertex 0.030448200000000002 0.0070899099999999996 -0.0045564099999999995
  vertex 0.030448200000000002 0.0063692999999999996 -0.0055190300000000003
  vertex 0.0172239 0.0041650699999999999 -0.0036090499999999999
  endloop
 endfacet

 facet normal -0.179422 0.78755 -0.589553
  outer loop
  vertex 0.030448200000000002 0.0070899099999999996 -0.0045564099999999995
  vertex 0.067412200000000005 0.0127758 -0.0082104800000000009
  vertex 0.030448200000000002 0.0063692999999999996 -0.0055190300000000003
  endloop
 endfacet

 facet normal -0.179422 0.78755 -0.589553
  outer loop
  vertex 0.067412200000000005 0.0127758 -0.0082104800000000009
  vertex 0.067412200000000005 0.011477299999999999 -0.0099450900000000002
  vertex 0.030448200000000002 0.0063692999999999996 -0.0055190300000000003
  endloop
 endfacet

 facet normal -0.151585 0.79129 -0.592353
  outer loop
  vertex 0.067412200000000005 0.0127758 -0.0082104800000000009
  vertex 0.110301 0.018323100000000002 -0.0117755
  vertex 0.067412200000000005 0.011477299999999999 -0.0099450900000000002
  endloop
 endfacet

 facet normal -0.151585 0.79129 -0.592353
  outer loop
  vertex 0.110301 0.018323100000000002 -0.0117755
  vertex 0.110301 0.016460799999999998 -0.0142633
  vertex 0.067412200000000005 0.011477299999999999 -0.0099450900000000002
  endloop
 endfacet

 facet normal -0.130885 0.793655 -0.594123
  outer loop
  vertex 0.110301 0.018323100000000002 -0.0117755
  vertex 0.17777199999999999 0.0258357 -0.0166036
  vertex 0.110301 0.016460799999999998 -0.0142633
  endloop
 endfacet

 facet normal -0.130885 0.793655 -0.594123
  outer loop
  vertex 0.17777199999999999 0.0258357 -0.0166036
  vertex 0.17777199999999999 0.023209800000000003 -0.020111399999999998
  vertex 0.110301 0.016460799999999998 -0.0142633
  endloop
 endfacet

 facet normal -0.11418 0.795306 -0.595359
  outer loop
  vertex 0.17777199999999999 0.0258357 -0.0166036
  vertex 0.24692699999999998 0.032539099999999994 -0.020911599999999999
  vertex 0.17777199999999999 0.023209800000000003 -0.020111399999999998
  endloop
 endfacet

 facet normal -0.11418 0.795306 -0.595359
  outer loop
  vertex 0.24692699999999998 0.032539099999999994 -0.020911599999999999
  vertex 0.24692699999999998 0.029231899999999998 -0.025329600000000001
  vertex 0.17777199999999999 0.023209800000000003 -0.020111399999999998
  endloop
 endfacet

 facet normal -0.101207 0.796431 -0.596201
  outer loop
  vertex 0.24692699999999998 0.032539099999999994 -0.020911599999999999
  vertex 0.32196399999999997 0.038977200000000004 -0.025049099999999998
  vertex 0.24692699999999998 0.029231899999999998 -0.025329600000000001
  endloop
 endfacet

 facet normal -0.101207 0.796431 -0.596201
  outer loop
  vertex 0.32196399999999997 0.038977200000000004 -0.025049099999999998
  vertex 0.32196399999999997 0.035015600000000001 -0.030341200000000002
  vertex 0.24692699999999998 0.029231899999999998 -0.025329600000000001
  endloop
 endfacet

 facet normal -0.089803 0.797307 -0.596856
  outer loop
  vertex 0.32196399999999997 0.038977200000000004 -0.025049099999999998
  vertex 0.40000000000000002 0.044911600000000003 -0.028863
  vertex 0.32196399999999997 0.035015600000000001 -0.030341200000000002
  endloop
 endfacet

 facet normal -0.089803 0.797307 -0.596856
  outer loop
  vertex 0.40000000000000002 0.044911600000000003 -0.028863
  vertex 0.40000000000000002 0.040346899999999998 -0.0349608
  vertex 0.32196399999999997 0.035015600000000001 -0.030341200000000002
  endloop
 endfacet

 facet normal -0.0793201 0.798019 -0.59739
  outer loop
  vertex 0.40000000000000002 0.044911600000000003 -0.028863
  vertex 0.47803600000000002 0.050148699999999997 -0.032228600000000003
  vertex 0.40000000000000002 0.040346899999999998 -0.0349608
  endloop
 endfacet

 facet normal -0.0793202 0.798019 -0.597389
  outer loop
  vertex 0.47803600000000002 0.050148699999999997 -0.032228600000000003
  vertex 0.47803600000000002 0.045051599999999997 -0.0390374
  vertex 0.40000000000000002 0.040346899999999998 -0.0349608
  endloop
 endfacet

 facet normal -0.069323 0.798616 -0.597836
  outer loop
  vertex 0.47803600000000002 0.050148699999999997 -0.032228600000000003
  vertex 0.55307299999999993 0.054546500000000005 -0.035054900000000007
  vertex 0.47803600000000002 0.045051599999999997 -0.0390374
  endloop
 endfacet

 facet normal -0.069323 0.798616 -0.597836
  outer loop
  vertex 0.55307299999999993 0.054546500000000005 -0.035054900000000007
  vertex 0.55307299999999993 0.049002400000000002 -0.0424608
  vertex 0.47803600000000002 0.045051599999999997 -0.0390374
  endloop
 endfacet

 facet normal -0.0594944 0.799123 -0.598216
  outer loop
  vertex 0.55307299999999993 0.054546500000000005 -0.035054900000000007
  vertex 0.622228 0.058022599999999994 -0.0372889
  vertex 0.55307299999999993 0.049002400000000002 -0.0424608
  endloop
 endfacet

 facet normal -0.0594944 0.799123 -0.598216
  outer loop
  vertex 0.622228 0.058022599999999994 -0.0372889
  vertex 0.622228 0.052125299999999999 -0.0451668
  vertex 0.55307299999999993 0.049002400000000002 -0.0424608
  endloop
 endfacet

 facet normal -0.0472526 0.799647 -0.598608
  outer loop
  vertex 0.622228 0.058022599999999994 -0.0372889
  vertex 0.70920399999999995 0.0614928 -0.039518999999999999
  vertex 0.622228 0.052125299999999999 -0.0451668
  endloop
 endfacet

 facet normal -0.0472526 0.799647 -0.598608
  outer loop
  vertex 0.70920399999999995 0.0614928 -0.039518999999999999
  vertex 0.70920399999999995 0.055242699999999999 -0.047868099999999997
  vertex 0.622228 0.052125299999999999 -0.0451668
  endloop
 endfacet

 facet normal -0.0319093 0.800133 -0.598973
  outer loop
  vertex 0.70920399999999995 0.0614928 -0.039518999999999999
  vertex 0.76955200000000001 0.063117699999999999 -0.040563299999999997
  vertex 0.70920399999999995 0.055242699999999999 -0.047868099999999997
  endloop
 endfacet

 facet normal -0.0319093 0.800133 -0.598973
  outer loop
  vertex 0.76955200000000001 0.063117699999999999 -0.040563299999999997
  vertex 0.76955200000000001 0.056702500000000003 -0.049133000000000003
  vertex 0.70920399999999995 0.055242699999999999 -0.047868099999999997
  endloop
 endfacet

 facet normal -0.0156292 0.800443 -0.599205
  outer loop
  vertex 0.76955200000000001 0.063117699999999999 -0.040563299999999997
  vertex 0.79961900000000008 0.063514100000000004 -0.040818
  vertex 0.76955200000000001 0.056702500000000003 -0.049133000000000003
  endloop
 endfacet

 facet normal -0.0156292 0.800443 -0.599204
  outer loop
  vertex 0.79961900000000008 0.063514100000000004 -0.040818
  vertex 0.79961900000000008 0.057058600000000001 -0.049441499999999999
  vertex 0.76955200000000001 0.056702500000000003 -0.049133000000000003
  endloop
 endfacet

 facet normal -0.433715 0.721328 -0.539979
  outer loop
  vertex 0.79961900000000008 0.063514100000000004 -0.040818
  vertex 0.80000000000000004 0.061160699999999998 -0.044267500000000001
  vertex 0.79961900000000008 0.057058600000000001 -0.049441499999999999
  endloop
 endfacet

 facet normal -0.703551 0.623718 -0.340575
  outer loop
  vertex 1.05538E-05 1.9587299999999998E-05 -8.9452399999999998E-06
  vertex 0.00013818700000000001 0.000134821 -6.1570900000000004E-05
  vertex 1.05538E-05 1.8114899999999998E-05 -1.1641800000000001E-05
  endloop
 endfacet

 facet normal -0.703551 0.623718 -0.340575
  outer loop
  vertex 0.00013818700000000001 0.000134821 -6.1570900000000004E-05
  vertex 0.00013818700000000001 0.00012468700000000001 -8.0131199999999996E-05
  vertex 1.05538E-05 1.8114899999999998E-05 -1.1641800000000001E-05
  endloop
 endfacet

 facet normal -0.454697 0.781702 -0.426841
  outer loop
  vertex 0.00013818700000000001 0.000134821 -6.1570900000000004E-05
  vertex 0.00198263 0.00099354900000000004 -0.00045373899999999999
  vertex 0.00013818700000000001 0.00012468700000000001 -8.0131199999999996E-05
  endloop
 endfacet

 facet normal -0.454697 0.781702 -0.426841
  outer loop
  vertex 0.00198263 0.00099354900000000004 -0.00045373899999999999
  vertex 0.00198263 0.00091886300000000001 -0.00059051699999999993
  vertex 0.00013818700000000001 0.00012468700000000001 -8.0131199999999996E-05
  endloop
 endfacet

 facet normal -0.31864 0.831931 -0.454269
  outer loop
  vertex 0.00198263 0.00099354900000000004 -0.00045373899999999999
  vertex 0.0076858899999999999 0.0027419699999999998 -0.0012522100000000001
  vertex 0.00198263 0.00091886300000000001 -0.00059051699999999993
  endloop
 endfacet

 facet normal -0.31864 0.831931 -0.454269
  outer loop
  vertex 0.0076858899999999999 0.0027419699999999998 -0.0012522100000000001
  vertex 0.0076858899999999999 0.0025358500000000001 -0.00162969
  vertex 0.00198263 0.00091886300000000001 -0.00059051699999999993
  endloop
 endfacet

 facet normal -0.252638 0.849208 -0.463702
  outer loop
  vertex 0.0076858899999999999 0.0027419699999999998 -0.0012522100000000001
  vertex 0.0172239 0.0050131400000000001 -0.0022894199999999999
  vertex 0.0076858899999999999 0.0025358500000000001 -0.00162969
  endloop
 endfacet

 facet normal -0.252638 0.849208 -0.463702
  outer loop
  vertex 0.0172239 0.0050131400000000001 -0.0022894199999999999
  vertex 0.0172239 0.0046362899999999995 -0.00297957
  vertex 0.0076858899999999999 0.0025358500000000001 -0.00162969
  endloop
 endfacet

 facet normal -0.214851 0.857183 -0.468057
  outer loop
  vertex 0.0172239 0.0050131400000000001 -0.0022894199999999999
  vertex 0.030448200000000002 0.0076661900000000007 -0.00350103
  vertex 0.0172239 0.0046362899999999995 -0.00297957
  endloop
 endfacet

 facet normal -0.214851 0.857183 -0.468057
  outer loop
  vertex 0.030448200000000002 0.0076661900000000007 -0.00350103
  vertex 0.030448200000000002 0.0070899099999999996 -0.0045564099999999995
  vertex 0.0172239 0.0046362899999999995 -0.00297957
  endloop
 endfacet

 facet normal -0.179422 0.863436 -0.471472
  outer loop
  vertex 0.030448200000000002 0.0076661900000000007 -0.00350103
  vertex 0.067412200000000005 0.0138142 -0.0063087299999999994
  vertex 0.030448200000000002 0.0070899099999999996 -0.0045564099999999995
  endloop
 endfacet

 facet normal -0.179422 0.863436 -0.471472
  outer loop
  vertex 0.067412200000000005 0.0138142 -0.0063087299999999994
  vertex 0.067412200000000005 0.0127758 -0.0082104800000000009
  vertex 0.030448200000000002 0.0070899099999999996 -0.0045564099999999995
  endloop
 endfacet

 facet normal -0.151585 0.867537 -0.473711
  outer loop
  vertex 0.067412200000000005 0.0138142 -0.0063087299999999994
  vertex 0.110301 0.019812400000000001 -0.0090480300000000003
  vertex 0.067412200000000005 0.0127758 -0.0082104800000000009
  endloop
 endfacet

 facet normal -0.151585 0.867537 -0.473711
  outer loop
  vertex 0.110301 0.019812400000000001 -0.0090480300000000003
  vertex 0.110301 0.018323100000000002 -0.0117755
  vertex 0.067412200000000005 0.0127758 -0.0082104800000000009
  endloop
 endfacet

 facet normal -0.130885 0.870129 -0.475126
  outer loop
  vertex 0.110301 0.019812400000000001 -0.0090480300000000003
  vertex 0.17777199999999999 0.027935700000000001 -0.0127578
  vertex 0.110301 0.018323100000000002 -0.0117755
  endloop
 endfacet

 facet normal -0.130885 0.870129 -0.475126
  outer loop
  vertex 0.17777199999999999 0.027935700000000001 -0.0127578
  vertex 0.17777199999999999 0.0258357 -0.0166036
  vertex 0.110301 0.018323100000000002 -0.0117755
  endloop
 endfacet

 facet normal -0.11418 0.871939 -0.476115
  outer loop
  vertex 0.17777199999999999 0.027935700000000001 -0.0127578
  vertex 0.24692699999999998 0.035184 -0.016068000000000002
  vertex 0.17777199999999999 0.0258357 -0.0166036
  endloop
 endfacet

 facet normal -0.11418 0.871939 -0.476115
  outer loop
  vertex 0.24692699999999998 0.035184 -0.016068000000000002
  vertex 0.24692699999999998 0.032539099999999994 -0.020911599999999999
  vertex 0.17777199999999999 0.0258357 -0.0166036
  endloop
 endfacet

 facet normal -0.101207 0.873173 -0.476788
  outer loop
  vertex 0.24692699999999998 0.035184 -0.016068000000000002
  vertex 0.32196399999999997 0.042145299999999997 -0.0192471
  vertex 0.24692699999999998 0.032539099999999994 -0.020911599999999999
  endloop
 endfacet

 facet normal -0.101207 0.873173 -0.476788
  outer loop
  vertex 0.32196399999999997 0.042145299999999997 -0.0192471
  vertex 0.32196399999999997 0.038977200000000004 -0.025049099999999998
  vertex 0.24692699999999998 0.032539099999999994 -0.020911599999999999
  endloop
 endfacet

 facet normal -0.089803 0.874133 -0.477313
  outer loop
  vertex 0.32196399999999997 0.042145299999999997 -0.0192471
  vertex 0.40000000000000002 0.048562100000000004 -0.022177600000000002
  vertex 0.32196399999999997 0.038977200000000004 -0.025049099999999998
  endloop
 endfacet

 facet normal -0.089803 0.874133 -0.477313
  outer loop
  vertex 0.40000000000000002 0.048562100000000004 -0.022177600000000002
  vertex 0.40000000000000002 0.044911600000000003 -0.028863
  vertex 0.32196399999999997 0.038977200000000004 -0.025049099999999998
  endloop
 endfacet

 facet normal -0.0793201 0.874913 -0.477739
  outer loop
  vertex 0.40000000000000002 0.048562100000000004 -0.022177600000000002
  vertex 0.47803600000000002 0.054224800000000004 -0.0247636
  vertex 0.40000000000000002 0.044911600000000003 -0.028863
  endloop
 endfacet

 facet normal -0.0793201 0.874913 -0.477739
  outer loop
  vertex 0.47803600000000002 0.054224800000000004 -0.0247636
  vertex 0.47803600000000002 0.050148699999999997 -0.032228600000000003
  vertex 0.40000000000000002 0.044911600000000003 -0.028863
  endloop
 endfacet

 facet normal -0.069323 0.875567 -0.478096
  outer loop
  vertex 0.47803600000000002 0.054224800000000004 -0.0247636
  vertex 0.55307299999999993 0.058980100000000001 -0.026935300000000002
  vertex 0.47803600000000002 0.050148699999999997 -0.032228600000000003
  endloop
 endfacet

 facet normal -0.069323 0.875567 -0.478096
  outer loop
  vertex 0.55307299999999993 0.058980100000000001 -0.026935300000000002
  vertex 0.55307299999999993 0.054546500000000005 -0.035054900000000007
  vertex 0.47803600000000002 0.050148699999999997 -0.032228600000000003
  endloop
 endfacet

 facet normal -0.0594944 0.876124 -0.4784
  outer loop
  vertex 0.55307299999999993 0.058980100000000001 -0.026935300000000002
  vertex 0.622228 0.062738799999999997 -0.028651900000000001
  vertex 0.55307299999999993 0.054546500000000005 -0.035054900000000007
  endloop
 endfacet

 facet normal -0.0594944 0.876124 -0.4784
  outer loop
  vertex 0.622228 0.062738799999999997 -0.028651900000000001
  vertex 0.622228 0.058022599999999994 -0.0372889
  vertex 0.55307299999999993 0.054546500000000005 -0.035054900000000007
  endloop
 endfacet

 facet normal -0.0472526 0.876699 -0.478714
  outer loop
  vertex 0.622228 0.062738799999999997 -0.028651900000000001
  vertex 0.70920399999999995 0.066490999999999995 -0.030365400000000001
  vertex 0.622228 0.058022599999999994 -0.0372889
  endloop
 endfacet

 facet normal -0.0472526 0.876699 -0.478714
  outer loop
  vertex 0.70920399999999995 0.066490999999999995 -0.030365400000000001
  vertex 0.70920399999999995 0.0614928 -0.039518999999999999
  vertex 0.622228 0.058022599999999994 -0.0372889
  endloop
 endfacet

 facet normal -0.0319093 0.877232 -0.479005
  outer loop
  vertex 0.70920399999999995 0.066490999999999995 -0.030365400000000001
  vertex 0.76955200000000001 0.068248000000000003 -0.031167799999999999
  vertex 0.70920399999999995 0.0614928 -0.039518999999999999
  endloop
 endfacet

 facet normal -0.0319093 0.877232 -0.479005
  outer loop
  vertex 0.76955200000000001 0.068248000000000003 -0.031167799999999999
  vertex 0.76955200000000001 0.063117699999999999 -0.040563299999999997
  vertex 0.70920399999999995 0.0614928 -0.039518999999999999
  endloop
 endfacet

 facet normal -0.0156291 0.877572 -0.47919
  outer loop
  vertex 0.76955200000000001 0.068248000000000003 -0.031167799999999999
  vertex 0.79961900000000008 0.06867659999999999 -0.031363599999999998
  vertex 0.76955200000000001 0.063117699999999999 -0.040563299999999997
  endloop
 endfacet

 facet normal -0.0156291 0.877572 -0.47919
  outer loop
  vertex 0.79961900000000008 0.06867659999999999 -0.031363599999999998
  vertex 0.79961900000000008 0.063514100000000004 -0.040818
  vertex 0.76955200000000001 0.063117699999999999 -0.040563299999999997
  endloop
 endfacet

 facet normal -0.451208 0.783257 -0.427691
  outer loop
  vertex 0.79961900000000008 0.06867659999999999 -0.031363599999999998
  vertex 0.80000000000000004 0.066128800000000001 -0.036431199999999997
  vertex 0.79961900000000008 0.063514100000000004 -0.040818
  endloop
 endfacet

 facet normal -0.703551 0.665838 -0.248345
  outer loop
  vertex 1.05538E-05 2.0660999999999998E-05 -6.0666200000000002E-06
  vertex 0.00013818700000000001 0.00014221200000000001 -4.17571E-05
  vertex 1.05538E-05 1.9587299999999998E-05 -8.9452399999999998E-06
  endloop
 endfacet

 facet normal -0.703551 0.665838 -0.248345
  outer loop
  vertex 0.00013818700000000001 0.00014221200000000001 -4.17571E-05
  vertex 0.00013818700000000001 0.000134821 -6.1570900000000004E-05
  vertex 1.05538E-05 1.9587299999999998E-05 -8.9452399999999998E-06
  endloop
 endfacet

 facet normal -0.454697 0.834491 -0.311249
  outer loop
  vertex 0.00013818700000000001 0.00014221200000000001 -4.17571E-05
  vertex 0.00198263 0.00104801 -0.000307724
  vertex 0.00013818700000000001 0.000134821 -6.1570900000000004E-05
  endloop
 endfacet

 facet normal -0.454697 0.834491 -0.311249
  outer loop
  vertex 0.00198263 0.00104801 -0.000307724
  vertex 0.00198263 0.00099354900000000004 -0.00045373899999999999
  vertex 0.00013818700000000001 0.000134821 -6.1570900000000004E-05
  endloop
 endfacet

 facet normal -0.31864 0.888112 -0.331249
  outer loop
  vertex 0.00198263 0.00104801 -0.000307724
  vertex 0.0076858899999999999 0.0028922699999999997 -0.0008492459999999999
  vertex 0.00198263 0.00099354900000000004 -0.00045373899999999999
  endloop
 endfacet

 facet normal -0.31864 0.888112 -0.331249
  outer loop
  vertex 0.0076858899999999999 0.0028922699999999997 -0.0008492459999999999
  vertex 0.0076858899999999999 0.0027419699999999998 -0.0012522100000000001
  vertex 0.00198263 0.00099354900000000004 -0.00045373899999999999
  endloop
 endfacet

 facet normal -0.252638 0.906556 -0.338128
  outer loop
  vertex 0.0076858899999999999 0.0028922699999999997 -0.0008492459999999999
  vertex 0.0172239 0.0052879300000000006 -0.0015526800000000001
  vertex 0.0076858899999999999 0.0027419699999999998 -0.0012522100000000001
  endloop
 endfacet

 facet normal -0.252638 0.906556 -0.338128
  outer loop
  vertex 0.0172239 0.0052879300000000006 -0.0015526800000000001
  vertex 0.0172239 0.0050131400000000001 -0.0022894199999999999
  vertex 0.0076858899999999999 0.0027419699999999998 -0.0012522100000000001
  endloop
 endfacet

 facet normal -0.214851 0.915069 -0.341303
  outer loop
  vertex 0.0172239 0.0052879300000000006 -0.0015526800000000001
  vertex 0.030448200000000002 0.0080864100000000005 -0.0023743799999999997
  vertex 0.0172239 0.0050131400000000001 -0.0022894199999999999
  endloop
 endfacet

 facet normal -0.214851 0.915069 -0.341303
  outer loop
  vertex 0.030448200000000002 0.0080864100000000005 -0.0023743799999999997
  vertex 0.030448200000000002 0.0076661900000000007 -0.00350103
  vertex 0.0172239 0.0050131400000000001 -0.0022894199999999999
  endloop
 endfacet

 facet normal -0.179422 0.921745 -0.343793
  outer loop
  vertex 0.030448200000000002 0.0080864100000000005 -0.0023743799999999997
  vertex 0.067412200000000005 0.0145714 -0.0042785499999999999
  vertex 0.030448200000000002 0.0076661900000000007 -0.00350103
  endloop
 endfacet

 facet normal -0.179422 0.921745 -0.343793
  outer loop
  vertex 0.067412200000000005 0.0145714 -0.0042785499999999999
  vertex 0.067412200000000005 0.0138142 -0.0063087299999999994
  vertex 0.030448200000000002 0.0076661900000000007 -0.00350103
  endloop
 endfacet

 facet normal -0.151585 0.926123 -0.345426
  outer loop
  vertex 0.067412200000000005 0.0145714 -0.0042785499999999999
  vertex 0.110301 0.020898399999999998 -0.0061363299999999997
  vertex 0.067412200000000005 0.0138142 -0.0063087299999999994
  endloop
 endfacet

 facet normal -0.151585 0.926123 -0.345426
  outer loop
  vertex 0.110301 0.020898399999999998 -0.0061363299999999997
  vertex 0.110301 0.019812400000000001 -0.0090480300000000003
  vertex 0.067412200000000005 0.0138142 -0.0063087299999999994
  endloop
 endfacet

 facet normal -0.130885 0.92889 -0.346458
  outer loop
  vertex 0.110301 0.020898399999999998 -0.0061363299999999997
  vertex 0.17777199999999999 0.029467 -0.00865228
  vertex 0.110301 0.019812400000000001 -0.0090480300000000003
  endloop
 endfacet

 facet normal -0.130885 0.92889 -0.346458
  outer loop
  vertex 0.17777199999999999 0.029467 -0.00865228
  vertex 0.17777199999999999 0.027935700000000001 -0.0127578
  vertex 0.110301 0.019812400000000001 -0.0090480300000000003
  endloop
 endfacet

 facet normal -0.11418 0.930822 -0.347179
  outer loop
  vertex 0.17777199999999999 0.029467 -0.00865228
  vertex 0.24692699999999998 0.0371125 -0.010897199999999999
  vertex 0.17777199999999999 0.027935700000000001 -0.0127578
  endloop
 endfacet

 facet normal -0.11418 0.930822 -0.347179
  outer loop
  vertex 0.24692699999999998 0.0371125 -0.010897199999999999
  vertex 0.24692699999999998 0.035184 -0.016068000000000002
  vertex 0.17777199999999999 0.027935700000000001 -0.0127578
  endloop
 endfacet

 facet normal -0.101207 0.932139 -0.34767
  outer loop
  vertex 0.24692699999999998 0.0371125 -0.010897199999999999
  vertex 0.32196399999999997 0.044455500000000002 -0.0130533
  vertex 0.24692699999999998 0.035184 -0.016068000000000002
  endloop
 endfacet

 facet normal -0.101207 0.932139 -0.34767
  outer loop
  vertex 0.32196399999999997 0.044455500000000002 -0.0130533
  vertex 0.32196399999999997 0.042145299999999997 -0.0192471
  vertex 0.24692699999999998 0.035184 -0.016068000000000002
  endloop
 endfacet

 facet normal -0.089803 0.933164 -0.348052
  outer loop
  vertex 0.32196399999999997 0.044455500000000002 -0.0130533
  vertex 0.40000000000000002 0.051223999999999999 -0.015040699999999999
  vertex 0.32196399999999997 0.042145299999999997 -0.0192471
  endloop
 endfacet

 facet normal -0.089803 0.933164 -0.348052
  outer loop
  vertex 0.40000000000000002 0.051223999999999999 -0.015040699999999999
  vertex 0.40000000000000002 0.048562100000000004 -0.022177600000000002
  vertex 0.32196399999999997 0.042145299999999997 -0.0192471
  endloop
 endfacet

 facet normal -0.0793202 0.933998 -0.348363
  outer loop
  vertex 0.40000000000000002 0.051223999999999999 -0.015040699999999999
  vertex 0.47803600000000002 0.057197100000000001 -0.0167946
  vertex 0.40000000000000002 0.048562100000000004 -0.022177600000000002
  endloop
 endfacet

 facet normal -0.0793202 0.933998 -0.348363
  outer loop
  vertex 0.47803600000000002 0.057197100000000001 -0.0167946
  vertex 0.47803600000000002 0.054224800000000004 -0.0247636
  vertex 0.40000000000000002 0.048562100000000004 -0.022177600000000002
  endloop
 endfacet

 facet normal -0.0693229 0.934696 -0.348624
  outer loop
  vertex 0.47803600000000002 0.057197100000000001 -0.0167946
  vertex 0.55307299999999993 0.062213000000000004 -0.0182674
  vertex 0.47803600000000002 0.054224800000000004 -0.0247636
  endloop
 endfacet

 facet normal -0.0693229 0.934696 -0.348624
  outer loop
  vertex 0.55307299999999993 0.062213000000000004 -0.0182674
  vertex 0.55307299999999993 0.058980100000000001 -0.026935300000000002
  vertex 0.47803600000000002 0.054224800000000004 -0.0247636
  endloop
 endfacet

 facet normal -0.0594944 0.93529 -0.348845
  outer loop
  vertex 0.55307299999999993 0.062213000000000004 -0.0182674
  vertex 0.622228 0.066177800000000009 -0.0194316
  vertex 0.55307299999999993 0.058980100000000001 -0.026935300000000002
  endloop
 endfacet

 facet normal -0.0594944 0.93529 -0.348845
  outer loop
  vertex 0.622228 0.066177800000000009 -0.0194316
  vertex 0.622228 0.062738799999999997 -0.028651900000000001
  vertex 0.55307299999999993 0.058980100000000001 -0.026935300000000002
  endloop
 endfacet

 facet normal -0.0472526 0.935903 -0.349074
  outer loop
  vertex 0.622228 0.066177800000000009 -0.0194316
  vertex 0.70920399999999995 0.070135699999999995 -0.0205937
  vertex 0.622228 0.062738799999999997 -0.028651900000000001
  endloop
 endfacet

 facet normal -0.0472526 0.935903 -0.349074
  outer loop
  vertex 0.70920399999999995 0.070135699999999995 -0.0205937
  vertex 0.70920399999999995 0.066490999999999995 -0.030365400000000001
  vertex 0.622228 0.062738799999999997 -0.028651900000000001
  endloop
 endfacet

 facet normal -0.0319093 0.936473 -0.349286
  outer loop
  vertex 0.70920399999999995 0.070135699999999995 -0.0205937
  vertex 0.76955200000000001 0.071988999999999997 -0.021137899999999998
  vertex 0.70920399999999995 0.066490999999999995 -0.030365400000000001
  endloop
 endfacet

 facet normal -0.0319093 0.936473 -0.349286
  outer loop
  vertex 0.76955200000000001 0.071988999999999997 -0.021137899999999998
  vertex 0.76955200000000001 0.068248000000000003 -0.031167799999999999
  vertex 0.70920399999999995 0.066490999999999995 -0.030365400000000001
  endloop
 endfacet

 facet normal -0.0156292 0.936835 -0.349421
  outer loop
  vertex 0.76955200000000001 0.071988999999999997 -0.021137899999999998
  vertex 0.79961900000000008 0.072441100000000008 -0.021270600000000001
  vertex 0.76955200000000001 0.068248000000000003 -0.031167799999999999
  endloop
 endfacet

 facet normal -0.0156292 0.936835 -0.349421
  outer loop
  vertex 0.79961900000000008 0.072441100000000008 -0.021270600000000001
  vertex 0.79961900000000008 0.06867659999999999 -0.031363599999999998
  vertex 0.76955200000000001 0.068248000000000003 -0.031167799999999999
  endloop
 endfacet

 facet normal -0.41181 0.853814 -0.318456
  outer loop
  vertex 0.79961900000000008 0.072441100000000008 -0.021270600000000001
  vertex 0.80000000000000004 0.070098199999999999 -0.028044599999999999
  vertex 0.79961900000000008 0.06867659999999999 -0.031363599999999998
  endloop
 endfacet

 facet normal -0.703551 0.694404 -0.151058
  outer loop
  vertex 1.05538E-05 2.13141E-05 -3.0645000000000001E-06
  vertex 0.00013818700000000001 0.00014670700000000002 -2.10932E-05
  vertex 1.05538E-05 2.0660999999999998E-05 -6.0666200000000002E-06
  endloop
 endfacet

 facet normal -0.703551 0.694404 -0.151058
  outer loop
  vertex 0.00013818700000000001 0.00014670700000000002 -2.10932E-05
  vertex 0.00013818700000000001 0.00014221200000000001 -4.17571E-05
  vertex 1.05538E-05 2.0660999999999998E-05 -6.0666200000000002E-06
  endloop
 endfacet

 facet normal -0.454697 0.870292 -0.189321
  outer loop
  vertex 0.00013818700000000001 0.00014670700000000002 -2.10932E-05
  vertex 0.00198263 0.00108114 -0.000155444
  vertex 0.00013818700000000001 0.00014221200000000001 -4.17571E-05
  endloop
 endfacet

 facet normal -0.454697 0.870292 -0.18932
  outer loop
  vertex 0.00198263 0.00108114 -0.000155444
  vertex 0.00198263 0.00104801 -0.000307724
  vertex 0.00013818700000000001 0.00014221200000000001 -4.17571E-05
  endloop
 endfacet

 facet normal -0.31864 0.926214 -0.201485
  outer loop
  vertex 0.00198263 0.00108114 -0.000155444
  vertex 0.0076858899999999999 0.0029836900000000002 -0.00042898999999999997
  vertex 0.00198263 0.00104801 -0.000307724
  endloop
 endfacet

 facet normal -0.31864 0.926214 -0.201485
  outer loop
  vertex 0.0076858899999999999 0.0029836900000000002 -0.00042898999999999997
  vertex 0.0076858899999999999 0.0028922699999999997 -0.0008492459999999999
  vertex 0.00198263 0.00104801 -0.000307724
  endloop
 endfacet

 facet normal -0.252638 0.945449 -0.20567
  outer loop
  vertex 0.0076858899999999999 0.0029836900000000002 -0.00042898999999999997
  vertex 0.0172239 0.0054550799999999993 -0.00078432199999999995
  vertex 0.0076858899999999999 0.0028922699999999997 -0.0008492459999999999
  endloop
 endfacet

 facet normal -0.252638 0.945449 -0.20567
  outer loop
  vertex 0.0172239 0.0054550799999999993 -0.00078432199999999995
  vertex 0.0172239 0.0052879300000000006 -0.0015526800000000001
  vertex 0.0076858899999999999 0.0028922699999999997 -0.0008492459999999999
  endloop
 endfacet

 facet normal -0.214851 0.954328 -0.207601
  outer loop
  vertex 0.0172239 0.0054550799999999993 -0.00078432199999999995
  vertex 0.030448200000000002 0.0083420100000000004 -0.0011994
  vertex 0.0172239 0.0052879300000000006 -0.0015526800000000001
  endloop
 endfacet

 facet normal -0.214851 0.954328 -0.207601
  outer loop
  vertex 0.030448200000000002 0.0083420100000000004 -0.0011994
  vertex 0.030448200000000002 0.0080864100000000005 -0.0023743799999999997
  vertex 0.0172239 0.0052879300000000006 -0.0015526800000000001
  endloop
 endfacet

 facet normal -0.179422 0.96129 -0.209116
  outer loop
  vertex 0.030448200000000002 0.0083420100000000004 -0.0011994
  vertex 0.067412200000000005 0.015032 -0.0021612800000000002
  vertex 0.030448200000000002 0.0080864100000000005 -0.0023743799999999997
  endloop
 endfacet

 facet normal -0.179422 0.96129 -0.209116
  outer loop
  vertex 0.067412200000000005 0.015032 -0.0021612800000000002
  vertex 0.067412200000000005 0.0145714 -0.0042785499999999999
  vertex 0.030448200000000002 0.0080864100000000005 -0.0023743799999999997
  endloop
 endfacet

 facet normal -0.151585 0.965855 -0.210109
  outer loop
  vertex 0.067412200000000005 0.015032 -0.0021612800000000002
  vertex 0.110301 0.021559000000000002 -0.0030997199999999998
  vertex 0.067412200000000005 0.0145714 -0.0042785499999999999
  endloop
 endfacet

 facet normal -0.151585 0.965855 -0.210109
  outer loop
  vertex 0.110301 0.021559000000000002 -0.0030997199999999998
  vertex 0.110301 0.020898399999999998 -0.0061363299999999997
  vertex 0.067412200000000005 0.0145714 -0.0042785499999999999
  endloop
 endfacet

 facet normal -0.130885 0.968741 -0.210737
  outer loop
  vertex 0.110301 0.021559000000000002 -0.0030997199999999998
  vertex 0.17777199999999999 0.030398399999999999 -0.0043706300000000003
  vertex 0.110301 0.020898399999999998 -0.0061363299999999997
  endloop
 endfacet

 facet normal -0.130885 0.968741 -0.210737
  outer loop
  vertex 0.17777199999999999 0.030398399999999999 -0.0043706300000000003
  vertex 0.17777199999999999 0.029467 -0.00865228
  vertex 0.110301 0.020898399999999998 -0.0061363299999999997
  endloop
 endfacet

 facet normal -0.11418 0.970756 -0.211175
  outer loop
  vertex 0.17777199999999999 0.030398399999999999 -0.0043706300000000003
  vertex 0.24692699999999998 0.038285600000000003 -0.0055046399999999999
  vertex 0.17777199999999999 0.029467 -0.00865228
  endloop
 endfacet

 facet normal -0.11418 0.970756 -0.211175
  outer loop
  vertex 0.24692699999999998 0.038285600000000003 -0.0055046399999999999
  vertex 0.24692699999999998 0.0371125 -0.010897199999999999
  vertex 0.17777199999999999 0.029467 -0.00865228
  endloop
 endfacet

 facet normal -0.101207 0.97213 -0.211474
  outer loop
  vertex 0.24692699999999998 0.038285600000000003 -0.0055046399999999999
  vertex 0.32196399999999997 0.045860700000000004 -0.0065937700000000005
  vertex 0.24692699999999998 0.0371125 -0.010897199999999999
  endloop
 endfacet

 facet normal -0.101207 0.97213 -0.211474
  outer loop
  vertex 0.32196399999999997 0.045860700000000004 -0.0065937700000000005
  vertex 0.32196399999999997 0.044455500000000002 -0.0130533
  vertex 0.24692699999999998 0.0371125 -0.010897199999999999
  endloop
 endfacet

 facet normal -0.089803 0.973199 -0.211707
  outer loop
  vertex 0.32196399999999997 0.045860700000000004 -0.0065937700000000005
  vertex 0.40000000000000002 0.0528432 -0.0075976999999999998
  vertex 0.32196399999999997 0.044455500000000002 -0.0130533
  endloop
 endfacet

 facet normal -0.0898029 0.973199 -0.211707
  outer loop
  vertex 0.40000000000000002 0.0528432 -0.0075976999999999998
  vertex 0.40000000000000002 0.051223999999999999 -0.015040699999999999
  vertex 0.32196399999999997 0.044455500000000002 -0.0130533
  endloop
 endfacet

 facet normal -0.0793201 0.974068 -0.211896
  outer loop
  vertex 0.40000000000000002 0.0528432 -0.0075976999999999998
  vertex 0.47803600000000002 0.059005099999999998 -0.0084836500000000006
  vertex 0.40000000000000002 0.051223999999999999 -0.015040699999999999
  endloop
 endfacet

 facet normal -0.0793202 0.974068 -0.211896
  outer loop
  vertex 0.47803600000000002 0.059005099999999998 -0.0084836500000000006
  vertex 0.47803600000000002 0.057197100000000001 -0.0167946
  vertex 0.40000000000000002 0.051223999999999999 -0.015040699999999999
  endloop
 endfacet

 facet normal -0.069323 0.974796 -0.212054
  outer loop
  vertex 0.47803600000000002 0.059005099999999998 -0.0084836500000000006
  vertex 0.55307299999999993 0.0641795 -0.0092276200000000006
  vertex 0.47803600000000002 0.057197100000000001 -0.0167946
  endloop
 endfacet

 facet normal -0.069323 0.974796 -0.212054
  outer loop
  vertex 0.55307299999999993 0.0641795 -0.0092276200000000006
  vertex 0.55307299999999993 0.062213000000000004 -0.0182674
  vertex 0.47803600000000002 0.057197100000000001 -0.0167946
  endloop
 endfacet

 facet normal -0.0594944 0.975416 -0.212189
  outer loop
  vertex 0.55307299999999993 0.0641795 -0.0092276200000000006
  vertex 0.622228 0.0682696 -0.0098156900000000002
  vertex 0.55307299999999993 0.062213000000000004 -0.0182674
  endloop
 endfacet

 facet normal -0.0594944 0.975416 -0.212189
  outer loop
  vertex 0.622228 0.0682696 -0.0098156900000000002
  vertex 0.622228 0.066177800000000009 -0.0194316
  vertex 0.55307299999999993 0.062213000000000004 -0.0182674
  endloop
 endfacet

 facet normal -0.0472526 0.976055 -0.212328
  outer loop
  vertex 0.622228 0.0682696 -0.0098156900000000002
  vertex 0.70920399999999995 0.072352599999999989 -0.010402699999999999
  vertex 0.622228 0.066177800000000009 -0.0194316
  endloop
 endfacet

 facet normal -0.0472526 0.976055 -0.212328
  outer loop
  vertex 0.70920399999999995 0.072352599999999989 -0.010402699999999999
  vertex 0.70920399999999995 0.070135699999999995 -0.0205937
  vertex 0.622228 0.066177800000000009 -0.0194316
  endloop
 endfacet

 facet normal -0.0319093 0.976649 -0.212457
  outer loop
  vertex 0.70920399999999995 0.072352599999999989 -0.010402699999999999
  vertex 0.76955200000000001 0.074264499999999997 -0.010677600000000001
  vertex 0.70920399999999995 0.070135699999999995 -0.0205937
  endloop
 endfacet

 facet normal -0.0319093 0.976649 -0.212457
  outer loop
  vertex 0.76955200000000001 0.074264499999999997 -0.010677600000000001
  vertex 0.76955200000000001 0.071988999999999997 -0.021137899999999998
  vertex 0.70920399999999995 0.070135699999999995 -0.0205937
  endloop
 endfacet

 facet normal -0.0156292 0.977027 -0.212539
  outer loop
  vertex 0.76955200000000001 0.074264499999999997 -0.010677600000000001
  vertex 0.79961900000000008 0.074730900000000003 -0.010744699999999999
  vertex 0.76955200000000001 0.071988999999999997 -0.021137899999999998
  endloop
 endfacet

 facet normal -0.0156292 0.977027 -0.212539
  outer loop
  vertex 0.79961900000000008 0.074730900000000003 -0.010744699999999999
  vertex 0.79961900000000008 0.072441100000000008 -0.021270600000000001
  vertex 0.76955200000000001 0.071988999999999997 -0.021137899999999998
  endloop
 endfacet

 facet normal -0.332202 0.921653 -0.200493
  outer loop
  vertex 0.79961900000000008 0.074730900000000003 -0.010744699999999999
  vertex 0.80000000000000004 0.073082999999999995 -0.018950600000000001
  vertex 0.79961900000000008 0.072441100000000008 -0.021270600000000001
  endloop
 endfacet

 facet normal -0.897505 -0.430927 -0.0937423
  outer loop
  vertex 8.6736200000000004E-22 3.4694499999999997E-21 0
  vertex 1.05538E-05 -2.0660999999999998E-05 -6.0666200000000002E-06
  vertex 1.05538E-05 -2.13141E-05 -3.0645000000000001E-06
  endloop
 endfacet

 facet normal -0.897505 -0.4132 -0.154116
  outer loop
  vertex 8.6736200000000004E-22 3.4694499999999997E-21 0
  vertex 1.05538E-05 -1.9587299999999998E-05 -8.9452399999999998E-06
  vertex 1.05538E-05 -2.0660999999999998E-05 -6.0666200000000002E-06
  endloop
 endfacet

 facet normal -0.897505 -0.387061 -0.211351
  outer loop
  vertex 8.6736200000000004E-22 3.4694499999999997E-21 0
  vertex 1.05538E-05 -1.8114899999999998E-05 -1.1641800000000001E-05
  vertex 1.05538E-05 -1.9587299999999998E-05 -8.9452399999999998E-06
  endloop
 endfacet

 facet normal -0.897505 -0.353043 -0.264285
  outer loop
  vertex 8.6736200000000004E-22 3.4694499999999997E-21 0
  vertex 1.05538E-05 -1.62737E-05 -1.41013E-05
  vertex 1.05538E-05 -1.8114899999999998E-05 -1.1641800000000001E-05
  endloop
 endfacet

 facet normal -0.897505 -0.311838 -0.311838
  outer loop
  vertex 8.6736200000000004E-22 3.4694499999999997E-21 0
  vertex 1.05538E-05 -1.41013E-05 -1.62737E-05
  vertex 1.05538E-05 -1.62737E-05 -1.41013E-05
  endloop
 endfacet

 facet normal -0.897505 -0.264285 -0.353043
  outer loop
  vertex 8.6736200000000004E-22 3.4694499999999997E-21 0
  vertex 1.05538E-05 -1.1641800000000001E-05 -1.8114899999999998E-05
  vertex 1.05538E-05 -1.41013E-05 -1.62737E-05
  endloop
 endfacet

 facet normal -0.897505 -0.211351 -0.387061
  outer loop
  vertex 8.6736200000000004E-22 3.4694499999999997E-21 0
  vertex 1.05538E-05 -8.9452399999999998E-06 -1.9587299999999998E-05
  vertex 1.05538E-05 -1.1641800000000001E-05 -1.8114899999999998E-05
  endloop
 endfacet

 facet normal -0.897505 -0.154116 -0.4132
  outer loop
  vertex 8.6736200000000004E-22 3.4694499999999997E-21 0
  vertex 1.05538E-05 -6.0666200000000002E-06 -2.0660999999999998E-05
  vertex 1.05538E-05 -8.9452399999999998E-06 -1.9587299999999998E-05
  endloop
 endfacet

 facet normal -0.897505 -0.0937423 -0.430927
  outer loop
  vertex 8.6736200000000004E-22 3.4694499999999997E-21 0
  vertex 1.05538E-05 -3.0645000000000001E-06 -2.13141E-05
  vertex 1.05538E-05 -6.0666200000000002E-06 -2.0660999999999998E-05
  endloop
 endfacet

 facet normal -0.897505 -0.031461 -0.439882
  outer loop
  vertex 8.6736200000000004E-22 3.4694499999999997E-21 0
  vertex 1.05538E-05 -3.9555900000000005E-21 -2.1533299999999999E-05
  vertex 1.05538E-05 -3.0645000000000001E-06 -2.13141E-05
  endloop
 endfacet

 facet normal -0.897505 0.031461 -0.439882
  outer loop
  vertex 8.6736200000000004E-22 3.4694499999999997E-21 0
  vertex 1.05538E-05 3.0645000000000001E-06 -2.13141E-05
  vertex 1.05538E-05 -3.9555900000000005E-21 -2.1533299999999999E-05
  endloop
 endfacet

 facet normal -0.897505 0.0937423 -0.430927
  outer loop
  vertex 8.6736200000000004E-22 3.4694499999999997E-21 0
  vertex 1.05538E-05 6.0666200000000002E-06 -2.0660999999999998E-05
  vertex 1.05538E-05 3.0645000000000001E-06 -2.13141E-05
  endloop
 endfacet

 facet normal -0.897505 0.154116 -0.4132
  outer loop
  vertex 8.6736200000000004E-22 3.4694499999999997E-21 0
  vertex 1.05538E-05 8.9452399999999998E-06 -1.9587299999999998E-05
  vertex 1.05538E-05 6.0666200000000002E-06 -2.0660999999999998E-05
  endloop
 endfacet

 facet normal -0.897505 0.211351 -0.387061
  outer loop
  vertex 8.6736200000000004E-22 3.4694499999999997E-21 0
  vertex 1.05538E-05 1.1641800000000001E-05 -1.8114899999999998E-05
  vertex 1.05538E-05 8.9452399999999998E-06 -1.9587299999999998E-05
  endloop
 endfacet

 facet normal -0.897505 0.264285 -0.353043
  outer loop
  vertex 8.6736200000000004E-22 3.4694499999999997E-21 0
  vertex 1.05538E-05 1.41013E-05 -1.62737E-05
  vertex 1.05538E-05 1.1641800000000001E-05 -1.8114899999999998E-05
  endloop
 endfacet

 facet normal -0.897505 0.311838 -0.311838
  outer loop
  vertex 8.6736200000000004E-22 3.4694499999999997E-21 0
  vertex 1.05538E-05 1.62737E-05 -1.41013E-05
  vertex 1.05538E-05 1.41013E-05 -1.62737E-05
  endloop
 endfacet

 facet normal -0.897505 0.353043 -0.264285
  outer loop
  vertex 8.6736200000000004E-22 3.4694499999999997E-21 0
  vertex 1.05538E-05 1.8114899999999998E-05 -1.1641800000000001E-05
  vertex 1.05538E-05 1.62737E-05 -1.41013E-05
  endloop
 endfacet

 facet normal -0.897505 0.387061 -0.211351
  outer loop
  vertex 8.6736200000000004E-22 3.4694499999999997E-21 0
  vertex 1.05538E-05 1.9587299999999998E-05 -8.9452399999999998E-06
  vertex 1.05538E-05 1.8114899999999998E-05 -1.1641800000000001E-05
  endloop
 endfacet

 facet normal -0.897505 0.4132 -0.154116
  outer loop
  vertex 8.6736200000000004E-22 3.4694499999999997E-21 0
  vertex 1.05538E-05 2.0660999999999998E-05 -6.0666200000000002E-06
  vertex 1.05538E-05 1.9587299999999998E-05 -8.9452399999999998E-06
  endloop
 endfacet

 facet normal -0.897505 0.430927 -0.0937423
  outer loop
  vertex 8.6736200000000004E-22 3.4694499999999997E-21 0
  vertex 1.05538E-05 2.13141E-05 -3.0645000000000001E-06
  vertex 1.05538E-05 2.0660999999999998E-05 -6.0666200000000002E-06
  endloop
 endfacet

 facet normal -0.0154562 -0.997367 -0.0708474
  outer loop
  vertex 0.80000000000000004 -0.075499999999999998 -2.4282700000000001E-17
  vertex 0.76955200000000001 -0.0750281 -2.4130899999999998E-17
  vertex 0.79961900000000008 -0.074730900000000003 -0.010744699999999999
  endloop
 endfacet

 facet normal -0.085135 -0.994037 -0.0681399
  outer loop
  vertex 0.80000000000000004 -0.075499999999999998 -2.4282700000000001E-17
  vertex 0.79961900000000008 -0.074730900000000003 -0.010744699999999999
  vertex 0.80000000000000004 -0.074793800000000007 -0.010302500000000001
  endloop
 endfacet

 facet normal -0.221619 0.973172 -0.0618101
  outer loop
  vertex 0.80000000000000004 0.075499999999999998 0
  vertex 0.80000000000000004 0.074893299999999996 -0.0095520600000000011
  vertex 0.79961900000000008 0.074730900000000003 -0.010744699999999999
  endloop
 endfacet

 facet normal -0.0154562 0.997367 -0.0708474
  outer loop
  vertex 0.80000000000000004 0.075499999999999998 0
  vertex 0.79961900000000008 0.074730900000000003 -0.010744699999999999
  vertex 0.76955200000000001 0.0750281 0
  endloop
 endfacet

 facet normal 0.0747949 -0.976252 -0.203315
  outer loop
  vertex 0.80000000000000004 -0.072688299999999997 -0.020412199999999998
  vertex 0.80000000000000004 -0.074793800000000007 -0.010302500000000001
  vertex 0.79961900000000008 -0.074730900000000003 -0.010744699999999999
  endloop
 endfacet

 facet normal 0.143354 -0.932286 -0.332104
  outer loop
  vertex 0.80000000000000004 -0.069222999999999993 -0.0301401
  vertex 0.80000000000000004 -0.072688299999999997 -0.020412199999999998
  vertex 0.79961900000000008 -0.072441100000000008 -0.021270600000000001
  endloop
 endfacet

 facet normal 0.203413 -0.86886 -0.451338
  outer loop
  vertex 0.80000000000000004 -0.064462699999999998 -0.039304100000000002
  vertex 0.80000000000000004 -0.069222999999999993 -0.0301401
  vertex 0.79961900000000008 -0.06867659999999999 -0.031363599999999998
  endloop
 endfacet

 facet normal 0.225207 -0.799138 -0.557369
  outer loop
  vertex 0.80000000000000004 -0.0591548 -0.046914400000000002
  vertex 0.80000000000000004 -0.064462699999999998 -0.039304100000000002
  vertex 0.79961900000000008 -0.063514100000000004 -0.040818
  endloop
 endfacet

 facet normal 0.322633 -0.704066 -0.632613
  outer loop
  vertex 0.80000000000000004 -0.052953400000000005 -0.053816200000000002
  vertex 0.80000000000000004 -0.0591548 -0.046914400000000002
  vertex 0.79961900000000008 -0.057058600000000001 -0.049441499999999999
  endloop
 endfacet

 facet normal 0.349175 -0.61494 -0.707054
  outer loop
  vertex 0.80000000000000004 -0.045952399999999997 -0.059905199999999999
  vertex 0.80000000000000004 -0.052953400000000005 -0.053816200000000002
  vertex 0.79961900000000008 -0.049441499999999999 -0.057058600000000001
  endloop
 endfacet

 facet normal 0.310323 -0.531152 -0.788402
  outer loop
  vertex 0.80000000000000004 -0.038257300000000001 -0.065089399999999992
  vertex 0.80000000000000004 -0.045952399999999997 -0.059905199999999999
  vertex 0.79961900000000008 -0.040818 -0.063514100000000004
  endloop
 endfacet

 facet normal 0.198286 -0.443797 -0.873915
  outer loop
  vertex 0.80000000000000004 -0.029984400000000001 -0.069290599999999994
  vertex 0.80000000000000004 -0.038257300000000001 -0.065089399999999992
  vertex 0.79961900000000008 -0.031363599999999998 -0.06867659999999999
  endloop
 endfacet

 facet normal 0.000272396 -0.340001 -0.940425
  outer loop
  vertex 0.80000000000000004 -0.021258700000000002 -0.072445300000000004
  vertex 0.80000000000000004 -0.029984400000000001 -0.069290599999999994
  vertex 0.79961900000000008 -0.021270600000000001 -0.072441100000000008
  endloop
 endfacet

 facet normal 0.195683 -0.0988545 -0.975672
  outer loop
  vertex 0.80000000000000004 -0.0029806900000000002 -0.075441100000000011
  vertex 0.80000000000000004 -0.012211899999999999 -0.074505799999999997
  vertex 0.79961900000000008 -0.010744699999999999 -0.074730900000000003
  endloop
 endfacet

 facet normal 0.309087 0.020917 -0.950804
  outer loop
  vertex 0.80000000000000004 0.0062955600000000004 -0.075237100000000001
  vertex 0.80000000000000004 -0.0029806900000000002 -0.075441100000000011
  vertex 0.79961900000000008 -1.3869000000000001E-17 -0.075499300000000005
  endloop
 endfacet

 facet normal 0.349063 0.135374 -0.92727
  outer loop
  vertex 0.80000000000000004 0.015476699999999999 -0.073896699999999996
  vertex 0.80000000000000004 0.0062955600000000004 -0.075237100000000001
  vertex 0.79961900000000008 0.010744699999999999 -0.074730900000000003
  endloop
 endfacet

 facet normal 0.323631 0.250497 -0.912422
  outer loop
  vertex 0.80000000000000004 0.024424100000000001 -0.071440299999999998
  vertex 0.80000000000000004 0.015476699999999999 -0.073896699999999996
  vertex 0.79961900000000008 0.021270600000000001 -0.072441100000000008
  endloop
 endfacet

 facet normal 0.227501 0.371039 -0.900319
  outer loop
  vertex 0.80000000000000004 0.033002699999999996 -0.067904900000000004
  vertex 0.80000000000000004 0.024424100000000001 -0.071440299999999998
  vertex 0.79961900000000008 0.031363599999999998 -0.06867659999999999
  endloop
 endfacet

 facet normal 0.0472711 0.491012 -0.869869
  outer loop
  vertex 0.80000000000000004 0.041082799999999996 -0.063343899999999995
  vertex 0.80000000000000004 0.033002699999999996 -0.067904900000000004
  vertex 0.79961900000000008 0.040818 -0.063514100000000004
  endloop
 endfacet

 facet normal 0.162594 0.679628 -0.71531
  outer loop
  vertex 0.80000000000000004 0.055268900000000003 -0.051435299999999996
  vertex 0.80000000000000004 0.048542399999999999 -0.057826300000000004
  vertex 0.79961900000000008 0.049441499999999999 -0.057058600000000001
  endloop
 endfacet

 facet normal 0.292567 0.738716 -0.60721
  outer loop
  vertex 0.80000000000000004 0.061160699999999998 -0.044267500000000001
  vertex 0.80000000000000004 0.055268900000000003 -0.051435299999999996
  vertex 0.79961900000000008 0.057058600000000001 -0.049441499999999999
  endloop
 endfacet

 facet normal 0.346341 0.792301 -0.502301
  outer loop
  vertex 0.80000000000000004 0.066128800000000001 -0.036431199999999997
  vertex 0.80000000000000004 0.061160699999999998 -0.044267500000000001
  vertex 0.79961900000000008 0.063514100000000004 -0.040818
  endloop
 endfacet

 facet normal 0.334093 0.851937 -0.403219
  outer loop
  vertex 0.80000000000000004 0.070098199999999999 -0.028044599999999999
  vertex 0.80000000000000004 0.066128800000000001 -0.036431199999999997
  vertex 0.79961900000000008 0.06867659999999999 -0.031363599999999998
  endloop
 endfacet

 facet normal 0.285904 0.91047 -0.298836
  outer loop
  vertex 0.80000000000000004 0.073082999999999995 -0.018950600000000001
  vertex 0.80000000000000004 0.070098199999999999 -0.028044599999999999
  vertex 0.79961900000000008 0.072441100000000008 -0.021270600000000001
  endloop
 endfacet

 facet normal 0.170927 0.9675 -0.186356
  outer loop
  vertex 0.79961900000000008 0.074730900000000003 -0.010744699999999999
  vertex 0.80000000000000004 0.074893299999999996 -0.0095520600000000011
  vertex 0.80000000000000004 0.073082999999999995 -0.018950600000000001
  endloop
 endfacet

 facet normal -0.269243 -0.213879 -0.939023
  outer loop
  vertex 0.79961900000000008 -0.010744699999999999 -0.074730900000000003
  vertex 0.80000000000000004 -0.012211899999999999 -0.074505799999999997
  vertex 0.80000000000000004 -0.021258700000000002 -0.072445300000000004
  endloop
 endfacet

 facet normal -0.211889 0.581166 -0.785716
  outer loop
  vertex 0.79961900000000008 0.049441499999999999 -0.057058600000000001
  vertex 0.80000000000000004 0.048542399999999999 -0.057826300000000004
  vertex 0.80000000000000004 0.041082799999999996 -0.063343899999999995
  endloop
 endfacet

 facet normal 1 0 0
  outer loop
  vertex 0.80000000000000004 0.0062955600000000004 -0.075237100000000001
  vertex 0.80000000000000004 0.015476699999999999 -0.073896699999999996
  vertex 0.80000000000000004 -0.0029806900000000002 -0.075441100000000011
  endloop
 endfacet

 facet normal 1 0 0
  outer loop
  vertex 0.80000000000000004 0.015476699999999999 -0.073896699999999996
  vertex 0.80000000000000004 -0.012211899999999999 -0.074505799999999997
  vertex 0.80000000000000004 -0.0029806900000000002 -0.075441100000000011
  endloop
 endfacet

 facet normal 1 0 0
  outer loop
  vertex 0.80000000000000004 0.015476699999999999 -0.073896699999999996
  vertex 0.80000000000000004 0.024424100000000001 -0.071440299999999998
  vertex 0.80000000000000004 -0.012211899999999999 -0.074505799999999997
  endloop
 endfacet

 facet normal 1 0 0
  outer loop
  vertex 0.80000000000000004 0.024424100000000001 -0.071440299999999998
  vertex 0.80000000000000004 -0.021258700000000002 -0.072445300000000004
  vertex 0.80000000000000004 -0.012211899999999999 -0.074505799999999997
  endloop
 endfacet

 facet normal 1 0 0
  outer loop
  vertex 0.80000000000000004 0.024424100000000001 -0.071440299999999998
  vertex 0.80000000000000004 0.033002699999999996 -0.067904900000000004
  vertex 0.80000000000000004 -0.021258700000000002 -0.072445300000000004
  endloop
 endfacet

 facet normal 1 0 0
  outer loop
  vertex 0.80000000000000004 0.033002699999999996 -0.067904900000000004
  vertex 0.80000000000000004 -0.029984400000000001 -0.069290599999999994
  vertex 0.80000000000000004 -0.021258700000000002 -0.072445300000000004
  endloop
 endfacet

 facet normal 1 0 0
  outer loop
  vertex 0.80000000000000004 0.033002699999999996 -0.067904900000000004
  vertex 0.80000000000000004 0.041082799999999996 -0.063343899999999995
  vertex 0.80000000000000004 -0.029984400000000001 -0.069290599999999994
  endloop
 endfacet

 facet normal 1 0 0
  outer loop
  vertex 0.80000000000000004 0.041082799999999996 -0.063343899999999995
  vertex 0.80000000000000004 -0.038257300000000001 -0.065089399999999992
  vertex 0.80000000000000004 -0.029984400000000001 -0.069290599999999994
  endloop
 endfacet

 facet normal 1 0 0
  outer loop
  vertex 0.80000000000000004 0.041082799999999996 -0.063343899999999995
  vertex 0.80000000000000004 0.048542399999999999 -0.057826300000000004
  vertex 0.80000000000000004 -0.038257300000000001 -0.065089399999999992
  endloop
 endfacet

 facet normal 1 0 0
  outer loop
  vertex 0.80000000000000004 0.048542399999999999 -0.057826300000000004
  vertex 0.80000000000000004 -0.045952399999999997 -0.059905199999999999
  vertex 0.80000000000000004 -0.038257300000000001 -0.065089399999999992
  endloop
 endfacet

 facet normal 1 0 0
  outer loop
  vertex 0.80000000000000004 0.048542399999999999 -0.057826300000000004
  vertex 0.80000000000000004 0.055268900000000003 -0.051435299999999996
  vertex 0.80000000000000004 -0.045952399999999997 -0.059905199999999999
  endloop
 endfacet

 facet normal 1 0 0
  outer loop
  vertex 0.80000000000000004 0.055268900000000003 -0.051435299999999996
  vertex 0.80000000000000004 -0.052953400000000005 -0.053816200000000002
  vertex 0.80000000000000004 -0.045952399999999997 -0.059905199999999999
  endloop
 endfacet

 facet normal 1 0 0
  outer loop
  vertex 0.80000000000000004 0.055268900000000003 -0.051435299999999996
  vertex 0.80000000000000004 0.061160699999999998 -0.044267500000000001
  vertex 0.80000000000000004 -0.052953400000000005 -0.053816200000000002
  endloop
 endfacet

 facet normal 1 0 0
  outer loop
  vertex 0.80000000000000004 0.061160699999999998 -0.044267500000000001
  vertex 0.80000000000000004 -0.0591548 -0.046914400000000002
  vertex 0.80000000000000004 -0.052953400000000005 -0.053816200000000002
  endloop
 endfacet

 facet normal 1 0 0
  outer loop
  vertex 0.80000000000000004 0.061160699999999998 -0.044267500000000001
  vertex 0.80000000000000004 0.066128800000000001 -0.036431199999999997
  vertex 0.80000000000000004 -0.0591548 -0.046914400000000002
  endloop
 endfacet

 facet normal 1 0 0
  outer loop
  vertex 0.80000000000000004 0.066128800000000001 -0.036431199999999997
  vertex 0.80000000000000004 -0.064462699999999998 -0.039304100000000002
  vertex 0.80000000000000004 -0.0591548 -0.046914400000000002
  endloop
 endfacet

 facet normal 1 0 0
  outer loop
  vertex 0.80000000000000004 0.066128800000000001 -0.036431199999999997
  vertex 0.80000000000000004 0.070098199999999999 -0.028044599999999999
  vertex 0.80000000000000004 -0.064462699999999998 -0.039304100000000002
  endloop
 endfacet

 facet normal 1 0 0
  outer loop
  vertex 0.80000000000000004 0.070098199999999999 -0.028044599999999999
  vertex 0.80000000000000004 -0.069222999999999993 -0.0301401
  vertex 0.80000000000000004 -0.064462699999999998 -0.039304100000000002
  endloop
 endfacet

 facet normal 1 0 0
  outer loop
  vertex 0.80000000000000004 0.070098199999999999 -0.028044599999999999
  vertex 0.80000000000000004 0.073082999999999995 -0.018950600000000001
  vertex 0.80000000000000004 -0.069222999999999993 -0.0301401
  endloop
 endfacet

 facet normal 1 0 0
  outer loop
  vertex 0.80000000000000004 0.073082999999999995 -0.018950600000000001
  vertex 0.80000000000000004 -0.072688299999999997 -0.020412199999999998
  vertex 0.80000000000000004 -0.069222999999999993 -0.0301401
  endloop
 endfacet

 facet normal 1 0 0
  outer loop
  vertex 0.80000000000000004 0.073082999999999995 -0.018950600000000001
  vertex 0.80000000000000004 0.074893299999999996 -0.0095520600000000011
  vertex 0.80000000000000004 -0.072688299999999997 -0.020412199999999998
  endloop
 endfacet

 facet normal 1 0 0
  outer loop
  vertex 0.80000000000000004 0.074893299999999996 -0.0095520600000000011
  vertex 0.80000000000000004 -0.074793800000000007 -0.010302500000000001
  vertex 0.80000000000000004 -0.072688299999999997 -0.020412199999999998
  endloop
 endfacet

 facet normal 1 0 0
  outer loop
  vertex 0.80000000000000004 0.074893299999999996 -0.0095520600000000011
  vertex 0.80000000000000004 0.075499999999999998 0
  vertex 0.80000000000000004 -0.074793800000000007 -0.010302500000000001
  endloop
 endfacet

 facet normal 1 0 0
  outer loop
  vertex 0.80000000000000004 0.075499999999999998 0
  vertex 0.80000000000000004 -0.075499999999999998 -2.4282700000000001E-17
  vertex 0.80000000000000004 -0.074793800000000007 -0.010302500000000001
  endloop
 endfacet

 facet normal 1 0 0
  outer loop
  vertex 0.80000000000000004 0.075499999999999998 0
  vertex 0.80000000000000004 0.074929900000000008 0.0092607899999999996
  vertex 0.80000000000000004 -0.075499999999999998 -2.4282700000000001E-17
  endloop
 endfacet

 facet normal 1 0 0
  outer loop
  vertex 0.80000000000000004 0.074929900000000008 0.0092607899999999996
  vertex 0.80000000000000004 -0.075158500000000003 0.0071727199999999996
  vertex 0.80000000000000004 -0.075499999999999998 -2.4282700000000001E-17
  endloop
 endfacet

 facet normal 1 0 0
  outer loop
  vertex 0.80000000000000004 0.074929900000000008 0.0092607899999999996
  vertex 0.80000000000000004 0.073228100000000004 0.018381699999999997
  vertex 0.80000000000000004 -0.075158500000000003 0.0071727199999999996
  endloop
 endfacet

 facet normal 1 0 0
  outer loop
  vertex 0.80000000000000004 0.073228100000000004 0.018381699999999997
  vertex 0.80000000000000004 -0.074137099999999997 0.0142805
  vertex 0.80000000000000004 -0.075158500000000003 0.0071727199999999996
  endloop
 endfacet

 facet normal 1 0 0
  outer loop
  vertex 0.80000000000000004 0.073228100000000004 0.018381699999999997
  vertex 0.80000000000000004 0.070420500000000011 0.027225000000000003
  vertex 0.80000000000000004 -0.074137099999999997 0.0142805
  endloop
 endfacet

 facet normal 1 0 0
  outer loop
  vertex 0.80000000000000004 0.070420500000000011 0.027225000000000003
  vertex 0.80000000000000004 -0.071825599999999989 0.023266499999999999
  vertex 0.80000000000000004 -0.074137099999999997 0.0142805
  endloop
 endfacet

 facet normal 1 0 0
  outer loop
  vertex 0.80000000000000004 0.070420500000000011 0.027225000000000003
  vertex 0.80000000000000004 0.066549300000000006 0.0356572
  vertex 0.80000000000000004 -0.071825599999999989 0.023266499999999999
  endloop
 endfacet

 facet normal 1 0 0
  outer loop
  vertex 0.80000000000000004 0.066549300000000006 0.0356572
  vertex 0.80000000000000004 -0.068429299999999998 0.031901100000000002
  vertex 0.80000000000000004 -0.071825599999999989 0.023266499999999999
  endloop
 endfacet

 facet normal 1 0 0
  outer loop
  vertex 0.80000000000000004 0.066549300000000006 0.0356572
  vertex 0.80000000000000004 0.061673099999999995 0.043550899999999997
  vertex 0.80000000000000004 -0.068429299999999998 0.031901100000000002
  endloop
 endfacet

 facet normal 1 0 0
  outer loop
  vertex 0.80000000000000004 0.061673099999999995 0.043550899999999997
  vertex 0.80000000000000004 -0.063999500000000001 0.040053800000000001
  vertex 0.80000000000000004 -0.068429299999999998 0.031901100000000002
  endloop
 endfacet

 facet normal 1 0 0
  outer loop
  vertex 0.80000000000000004 0.061673099999999995 0.043550899999999997
  vertex 0.80000000000000004 0.055865499999999998 0.0507868
  vertex 0.80000000000000004 -0.063999500000000001 0.040053800000000001
  endloop
 endfacet

 facet normal 1 0 0
  outer loop
  vertex 0.80000000000000004 0.055865499999999998 0.0507868
  vertex 0.80000000000000004 -0.058603200000000001 0.047601600000000001
  vertex 0.80000000000000004 -0.063999500000000001 0.040053800000000001
  endloop
 endfacet

 facet normal 1 0 0
  outer loop
  vertex 0.80000000000000004 0.055865499999999998 0.0507868
  vertex 0.80000000000000004 0.049214000000000001 0.057255800000000003
  vertex 0.80000000000000004 -0.058603200000000001 0.047601600000000001
  endloop
 endfacet

 facet normal 1 0 0
  outer loop
  vertex 0.80000000000000004 0.049214000000000001 0.057255800000000003
  vertex 0.80000000000000004 -0.052321800000000002 0.0544305
  vertex 0.80000000000000004 -0.058603200000000001 0.047601600000000001
  endloop
 endfacet

 facet normal 1 0 0
  outer loop
  vertex 0.80000000000000004 0.049214000000000001 0.057255800000000003
  vertex 0.80000000000000004 0.041819299999999997 0.062860100000000002
  vertex 0.80000000000000004 -0.052321800000000002 0.0544305
  endloop
 endfacet

 facet normal 1 0 0
  outer loop
  vertex 0.80000000000000004 0.041819299999999997 0.062860100000000002
  vertex 0.80000000000000004 -0.045250100000000001 0.060437399999999995
  vertex 0.80000000000000004 -0.052321800000000002 0.0544305
  endloop
 endfacet

 facet normal 1 0 0
  outer loop
  vertex 0.80000000000000004 0.041819299999999997 0.062860100000000002
  vertex 0.80000000000000004 0.033792999999999997 0.067515100000000008
  vertex 0.80000000000000004 -0.045250100000000001 0.060437399999999995
  endloop
 endfacet

 facet normal 1 0 0
  outer loop
  vertex 0.80000000000000004 0.033792999999999997 0.067515100000000008
  vertex 0.80000000000000004 -0.037495000000000001 0.065531499999999993
  vertex 0.80000000000000004 -0.045250100000000001 0.060437399999999995
  endloop
 endfacet

 facet normal 1 0 0
  outer loop
  vertex 0.80000000000000004 0.033792999999999997 0.067515100000000008
  vertex 0.80000000000000004 0.025256299999999999 0.0711503
  vertex 0.80000000000000004 -0.037495000000000001 0.065531499999999993
  endloop
 endfacet

 facet normal 1 0 0
  outer loop
  vertex 0.80000000000000004 0.025256299999999999 0.0711503
  vertex 0.80000000000000004 -0.0291737 0.069635799999999998
  vertex 0.80000000000000004 -0.037495000000000001 0.065531499999999993
  endloop
 endfacet

 facet normal 1 0 0
  outer loop
  vertex 0.80000000000000004 0.025256299999999999 0.0711503
  vertex 0.80000000000000004 0.016338100000000001 0.073710999999999999
  vertex 0.80000000000000004 -0.0291737 0.069635799999999998
  endloop
 endfacet

 facet normal 1 0 0
  outer loop
  vertex 0.80000000000000004 0.016338100000000001 0.073710999999999999
  vertex 0.80000000000000004 -0.020411800000000001 0.0726884
  vertex 0.80000000000000004 -0.0291737 0.069635799999999998
  endloop
 endfacet

 facet normal 1 0 0
  outer loop
  vertex 0.80000000000000004 0.016338100000000001 0.073710999999999999
  vertex 0.80000000000000004 -0.011341499999999999 0.074643299999999996
  vertex 0.80000000000000004 -0.020411800000000001 0.0726884
  endloop
 endfacet

 facet normal 1 0 0
  outer loop
  vertex 0.80000000000000004 -0.011341499999999999 0.074643299999999996
  vertex 0.80000000000000004 0.016338100000000001 0.073710999999999999
  vertex 0.80000000000000004 -0.0021000100000000002 0.075470799999999991
  endloop
 endfacet

 facet normal 1 0 0
  outer loop
  vertex 0.80000000000000004 0.016338100000000001 0.073710999999999999
  vertex 0.80000000000000004 0.0071732200000000001 0.075158500000000003
  vertex 0.80000000000000004 -0.0021000100000000002 0.075470799999999991
  endloop
 endfacet

endsolid nosecone

solid fins
 facet normal 0 -0.9998 -0.0200028
  outer loop
  vertex 2.5623800000000001 0.074939999999999993 0.0030000000000000001
  vertex 2.5292199999999996 0.074999999999999997 -3.0697299999999999E-18
  vertex 2.8085100000000001 0.074939999999999993 0.0030000000000000001
  endloop
 endfacet

 facet normal 7.88722e-20 -0.9998 -0.0200028
  outer loop
  vertex 2.5292199999999996 0.074999999999999997 -3.0697299999999999E-18
  vertex 2.8296900000000003 0.074999999999999997 4.8456299999999997E-19
  vertex 2.8085100000000001 0.074939999999999993 0.0030000000000000001
  endloop
 endfacet

 facet normal -2.36617e-19 -0.9998 0.0200028
  outer loop
  vertex 2.5292199999999996 0.074999999999999997 -3.0697299999999999E-18
  vertex 2.5623800000000001 0.074939999999999993 -0.0030000000000000001
  vertex 2.8296900000000003 0.074999999999999997 4.8456299999999997E-19
  endloop
 endfacet

 facet normal -1.57744e-19 -0.9998 0.0200028
  outer loop
  vertex 2.5623800000000001 0.074939999999999993 -0.0030000000000000001
  vertex 2.8085100000000001 0.074939999999999993 -0.0030000000000000001
  vertex 2.8296900000000003 0.074999999999999997 4.8456299999999997E-19
  endloop
 endfacet

 facet normal -0.0889698 0.139015 0.986286
  outer loop
  vertex 2.5623800000000001 0.074939999999999993 0.0030000000000000001
  vertex 2.8132600000000001 0.23549999999999999 0.0030000000000000001
  vertex 2.5292199999999996 0.074999999999999997 -3.0697299999999999E-18
  endloop
 endfacet

 facet normal -0.0889696 0.139015 0.986286
  outer loop
  vertex 2.8132600000000001 0.23549999999999999 0.0030000000000000001
  vertex 2.7799999999999998 0.23549999999999999 -2.2204499999999999E-19
  vertex 2.5292199999999996 0.074999999999999997 -3.0697299999999999E-18
  endloop
 endfacet

 facet normal 0 0 1
  outer loop
  vertex 2.5623800000000001 0.074939999999999993 0.0030000000000000001
  vertex 2.8085100000000001 0.074939999999999993 0.0030000000000000001
  vertex 2.8132600000000001 0.23549999999999999 0.0030000000000000001
  endloop
 endfacet

 facet normal 0 0 1
  outer loop
  vertex 2.8132600000000001 0.23549999999999999 0.0030000000000000001
  vertex 2.8085100000000001 0.074939999999999993 0.0030000000000000001
  vertex 2.9088600000000002 0.23549999999999999 0.0030000000000000001
  endloop
 endfacet

 facet normal 0.139961 -0.0874755 0.986285
  outer loop
  vertex 2.9088600000000002 0.23549999999999999 0.0030000000000000001
  vertex 2.8085100000000001 0.074939999999999993 0.0030000000000000001
  vertex 2.9300000000000002 0.23549999999999999 0
  endloop
 endfacet

 facet normal 0.13996 -0.0874754 0.986286
  outer loop
  vertex 2.8085100000000001 0.074939999999999993 0.0030000000000000001
  vertex 2.8296900000000003 0.074999999999999997 4.8456299999999997E-19
  vertex 2.9300000000000002 0.23549999999999999 0
  endloop
 endfacet

 facet normal 0 1 0
  outer loop
  vertex 2.9088600000000002 0.23549999999999999 0.0030000000000000001
  vertex 2.9088600000000002 0.23549999999999999 -0.0030000000000000001
  vertex 2.8132600000000001 0.23549999999999999 0.0030000000000000001
  endloop
 endfacet

 facet normal 0 1 0
  outer loop
  vertex 2.8132600000000001 0.23549999999999999 0.0030000000000000001
  vertex 2.9088600000000002 0.23549999999999999 -0.0030000000000000001
  vertex 2.8132600000000001 0.23549999999999999 -0.0030000000000000001
  endloop
 endfacet

 facet normal 0 1 0
  outer loop
  vertex 2.8132600000000001 0.23549999999999999 0.0030000000000000001
  vertex 2.8132600000000001 0.23549999999999999 -0.0030000000000000001
  vertex 2.7799999999999998 0.23549999999999999 -2.2204499999999999E-19
  endloop
 endfacet

 facet normal 0 1 0
  outer loop
  vertex 2.9088600000000002 0.23549999999999999 -0.0030000000000000001
  vertex 2.9088600000000002 0.23549999999999999 0.0030000000000000001
  vertex 2.9300000000000002 0.23549999999999999 0
  endloop
 endfacet

 facet normal 0.139961 -0.0874755 -0.986285
  outer loop
  vertex 2.9088600000000002 0.23549999999999999 -0.0030000000000000001
  vertex 2.9300000000000002 0.23549999999999999 0
  vertex 2.8085100000000001 0.074939999999999993 -0.0030000000000000001
  endloop
 endfacet

 facet normal 0.139961 -0.0874754 -0.986286
  outer loop
  vertex 2.8085100000000001 0.074939999999999993 -0.0030000000000000001
  vertex 2.9300000000000002 0.23549999999999999 0
  vertex 2.8296900000000003 0.074999999999999997 4.8456299999999997E-19
  endloop
 endfacet

 facet normal -0.0889698 0.139015 -0.986286
  outer loop
  vertex 2.5623800000000001 0.074939999999999993 -0.0030000000000000001
  vertex 2.5292199999999996 0.074999999999999997 -3.0697299999999999E-18
  vertex 2.8132600000000001 0.23549999999999999 -0.0030000000000000001
  endloop
 endfacet

 facet normal -0.0889696 0.139015 -0.986286
  outer loop
  vertex 2.8132600000000001 0.23549999999999999 -0.0030000000000000001
  vertex 2.5292199999999996 0.074999999999999997 -3.0697299999999999E-18
  vertex 2.7799999999999998 0.23549999999999999 -2.2204499999999999E-19
  endloop
 endfacet

 facet normal 0 0 -1
  outer loop
  vertex 2.5623800000000001 0.074939999999999993 -0.0030000000000000001
  vertex 2.8132600000000001 0.23549999999999999 -0.0030000000000000001
  vertex 2.8085100000000001 0.074939999999999993 -0.0030000000000000001
  endloop
 endfacet

 facet normal 0 0 -1
  outer loop
  vertex 2.8132600000000001 0.23549999999999999 -0.0030000000000000001
  vertex 2.9088600000000002 0.23549999999999999 -0.0030000000000000001
  vertex 2.8085100000000001 0.074939999999999993 -0.0030000000000000001
  endloop
 endfacet

 facet normal 0 0.0200028 -0.9998
  outer loop
  vertex 2.5623800000000001 -0.0030000000000000001 0.074939999999999993
  vertex 2.5292199999999996 -3.2770800000000004E-17 0.074999999999999997
  vertex 2.8085100000000001 -0.0030000000000000001 0.074939999999999993
  endloop
 endfacet

 facet normal 7.88722e-20 0.0200028 -0.9998
  outer loop
  vertex 2.5292199999999996 -3.2770800000000004E-17 0.074999999999999997
  vertex 2.8296900000000003 -3.6325099999999998E-17 0.074999999999999997
  vertex 2.8085100000000001 -0.0030000000000000001 0.074939999999999993
  endloop
 endfacet

 facet normal -2.36617e-19 -0.0200028 -0.9998
  outer loop
  vertex 2.5292199999999996 -3.2770800000000004E-17 0.074999999999999997
  vertex 2.5623800000000001 0.0030000000000000001 0.074939999999999993
  vertex 2.8296900000000003 -3.6325099999999998E-17 0.074999999999999997
  endloop
 endfacet

 facet normal -1.57744e-19 -0.0200028 -0.9998
  outer loop
  vertex 2.5623800000000001 0.0030000000000000001 0.074939999999999993
  vertex 2.8085100000000001 0.0030000000000000001 0.074939999999999993
  vertex 2.8296900000000003 -3.6325099999999998E-17 0.074999999999999997
  endloop
 endfacet

 facet normal -0.0889698 -0.986286 0.139015
  outer loop
  vertex 2.5623800000000001 -0.0030000000000000001 0.074939999999999993
  vertex 2.8132600000000001 -0.0030000000000000001 0.23549999999999999
  vertex 2.5292199999999996 -3.2770800000000004E-17 0.074999999999999997
  endloop
 endfacet

 facet normal -0.0889696 -0.986286 0.139015
  outer loop
  vertex 2.8132600000000001 -0.0030000000000000001 0.23549999999999999
  vertex 2.7799999999999998 -2.5790699999999999E-17 0.23549999999999999
  vertex 2.5292199999999996 -3.2770800000000004E-17 0.074999999999999997
  endloop
 endfacet

 facet normal 0 -1 0
  outer loop
  vertex 2.5623800000000001 -0.0030000000000000001 0.074939999999999993
  vertex 2.8085100000000001 -0.0030000000000000001 0.074939999999999993
  vertex 2.8132600000000001 -0.0030000000000000001 0.23549999999999999
  endloop
 endfacet

 facet normal 0 -1 0
  outer loop
  vertex 2.8132600000000001 -0.0030000000000000001 0.23549999999999999
  vertex 2.8085100000000001 -0.0030000000000000001 0.074939999999999993
  vertex 2.9088600000000002 -0.0030000000000000001 0.23549999999999999
  endloop
 endfacet

 facet normal 0.139961 -0.986285 -0.0874755
  outer loop
  vertex 2.9088600000000002 -0.0030000000000000001 0.23549999999999999
  vertex 2.8085100000000001 -0.0030000000000000001 0.074939999999999993
  vertex 2.9300000000000002 -2.60127E-17 0.23549999999999999
  endloop
 endfacet

 facet normal 0.13996 -0.986286 -0.0874754
  outer loop
  vertex 2.8085100000000001 -0.0030000000000000001 0.074939999999999993
  vertex 2.8296900000000003 -3.6325099999999998E-17 0.074999999999999997
  vertex 2.9300000000000002 -2.60127E-17 0.23549999999999999
  endloop
 endfacet

 facet normal 0 0 1
  outer loop
  vertex 2.9088600000000002 -0.0030000000000000001 0.23549999999999999
  vertex 2.9088600000000002 0.0030000000000000001 0.23549999999999999
  vertex 2.8132600000000001 -0.0030000000000000001 0.23549999999999999
  endloop
 endfacet

 facet normal 0 0 1
  outer loop
  vertex 2.8132600000000001 -0.0030000000000000001 0.23549999999999999
  vertex 2.9088600000000002 0.0030000000000000001 0.23549999999999999
  vertex 2.8132600000000001 0.0030000000000000001 0.23549999999999999
  endloop
 endfacet

 facet normal 0 0 1
  outer loop
  vertex 2.8132600000000001 -0.0030000000000000001 0.23549999999999999
  vertex 2.8132600000000001 0.0030000000000000001 0.23549999999999999
  vertex 2.7799999999999998 -2.5790699999999999E-17 0.23549999999999999
  endloop
 endfacet

 facet normal 0 0 1
  outer loop
  vertex 2.9088600000000002 0.0030000000000000001 0.23549999999999999
  vertex 2.9088600000000002 -0.0030000000000000001 0.23549999999999999
  vertex 2.9300000000000002 -2.60127E-17 0.23549999999999999
  endloop
 endfacet

 facet normal 0.139961 0.986285 -0.0874755
  outer loop
  vertex 2.9088600000000002 0.0030000000000000001 0.23549999999999999
  vertex 2.9300000000000002 -2.60127E-17 0.23549999999999999
  vertex 2.8085100000000001 0.0030000000000000001 0.074939999999999993
  endloop
 endfacet

 facet normal 0.139961 0.986286 -0.0874754
  outer loop
  vertex 2.8085100000000001 0.0030000000000000001 0.074939999999999993
  vertex 2.9300000000000002 -2.60127E-17 0.23549999999999999
  vertex 2.8296900000000003 -3.6325099999999998E-17 0.074999999999999997
  endloop
 endfacet

 facet normal -0.0889698 0.986286 0.139015
  outer loop
  vertex 2.5623800000000001 0.0030000000000000001 0.074939999999999993
  vertex 2.5292199999999996 -3.2770800000000004E-17 0.074999999999999997
  vertex 2.8132600000000001 0.0030000000000000001 0.23549999999999999
  endloop
 endfacet

 facet normal -0.0889696 0.986286 0.139015
  outer loop
  vertex 2.8132600000000001 0.0030000000000000001 0.23549999999999999
  vertex 2.5292199999999996 -3.2770800000000004E-17 0.074999999999999997
  vertex 2.7799999999999998 -2.5790699999999999E-17 0.23549999999999999
  endloop
 endfacet

 facet normal 0 1 0
  outer loop
  vertex 2.5623800000000001 0.0030000000000000001 0.074939999999999993
  vertex 2.8132600000000001 0.0030000000000000001 0.23549999999999999
  vertex 2.8085100000000001 0.0030000000000000001 0.074939999999999993
  endloop
 endfacet

 facet normal 0 1 0
  outer loop
  vertex 2.8132600000000001 0.0030000000000000001 0.23549999999999999
  vertex 2.9088600000000002 0.0030000000000000001 0.23549999999999999
  vertex 2.8085100000000001 0.0030000000000000001 0.074939999999999993
  endloop
 endfacet

 facet normal 0 0.9998 0.0200028
  outer loop
  vertex 2.5623800000000001 -0.074939999999999993 -0.0030000000000000001
  vertex 2.5292199999999996 -0.074999999999999997 1.2254599999999999E-17
  vertex 2.8085100000000001 -0.074939999999999993 -0.0030000000000000001
  endloop
 endfacet

 facet normal 7.88722e-20 0.9998 0.0200028
  outer loop
  vertex 2.5292199999999996 -0.074999999999999997 1.2254599999999999E-17
  vertex 2.8296900000000003 -0.074999999999999997 8.7002900000000001E-18
  vertex 2.8085100000000001 -0.074939999999999993 -0.0030000000000000001
  endloop
 endfacet

 facet normal -2.36617e-19 0.9998 -0.0200028
  outer loop
  vertex 2.5292199999999996 -0.074999999999999997 1.2254599999999999E-17
  vertex 2.5623800000000001 -0.074939999999999993 0.0030000000000000001
  vertex 2.8296900000000003 -0.074999999999999997 8.7002900000000001E-18
  endloop
 endfacet

 facet normal -1.57744e-19 0.9998 -0.0200028
  outer loop
  vertex 2.5623800000000001 -0.074939999999999993 0.0030000000000000001
  vertex 2.8085100000000001 -0.074939999999999993 0.0030000000000000001
  vertex 2.8296900000000003 -0.074999999999999997 8.7002900000000001E-18
  endloop
 endfacet

 facet normal -0.0889698 -0.139015 -0.986286
  outer loop
  vertex 2.5623800000000001 -0.074939999999999993 -0.0030000000000000001
  vertex 2.8132600000000001 -0.23549999999999999 -0.0030000000000000001
  vertex 2.5292199999999996 -0.074999999999999997 1.2254599999999999E-17
  endloop
 endfacet

 facet normal -0.0889696 -0.139015 -0.986286
  outer loop
  vertex 2.8132600000000001 -0.23549999999999999 -0.0030000000000000001
  vertex 2.7799999999999998 -0.23549999999999999 2.9062500000000004E-17
  vertex 2.5292199999999996 -0.074999999999999997 1.2254599999999999E-17
  endloop
 endfacet

 facet normal 0 0 -1
  outer loop
  vertex 2.5623800000000001 -0.074939999999999993 -0.0030000000000000001
  vertex 2.8085100000000001 -0.074939999999999993 -0.0030000000000000001
  vertex 2.8132600000000001 -0.23549999999999999 -0.0030000000000000001
  endloop
 endfacet

 facet normal 0 0 -1
  outer loop
  vertex 2.8132600000000001 -0.23549999999999999 -0.0030000000000000001
  vertex 2.8085100000000001 -0.074939999999999993 -0.0030000000000000001
  vertex 2.9088600000000002 -0.23549999999999999 -0.0030000000000000001
  endloop
 endfacet

 facet normal 0.139961 0.0874755 -0.986285
  outer loop
  vertex 2.9088600000000002 -0.23549999999999999 -0.0030000000000000001
  vertex 2.8085100000000001 -0.074939999999999993 -0.0030000000000000001
  vertex 2.9300000000000002 -0.23549999999999999 2.8840399999999999E-17
  endloop
 endfacet

 facet normal 0.13996 0.0874754 -0.986286
  outer loop
  vertex 2.8085100000000001 -0.074939999999999993 -0.0030000000000000001
  vertex 2.8296900000000003 -0.074999999999999997 8.7002900000000001E-18
  vertex 2.9300000000000002 -0.23549999999999999 2.8840399999999999E-17
  endloop
 endfacet

 facet normal 0 -1 0
  outer loop
  vertex 2.9088600000000002 -0.23549999999999999 -0.0030000000000000001
  vertex 2.9088600000000002 -0.23549999999999999 0.0030000000000000001
  vertex 2.8132600000000001 -0.23549999999999999 -0.0030000000000000001
  endloop
 endfacet

 facet normal 0 -1 0
  outer loop
  vertex 2.8132600000000001 -0.23549999999999999 -0.0030000000000000001
  vertex 2.9088600000000002 -0.23549999999999999 0.0030000000000000001
  vertex 2.8132600000000001 -0.23549999999999999 0.0030000000000000001
  endloop
 endfacet

 facet normal 0 -1 0
  outer loop
  vertex 2.8132600000000001 -0.23549999999999999 -0.0030000000000000001
  vertex 2.8132600000000001 -0.23549999999999999 0.0030000000000000001
  vertex 2.7799999999999998 -0.23549999999999999 2.9062500000000004E-17
  endloop
 endfacet

 facet normal 0 -1 0
  outer loop
  vertex 2.9088600000000002 -0.23549999999999999 0.0030000000000000001
  vertex 2.9088600000000002 -0.23549999999999999 -0.0030000000000000001
  vertex 2.9300000000000002 -0.23549999999999999 2.8840399999999999E-17
  endloop
 endfacet

 facet normal 0.139961 0.0874755 0.986285
  outer loop
  vertex 2.9088600000000002 -0.23549999999999999 0.0030000000000000001
  vertex 2.9300000000000002 -0.23549999999999999 2.8840399999999999E-17
  vertex 2.8085100000000001 -0.074939999999999993 0.0030000000000000001
  endloop
 endfacet

 facet normal 0.139961 0.0874754 0.986286
  outer loop
  vertex 2.8085100000000001 -0.074939999999999993 0.0030000000000000001
  vertex 2.9300000000000002 -0.23549999999999999 2.8840399999999999E-17
  vertex 2.8296900000000003 -0.074999999999999997 8.7002900000000001E-18
  endloop
 endfacet

 facet normal -0.0889698 -0.139015 0.986286
  outer loop
  vertex 2.5623800000000001 -0.074939999999999993 0.0030000000000000001
  vertex 2.5292199999999996 -0.074999999999999997 1.2254599999999999E-17
  vertex 2.8132600000000001 -0.23549999999999999 0.0030000000000000001
  endloop
 endfacet

 facet normal -0.0889696 -0.139015 0.986286
  outer loop
  vertex 2.8132600000000001 -0.23549999999999999 0.0030000000000000001
  vertex 2.5292199999999996 -0.074999999999999997 1.2254599999999999E-17
  vertex 2.7799999999999998 -0.23549999999999999 2.9062500000000004E-17
  endloop
 endfacet

 facet normal 0 0 1
  outer loop
  vertex 2.5623800000000001 -0.074939999999999993 0.0030000000000000001
  vertex 2.8132600000000001 -0.23549999999999999 0.0030000000000000001
  vertex 2.8085100000000001 -0.074939999999999993 0.0030000000000000001
  endloop
 endfacet

 facet normal 0 0 1
  outer loop
  vertex 2.8132600000000001 -0.23549999999999999 0.0030000000000000001
  vertex 2.9088600000000002 -0.23549999999999999 0.0030000000000000001
  vertex 2.8085100000000001 -0.074939999999999993 0.0030000000000000001
  endloop
 endfacet

 facet normal 0 -0.0200028 0.9998
  outer loop
  vertex 2.5623800000000001 0.0030000000000000001 -0.074939999999999993
  vertex 2.5292199999999996 -2.8858199999999999E-17 -0.074999999999999997
  vertex 2.8085100000000001 0.0030000000000000001 -0.074939999999999993
  endloop
 endfacet

 facet normal 7.88722e-20 -0.0200028 0.9998
  outer loop
  vertex 2.5292199999999996 -2.8858199999999999E-17 -0.074999999999999997
  vertex 2.8296900000000003 -2.53039E-17 -0.074999999999999997
  vertex 2.8085100000000001 0.0030000000000000001 -0.074939999999999993
  endloop
 endfacet

 facet normal -2.36617e-19 0.0200028 0.9998
  outer loop
  vertex 2.5292199999999996 -2.8858199999999999E-17 -0.074999999999999997
  vertex 2.5623800000000001 -0.0030000000000000001 -0.074939999999999993
  vertex 2.8296900000000003 -2.53039E-17 -0.074999999999999997
  endloop
 endfacet

 facet normal -1.57744e-19 0.0200028 0.9998
  outer loop
  vertex 2.5623800000000001 -0.0030000000000000001 -0.074939999999999993
  vertex 2.8085100000000001 -0.0030000000000000001 -0.074939999999999993
  vertex 2.8296900000000003 -2.53039E-17 -0.074999999999999997
  endloop
 endfacet

 facet normal -0.0889698 0.986286 -0.139015
  outer loop
  vertex 2.5623800000000001 0.0030000000000000001 -0.074939999999999993
  vertex 2.8132600000000001 0.0030000000000000001 -0.23549999999999999
  vertex 2.5292199999999996 -2.8858199999999999E-17 -0.074999999999999997
  endloop
 endfacet

 facet normal -0.0889696 0.986286 -0.139015
  outer loop
  vertex 2.8132600000000001 0.0030000000000000001 -0.23549999999999999
  vertex 2.7799999999999998 -5.5493899999999997E-17 -0.23549999999999999
  vertex 2.5292199999999996 -2.8858199999999999E-17 -0.074999999999999997
  endloop
 endfacet

 facet normal 0 1 0
  outer loop
  vertex 2.5623800000000001 0.0030000000000000001 -0.074939999999999993
  vertex 2.8085100000000001 0.0030000000000000001 -0.074939999999999993
  vertex 2.8132600000000001 0.0030000000000000001 -0.23549999999999999
  endloop
 endfacet

 facet normal 0 1 0
  outer loop
  vertex 2.8132600000000001 0.0030000000000000001 -0.23549999999999999
  vertex 2.8085100000000001 0.0030000000000000001 -0.074939999999999993
  vertex 2.9088600000000002 0.0030000000000000001 -0.23549999999999999
  endloop
 endfacet

 facet normal 0.139961 0.986285 0.0874755
  outer loop
  vertex 2.9088600000000002 0.0030000000000000001 -0.23549999999999999
  vertex 2.8085100000000001 0.0030000000000000001 -0.074939999999999993
  vertex 2.9300000000000002 -5.5271899999999999E-17 -0.23549999999999999
  endloop
 endfacet

 facet normal 0.13996 0.986286 0.0874754
  outer loop
  vertex 2.8085100000000001 0.0030000000000000001 -0.074939999999999993
  vertex 2.8296900000000003 -2.53039E-17 -0.074999999999999997
  vertex 2.9300000000000002 -5.5271899999999999E-17 -0.23549999999999999
  endloop
 endfacet

 facet normal 0 0 -1
  outer loop
  vertex 2.9088600000000002 0.0030000000000000001 -0.23549999999999999
  vertex 2.9088600000000002 -0.0030000000000000001 -0.23549999999999999
  vertex 2.8132600000000001 0.0030000000000000001 -0.23549999999999999
  endloop
 endfacet

 facet normal 0 0 -1
  outer loop
  vertex 2.8132600000000001 0.0030000000000000001 -0.23549999999999999
  vertex 2.9088600000000002 -0.0030000000000000001 -0.23549999999999999
  vertex 2.8132600000000001 -0.0030000000000000001 -0.23549999999999999
  endloop
 endfacet

 facet normal 0 0 -1
  outer loop
  vertex 2.8132600000000001 0.0030000000000000001 -0.23549999999999999
  vertex 2.8132600000000001 -0.0030000000000000001 -0.23549999999999999
  vertex 2.7799999999999998 -5.5493899999999997E-17 -0.23549999999999999
  endloop
 endfacet

 facet normal 0 0 -1
  outer loop
  vertex 2.9088600000000002 -0.0030000000000000001 -0.23549999999999999
  vertex 2.9088600000000002 0.0030000000000000001 -0.23549999999999999
  vertex 2.9300000000000002 -5.5271899999999999E-17 -0.23549999999999999
  endloop
 endfacet

 facet normal 0.139961 -0.986285 0.0874755
  outer loop
  vertex 2.9088600000000002 -0.0030000000000000001 -0.23549999999999999
  vertex 2.9300000000000002 -5.5271899999999999E-17 -0.23549999999999999
  vertex 2.8085100000000001 -0.0030000000000000001 -0.074939999999999993
  endloop
 endfacet

 facet normal 0.139961 -0.986286 0.0874754
  outer loop
  vertex 2.8085100000000001 -0.0030000000000000001 -0.074939999999999993
  vertex 2.9300000000000002 -5.5271899999999999E-17 -0.23549999999999999
  vertex 2.8296900000000003 -2.53039E-17 -0.074999999999999997
  endloop
 endfacet

 facet normal -0.0889698 -0.986286 -0.139015
  outer loop
  vertex 2.5623800000000001 -0.0030000000000000001 -0.074939999999999993
  vertex 2.5292199999999996 -2.8858199999999999E-17 -0.074999999999999997
  vertex 2.8132600000000001 -0.0030000000000000001 -0.23549999999999999
  endloop
 endfacet

 facet normal -0.0889696 -0.986286 -0.139015
  outer loop
  vertex 2.8132600000000001 -0.0030000000000000001 -0.23549999999999999
  vertex 2.5292199999999996 -2.8858199999999999E-17 -0.074999999999999997
  vertex 2.7799999999999998 -5.5493899999999997E-17 -0.23549999999999999
  endloop
 endfacet

 facet normal 0 -1 0
  outer loop
  vertex 2.5623800000000001 -0.0030000000000000001 -0.074939999999999993
  vertex 2.8132600000000001 -0.0030000000000000001 -0.23549999999999999
  vertex 2.8085100000000001 -0.0030000000000000001 -0.074939999999999993
  endloop
 endfacet

 facet normal 0 -1 0
  outer loop
  vertex 2.8132600000000001 -0.0030000000000000001 -0.23549999999999999
  vertex 2.9088600000000002 -0.0030000000000000001 -0.23549999999999999
  vertex 2.8085100000000001 -0.0030000000000000001 -0.074939999999999993
  endloop
 endfacet

endsolid fins

solid boattail
 facet normal 0.162233 -0.542969 0.823933
  outer loop
  vertex 2.9550000000000001 -0.0263684 0.048267000000000004
  vertex 2.8300000000000001 -0.045257599999999995 0.060431800000000001
  vertex 2.9550000000000001 -0.033953299999999999 0.043268599999999997
  endloop
 endfacet

 facet normal 0.161436 -0.533716 0.830111
  outer loop
  vertex 2.9550000000000001 -0.0263684 0.048267000000000004
  vertex 2.8300000000000001 -0.036196599999999995 0.066257499999999997
  vertex 2.8300000000000001 -0.045257599999999995 0.060431800000000001
  endloop
 endfacet

 facet normal 0.161436 0.410147 -0.897618
  outer loop
  vertex 2.9550000000000001 0.0263684 -0.048267000000000004
  vertex 2.8300000000000001 0.0263988 -0.070734399999999989
  vertex 2.8300000000000001 0.036196599999999995 -0.066257499999999997
  endloop
 endfacet

 facet normal 0.162233 0.399948 -0.902065
  outer loop
  vertex 2.9550000000000001 0.0263684 -0.048267000000000004
  vertex 2.9550000000000001 0.018064299999999998 -0.051948799999999996
  vertex 2.8300000000000001 0.0263988 -0.070734399999999989
  endloop
 endfacet

 facet normal 0.160863 0.278253 -0.946941
  outer loop
  vertex 2.9550000000000001 0.018064299999999998 -0.051948799999999996
  vertex 2.8300000000000001 0.016063500000000001 -0.073771400000000001
  vertex 2.8300000000000001 0.0263988 -0.070734399999999989
  endloop
 endfacet

 facet normal 0.160505 0.140667 -0.97696
  outer loop
  vertex 2.9550000000000001 0.0092674100000000002 -0.054213600000000001
  vertex 2.8300000000000001 0.0054012599999999997 -0.075306499999999998
  vertex 2.8300000000000001 0.016063500000000001 -0.073771400000000001
  endloop
 endfacet

 facet normal 0.162872 0.245993 -0.95549
  outer loop
  vertex 2.9550000000000001 0.0092674100000000002 -0.054213600000000001
  vertex 2.8300000000000001 0.016063500000000001 -0.073771400000000001
  vertex 2.9550000000000001 0.018064299999999998 -0.051948799999999996
  endloop
 endfacet

 facet normal 0.160362 0.000198472 -0.987058
  outer loop
  vertex 2.9550000000000001 0.00021774699999999999 -0.054999600000000003
  vertex 2.8300000000000001 -0.0053709600000000001 -0.075308700000000006
  vertex 2.8300000000000001 0.0054012599999999997 -0.075306499999999998
  endloop
 endfacet

 facet normal 0.163216 0.0853638 -0.98289
  outer loop
  vertex 2.9550000000000001 0.00021774699999999999 -0.054999600000000003
  vertex 2.8300000000000001 0.0054012599999999997 -0.075306499999999998
  vertex 2.9550000000000001 0.0092674100000000002 -0.054213600000000001
  endloop
 endfacet

 facet normal 0.160433 -0.140275 -0.977028
  outer loop
  vertex 2.9550000000000001 -0.0088378499999999995 -0.054285300000000002
  vertex 2.8300000000000001 -0.016033800000000001 -0.073777800000000004
  vertex 2.8300000000000001 -0.0053709600000000001 -0.075308700000000006
  endloop
 endfacet

 facet normal 0.163265 -0.0775781 -0.983527
  outer loop
  vertex 2.9550000000000001 -0.0088378499999999995 -0.054285300000000002
  vertex 2.8300000000000001 -0.0053709600000000001 -0.075308700000000006
  vertex 2.9550000000000001 0.00021774699999999999 -0.054999600000000003
  endloop
 endfacet

 facet normal 0.16072 -0.27788 -0.947076
  outer loop
  vertex 2.9550000000000001 -0.017652399999999999 -0.052090200000000003
  vertex 2.8300000000000001 -0.026370299999999999 -0.070745000000000002
  vertex 2.8300000000000001 -0.016033800000000001 -0.073777800000000004
  endloop
 endfacet

 facet normal 0.16302 -0.238413 -0.957384
  outer loop
  vertex 2.9550000000000001 -0.017652399999999999 -0.052090200000000003
  vertex 2.8300000000000001 -0.016033800000000001 -0.073777800000000004
  vertex 2.9550000000000001 -0.0088378499999999995 -0.054285300000000002
  endloop
 endfacet

 facet normal 0.161222 -0.4098 -0.897815
  outer loop
  vertex 2.9550000000000001 -0.025985399999999999 -0.048474299999999998
  vertex 2.8300000000000001 -0.036170000000000001 -0.066272000000000011
  vertex 2.8300000000000001 -0.026370299999999999 -0.070745000000000002
  endloop
 endfacet

 facet normal 0.162479 -0.392777 -0.905167
  outer loop
  vertex 2.9550000000000001 -0.025985399999999999 -0.048474299999999998
  vertex 2.8300000000000001 -0.026370299999999999 -0.070745000000000002
  vertex 2.9550000000000001 -0.017652399999999999 -0.052090200000000003
  endloop
 endfacet

 facet normal 0.161031 -0.646164 -0.746017
  outer loop
  vertex 2.9550000000000001 -0.033609600000000003 -0.043536099999999994
  vertex 2.8300000000000001 -0.053375800000000001 -0.053397300000000002
  vertex 2.8300000000000001 -0.045233299999999997 -0.060450000000000004
  endloop
 endfacet

 facet normal 0.161955 -0.536452 -0.828245
  outer loop
  vertex 2.9550000000000001 -0.033609600000000003 -0.043536099999999994
  vertex 2.8300000000000001 -0.045233299999999997 -0.060450000000000004
  vertex 2.9550000000000001 -0.025985399999999999 -0.048474299999999998
  endloop
 endfacet

 facet normal 0.161675 -0.533361 -0.830293
  outer loop
  vertex 2.9550000000000001 -0.025985399999999999 -0.048474299999999998
  vertex 2.8300000000000001 -0.045233299999999997 -0.060450000000000004
  vertex 2.8300000000000001 -0.036170000000000001 -0.066272000000000011
  endloop
 endfacet

 facet normal 0.160601 -0.74581 -0.64651
  outer loop
  vertex 2.9550000000000001 -0.040316999999999999 -0.037410400000000003
  vertex 2.8300000000000001 -0.060431800000000001 -0.045257599999999995
  vertex 2.8300000000000001 -0.053375800000000001 -0.053397300000000002
  endloop
 endfacet

 facet normal 0.162692 -0.665379 -0.728562
  outer loop
  vertex 2.9550000000000001 -0.040316999999999999 -0.037410400000000003
  vertex 2.8300000000000001 -0.053375800000000001 -0.053397300000000002
  vertex 2.9550000000000001 -0.033609600000000003 -0.043536099999999994
  endloop
 endfacet

 facet normal 0.160386 -0.830256 -0.533809
  outer loop
  vertex 2.9550000000000001 -0.045924699999999999 -0.030264199999999998
  vertex 2.8300000000000001 -0.066257499999999997 -0.036196599999999995
  vertex 2.8300000000000001 -0.060431800000000001 -0.045257599999999995
  endloop
 endfacet

 facet normal 0.163134 -0.776164 -0.609062
  outer loop
  vertex 2.9550000000000001 -0.045924699999999999 -0.030264199999999998
  vertex 2.8300000000000001 -0.060431800000000001 -0.045257599999999995
  vertex 2.9550000000000001 -0.040316999999999999 -0.037410400000000003
  endloop
 endfacet

 facet normal 0.160386 -0.897774 -0.410218
  outer loop
  vertex 2.9550000000000001 -0.050279699999999997 -0.0222925
  vertex 2.8300000000000001 -0.070734399999999989 -0.0263988
  vertex 2.8300000000000001 -0.066257499999999997 -0.036196599999999995
  endloop
 endfacet

 facet normal 0.163282 -0.865805 -0.472992
  outer loop
  vertex 2.9550000000000001 -0.050279699999999997 -0.0222925
  vertex 2.8300000000000001 -0.066257499999999997 -0.036196599999999995
  vertex 2.9550000000000001 -0.045924699999999999 -0.030264199999999998
  endloop
 endfacet

 facet normal 0.160601 -0.946982 -0.278266
  outer loop
  vertex 2.9550000000000001 -0.053263100000000001 -0.0137127
  vertex 2.8300000000000001 -0.073771400000000001 -0.016063500000000001
  vertex 2.8300000000000001 -0.070734399999999989 -0.0263988
  endloop
 endfacet

 facet normal 0.163134 -0.931871 -0.324041
  outer loop
  vertex 2.9550000000000001 -0.053263100000000001 -0.0137127
  vertex 2.8300000000000001 -0.070734399999999989 -0.0263988
  vertex 2.9550000000000001 -0.050279699999999997 -0.0222925
  endloop
 endfacet

 facet normal 0.161031 -0.976875 -0.140654
  outer loop
  vertex 2.9550000000000001 -0.054793700000000001 -0.0047588299999999995
  vertex 2.8300000000000001 -0.075306499999999998 -0.0054012599999999997
  vertex 2.8300000000000001 -0.073771400000000001 -0.016063500000000001
  endloop
 endfacet

 facet normal 0.162692 -0.972569 -0.166254
  outer loop
  vertex 2.9550000000000001 -0.054793700000000001 -0.0047588299999999995
  vertex 2.8300000000000001 -0.073771400000000001 -0.016063500000000001
  vertex 2.9550000000000001 -0.053263100000000001 -0.0137127
  endloop
 endfacet

 facet normal 0.161222 -0.976901 0.140256
  outer loop
  vertex 2.9550000000000001 -0.054829700000000002 0.0043248200000000001
  vertex 2.8300000000000001 -0.073777800000000004 0.016033800000000001
  vertex 2.8300000000000001 -0.075308700000000006 0.0053709600000000001
  endloop
 endfacet

 facet normal 0.161644 -0.986841 -0.00390721
  outer loop
  vertex 2.9550000000000001 -0.054829700000000002 0.0043248200000000001
  vertex 2.8300000000000001 -0.075308700000000006 0.0053709600000000001
  vertex 2.9550000000000001 -0.054793700000000001 -0.0047588299999999995
  endloop
 endfacet

 facet normal 0.161938 -0.986801 -0.00019842
  outer loop
  vertex 2.9550000000000001 -0.054793700000000001 -0.0047588299999999995
  vertex 2.8300000000000001 -0.075308700000000006 0.0053709600000000001
  vertex 2.8300000000000001 -0.075306499999999998 -0.0054012599999999997
  endloop
 endfacet

 facet normal 0.16072 -0.947076 0.27788
  outer loop
  vertex 2.9550000000000001 -0.053370100000000004 0.0132905
  vertex 2.8300000000000001 -0.070745000000000002 0.026370299999999999
  vertex 2.8300000000000001 -0.073777800000000004 0.016033800000000001
  endloop
 endfacet

 facet normal 0.162479 -0.97389 0.158553
  outer loop
  vertex 2.9550000000000001 -0.053370100000000004 0.0132905
  vertex 2.8300000000000001 -0.073777800000000004 0.016033800000000001
  vertex 2.9550000000000001 -0.054829700000000002 0.0043248200000000001
  endloop
 endfacet

 facet normal 0.160433 -0.897932 0.409853
  outer loop
  vertex 2.9550000000000001 -0.050454600000000002 0.021893699999999999
  vertex 2.8300000000000001 -0.066272000000000011 0.036170000000000001
  vertex 2.8300000000000001 -0.070745000000000002 0.026370299999999999
  endloop
 endfacet

 facet normal 0.16302 -0.934426 0.316659
  outer loop
  vertex 2.9550000000000001 -0.050454600000000002 0.021893699999999999
  vertex 2.8300000000000001 -0.070745000000000002 0.026370299999999999
  vertex 2.9550000000000001 -0.053370100000000004 0.0132905
  endloop
 endfacet

 facet normal 0.160362 -0.830474 0.533477
  outer loop
  vertex 2.9550000000000001 -0.0461629 0.029899599999999998
  vertex 2.8300000000000001 -0.060450000000000004 0.045233299999999997
  vertex 2.8300000000000001 -0.066272000000000011 0.036170000000000001
  endloop
 endfacet

 facet normal 0.163265 -0.869525 0.466122
  outer loop
  vertex 2.9550000000000001 -0.0461629 0.029899599999999998
  vertex 2.8300000000000001 -0.066272000000000011 0.036170000000000001
  vertex 2.9550000000000001 -0.050454600000000002 0.021893699999999999
  endloop
 endfacet

 facet normal 0.160505 -0.746081 0.64622
  outer loop
  vertex 2.9550000000000001 -0.040612000000000002 0.037090000000000005
  vertex 2.8300000000000001 -0.053397300000000002 0.053375800000000001
  vertex 2.8300000000000001 -0.060450000000000004 0.045233299999999997
  endloop
 endfacet

 facet normal 0.163216 -0.780951 0.602889
  outer loop
  vertex 2.9550000000000001 -0.040612000000000002 0.037090000000000005
  vertex 2.8300000000000001 -0.060450000000000004 0.045233299999999997
  vertex 2.9550000000000001 -0.0461629 0.029899599999999998
  endloop
 endfacet

 facet normal 0.160863 -0.646482 0.745777
  outer loop
  vertex 2.9550000000000001 -0.033953299999999999 0.043268599999999997
  vertex 2.8300000000000001 -0.045257599999999995 0.060431800000000001
  vertex 2.8300000000000001 -0.053397300000000002 0.053375800000000001
  endloop
 endfacet

 facet normal 0.162872 -0.671107 0.723249
  outer loop
  vertex 2.9550000000000001 -0.033953299999999999 0.043268599999999997
  vertex 2.8300000000000001 -0.053397300000000002 0.053375800000000001
  vertex 2.9550000000000001 -0.040612000000000002 0.037090000000000005
  endloop
 endfacet

 facet normal 0.162233 0.542969 -0.823933
  outer loop
  vertex 2.9550000000000001 0.0263684 -0.048267000000000004
  vertex 2.8300000000000001 0.045257599999999995 -0.060431800000000001
  vertex 2.9550000000000001 0.033953299999999999 -0.043268599999999997
  endloop
 endfacet

 facet normal 0.161436 0.533716 -0.830111
  outer loop
  vertex 2.9550000000000001 0.0263684 -0.048267000000000004
  vertex 2.8300000000000001 0.036196599999999995 -0.066257499999999997
  vertex 2.8300000000000001 0.045257599999999995 -0.060431800000000001
  endloop
 endfacet

 facet normal 0.161436 -0.410147 0.897618
  outer loop
  vertex 2.9550000000000001 -0.0263684 0.048267000000000004
  vertex 2.8300000000000001 -0.0263988 0.070734399999999989
  vertex 2.8300000000000001 -0.036196599999999995 0.066257499999999997
  endloop
 endfacet

 facet normal 0.162233 -0.399948 0.902065
  outer loop
  vertex 2.9550000000000001 -0.0263684 0.048267000000000004
  vertex 2.9550000000000001 -0.018064299999999998 0.051948799999999996
  vertex 2.8300000000000001 -0.0263988 0.070734399999999989
  endloop
 endfacet

 facet normal 0.160863 -0.278253 0.946941
  outer loop
  vertex 2.9550000000000001 -0.018064299999999998 0.051948799999999996
  vertex 2.8300000000000001 -0.016063500000000001 0.073771400000000001
  vertex 2.8300000000000001 -0.0263988 0.070734399999999989
  endloop
 endfacet

 facet normal 0.160505 -0.140667 0.97696
  outer loop
  vertex 2.9550000000000001 -0.0092674100000000002 0.054213600000000001
  vertex 2.8300000000000001 -0.0054012599999999997 0.075306499999999998
  vertex 2.8300000000000001 -0.016063500000000001 0.073771400000000001
  endloop
 endfacet

 facet normal 0.162872 -0.245993 0.95549
  outer loop
  vertex 2.9550000000000001 -0.0092674100000000002 0.054213600000000001
  vertex 2.8300000000000001 -0.016063500000000001 0.073771400000000001
  vertex 2.9550000000000001 -0.018064299999999998 0.051948799999999996
  endloop
 endfacet

 facet normal 0.160362 -0.000198472 0.987058
  outer loop
  vertex 2.9550000000000001 -0.00021774699999999999 0.054999600000000003
  vertex 2.8300000000000001 0.0053709600000000001 0.075308700000000006
  vertex 2.8300000000000001 -0.0054012599999999997 0.075306499999999998
  endloop
 endfacet

 facet normal 0.163216 -0.0853638 0.98289
  outer loop
  vertex 2.9550000000000001 -0.00021774699999999999 0.054999600000000003
  vertex 2.8300000000000001 -0.0054012599999999997 0.075306499999999998
  vertex 2.9550000000000001 -0.0092674100000000002 0.054213600000000001
  endloop
 endfacet

 facet normal 0.160433 0.140275 0.977028
  outer loop
  vertex 2.9550000000000001 0.0088378499999999995 0.054285300000000002
  vertex 2.8300000000000001 0.016033800000000001 0.073777800000000004
  vertex 2.8300000000000001 0.0053709600000000001 0.075308700000000006
  endloop
 endfacet

 facet normal 0.163265 0.0775781 0.983527
  outer loop
  vertex 2.9550000000000001 0.0088378499999999995 0.054285300000000002
  vertex 2.8300000000000001 0.0053709600000000001 0.075308700000000006
  vertex 2.9550000000000001 -0.00021774699999999999 0.054999600000000003
  endloop
 endfacet

 facet normal 0.16072 0.27788 0.947076
  outer loop
  vertex 2.9550000000000001 0.017652399999999999 0.052090200000000003
  vertex 2.8300000000000001 0.026370299999999999 0.070745000000000002
  vertex 2.8300000000000001 0.016033800000000001 0.073777800000000004
  endloop
 endfacet

 facet normal 0.16302 0.238413 0.957384
  outer loop
  vertex 2.9550000000000001 0.017652399999999999 0.052090200000000003
  vertex 2.8300000000000001 0.016033800000000001 0.073777800000000004
  vertex 2.9550000000000001 0.0088378499999999995 0.054285300000000002
  endloop
 endfacet

 facet normal 0.161222 0.4098 0.897815
  outer loop
  vertex 2.9550000000000001 0.025985399999999999 0.048474299999999998
  vertex 2.8300000000000001 0.036170000000000001 0.066272000000000011
  vertex 2.8300000000000001 0.026370299999999999 0.070745000000000002
  endloop
 endfacet

 facet normal 0.162479 0.392777 0.905167
  outer loop
  vertex 2.9550000000000001 0.025985399999999999 0.048474299999999998
  vertex 2.8300000000000001 0.026370299999999999 0.070745000000000002
  vertex 2.9550000000000001 0.017652399999999999 0.052090200000000003
  endloop
 endfacet

 facet normal 0.161031 0.646164 0.746017
  outer loop
  vertex 2.9550000000000001 0.033609600000000003 0.043536099999999994
  vertex 2.8300000000000001 0.053375800000000001 0.053397300000000002
  vertex 2.8300000000000001 0.045233299999999997 0.060450000000000004
  endloop
 endfacet

 facet normal 0.161955 0.536452 0.828245
  outer loop
  vertex 2.9550000000000001 0.033609600000000003 0.043536099999999994
  vertex 2.8300000000000001 0.045233299999999997 0.060450000000000004
  vertex 2.9550000000000001 0.025985399999999999 0.048474299999999998
  endloop
 endfacet

 facet normal 0.161675 0.533361 0.830293
  outer loop
  vertex 2.9550000000000001 0.025985399999999999 0.048474299999999998
  vertex 2.8300000000000001 0.045233299999999997 0.060450000000000004
  vertex 2.8300000000000001 0.036170000000000001 0.066272000000000011
  endloop
 endfacet

 facet normal 0.160601 0.74581 0.64651
  outer loop
  vertex 2.9550000000000001 0.040316999999999999 0.037410400000000003
  vertex 2.8300000000000001 0.060431800000000001 0.045257599999999995
  vertex 2.8300000000000001 0.053375800000000001 0.053397300000000002
  endloop
 endfacet

 facet normal 0.162692 0.665379 0.728562
  outer loop
  vertex 2.9550000000000001 0.040316999999999999 0.037410400000000003
  vertex 2.8300000000000001 0.053375800000000001 0.053397300000000002
  vertex 2.9550000000000001 0.033609600000000003 0.043536099999999994
  endloop
 endfacet

 facet normal 0.160386 0.830256 0.533809
  outer loop
  vertex 2.9550000000000001 0.045924699999999999 0.030264199999999998
  vertex 2.8300000000000001 0.066257499999999997 0.036196599999999995
  vertex 2.8300000000000001 0.060431800000000001 0.045257599999999995
  endloop
 endfacet

 facet normal 0.163134 0.776164 0.609062
  outer loop
  vertex 2.9550000000000001 0.045924699999999999 0.030264199999999998
  vertex 2.8300000000000001 0.060431800000000001 0.045257599999999995
  vertex 2.9550000000000001 0.040316999999999999 0.037410400000000003
  endloop
 endfacet

 facet normal 0.160386 0.897774 0.410218
  outer loop
  vertex 2.9550000000000001 0.050279699999999997 0.0222925
  vertex 2.8300000000000001 0.070734399999999989 0.0263988
  vertex 2.8300000000000001 0.066257499999999997 0.036196599999999995
  endloop
 endfacet

 facet normal 0.163282 0.865805 0.472992
  outer loop
  vertex 2.9550000000000001 0.050279699999999997 0.0222925
  vertex 2.8300000000000001 0.066257499999999997 0.036196599999999995
  vertex 2.9550000000000001 0.045924699999999999 0.030264199999999998
  endloop
 endfacet

 facet normal 0.160601 0.946982 0.278266
  outer loop
  vertex 2.9550000000000001 0.053263100000000001 0.0137127
  vertex 2.8300000000000001 0.073771400000000001 0.016063500000000001
  vertex 2.8300000000000001 0.070734399999999989 0.0263988
  endloop
 endfacet

 facet normal 0.163134 0.931871 0.324041
  outer loop
  vertex 2.9550000000000001 0.053263100000000001 0.0137127
  vertex 2.8300000000000001 0.070734399999999989 0.0263988
  vertex 2.9550000000000001 0.050279699999999997 0.0222925
  endloop
 endfacet

 facet normal 0.161031 0.976875 0.140654
  outer loop
  vertex 2.9550000000000001 0.054793700000000001 0.0047588299999999995
  vertex 2.8300000000000001 0.075306499999999998 0.0054012599999999997
  vertex 2.8300000000000001 0.073771400000000001 0.016063500000000001
  endloop
 endfacet

 facet normal 0.162692 0.972569 0.166254
  outer loop
  vertex 2.9550000000000001 0.054793700000000001 0.0047588299999999995
  vertex 2.8300000000000001 0.073771400000000001 0.016063500000000001
  vertex 2.9550000000000001 0.053263100000000001 0.0137127
  endloop
 endfacet

 facet normal 0.161222 0.976901 -0.140256
  outer loop
  vertex 2.9550000000000001 0.054829700000000002 -0.0043248200000000001
  vertex 2.8300000000000001 0.073777800000000004 -0.016033800000000001
  vertex 2.8300000000000001 0.075308700000000006 -0.0053709600000000001
  endloop
 endfacet

 facet normal 0.161644 0.986841 0.00390721
  outer loop
  vertex 2.9550000000000001 0.054829700000000002 -0.0043248200000000001
  vertex 2.8300000000000001 0.075308700000000006 -0.0053709600000000001
  vertex 2.9550000000000001 0.054793700000000001 0.0047588299999999995
  endloop
 endfacet

 facet normal 0.161938 0.986801 0.00019842
  outer loop
  vertex 2.9550000000000001 0.054793700000000001 0.0047588299999999995
  vertex 2.8300000000000001 0.075308700000000006 -0.0053709600000000001
  vertex 2.8300000000000001 0.075306499999999998 0.0054012599999999997
  endloop
 endfacet

 facet normal 0.16072 0.947076 -0.27788
  outer loop
  vertex 2.9550000000000001 0.053370100000000004 -0.0132905
  vertex 2.8300000000000001 0.070745000000000002 -0.026370299999999999
  vertex 2.8300000000000001 0.073777800000000004 -0.016033800000000001
  endloop
 endfacet

 facet normal 0.162479 0.97389 -0.158553
  outer loop
  vertex 2.9550000000000001 0.053370100000000004 -0.0132905
  vertex 2.8300000000000001 0.073777800000000004 -0.016033800000000001
  vertex 2.9550000000000001 0.054829700000000002 -0.0043248200000000001
  endloop
 endfacet

 facet normal 0.160433 0.897932 -0.409853
  outer loop
  vertex 2.9550000000000001 0.050454600000000002 -0.021893699999999999
  vertex 2.8300000000000001 0.066272000000000011 -0.036170000000000001
  vertex 2.8300000000000001 0.070745000000000002 -0.026370299999999999
  endloop
 endfacet

 facet normal 0.16302 0.934426 -0.316659
  outer loop
  vertex 2.9550000000000001 0.050454600000000002 -0.021893699999999999
  vertex 2.8300000000000001 0.070745000000000002 -0.026370299999999999
  vertex 2.9550000000000001 0.053370100000000004 -0.0132905
  endloop
 endfacet

 facet normal 0.160362 0.830474 -0.533477
  outer loop
  vertex 2.9550000000000001 0.0461629 -0.029899599999999998
  vertex 2.8300000000000001 0.060450000000000004 -0.045233299999999997
  vertex 2.8300000000000001 0.066272000000000011 -0.036170000000000001
  endloop
 endfacet

 facet normal 0.163265 0.869525 -0.466122
  outer loop
  vertex 2.9550000000000001 0.0461629 -0.029899599999999998
  vertex 2.8300000000000001 0.066272000000000011 -0.036170000000000001
  vertex 2.9550000000000001 0.050454600000000002 -0.021893699999999999
  endloop
 endfacet

 facet normal 0.160505 0.746081 -0.64622
  outer loop
  vertex 2.9550000000000001 0.040612000000000002 -0.037090000000000005
  vertex 2.8300000000000001 0.053397300000000002 -0.053375800000000001
  vertex 2.8300000000000001 0.060450000000000004 -0.045233299999999997
  endloop
 endfacet

 facet normal 0.163216 0.780951 -0.602889
  outer loop
  vertex 2.9550000000000001 0.040612000000000002 -0.037090000000000005
  vertex 2.8300000000000001 0.060450000000000004 -0.045233299999999997
  vertex 2.9550000000000001 0.0461629 -0.029899599999999998
  endloop
 endfacet

 facet normal 0.160863 0.646482 -0.745777
  outer loop
  vertex 2.9550000000000001 0.033953299999999999 -0.043268599999999997
  vertex 2.8300000000000001 0.045257599999999995 -0.060431800000000001
  vertex 2.8300000000000001 0.053397300000000002 -0.053375800000000001
  endloop
 endfacet

 facet normal 0.162872 0.671107 -0.723249
  outer loop
  vertex 2.9550000000000001 0.033953299999999999 -0.043268599999999997
  vertex 2.8300000000000001 0.053397300000000002 -0.053375800000000001
  vertex 2.9550000000000001 0.040612000000000002 -0.037090000000000005
  endloop
 endfacet

 facet normal 1 0 0
  outer loop
  vertex 2.9550000000000001 -0.0088378499999999995 -0.054285300000000002
  vertex 2.9550000000000001 0.0092674100000000002 -0.054213600000000001
  vertex 2.9550000000000001 -0.017652399999999999 -0.052090200000000003
  endloop
 endfacet

 facet normal 1 0 0
  outer loop
  vertex 2.9550000000000001 -0.017652399999999999 -0.052090200000000003
  vertex 2.9550000000000001 0.0092674100000000002 -0.054213600000000001
  vertex 2.9550000000000001 0.018064299999999998 -0.051948799999999996
  endloop
 endfacet

 facet normal 1 0 0
  outer loop
  vertex 2.9550000000000001 -0.017652399999999999 -0.052090200000000003
  vertex 2.9550000000000001 0.018064299999999998 -0.051948799999999996
  vertex 2.9550000000000001 -0.025985399999999999 -0.048474299999999998
  endloop
 endfacet

 facet normal 1 0 0
  outer loop
  vertex 2.9550000000000001 -0.025985399999999999 -0.048474299999999998
  vertex 2.9550000000000001 0.018064299999999998 -0.051948799999999996
  vertex 2.9550000000000001 0.0263684 -0.048267000000000004
  endloop
 endfacet

 facet normal 1 0 0
  outer loop
  vertex 2.9550000000000001 -0.025985399999999999 -0.048474299999999998
  vertex 2.9550000000000001 0.0263684 -0.048267000000000004
  vertex 2.9550000000000001 -0.033609600000000003 -0.043536099999999994
  endloop
 endfacet

 facet normal 1 0 0
  outer loop
  vertex 2.9550000000000001 -0.033609600000000003 -0.043536099999999994
  vertex 2.9550000000000001 0.0263684 -0.048267000000000004
  vertex 2.9550000000000001 0.033953299999999999 -0.043268599999999997
  endloop
 endfacet

 facet normal 1 0 0
  outer loop
  vertex 2.9550000000000001 -0.033609600000000003 -0.043536099999999994
  vertex 2.9550000000000001 0.033953299999999999 -0.043268599999999997
  vertex 2.9550000000000001 -0.040316999999999999 -0.037410400000000003
  endloop
 endfacet

 facet normal 1 0 0
  outer loop
  vertex 2.9550000000000001 -0.040316999999999999 -0.037410400000000003
  vertex 2.9550000000000001 0.033953299999999999 -0.043268599999999997
  vertex 2.9550000000000001 0.040612000000000002 -0.037090000000000005
  endloop
 endfacet

 facet normal 1 0 0
  outer loop
  vertex 2.9550000000000001 -0.040316999999999999 -0.037410400000000003
  vertex 2.9550000000000001 0.040612000000000002 -0.037090000000000005
  vertex 2.9550000000000001 -0.045924699999999999 -0.030264199999999998
  endloop
 endfacet

 facet normal 1 0 0
  outer loop
  vertex 2.9550000000000001 -0.045924699999999999 -0.030264199999999998
  vertex 2.9550000000000001 0.040612000000000002 -0.037090000000000005
  vertex 2.9550000000000001 0.0461629 -0.029899599999999998
  endloop
 endfacet

 facet normal 1 0 0
  outer loop
  vertex 2.9550000000000001 -0.045924699999999999 -0.030264199999999998
  vertex 2.9550000000000001 0.0461629 -0.029899599999999998
  vertex 2.9550000000000001 -0.050279699999999997 -0.0222925
  endloop
 endfacet

 facet normal 1 0 0
  outer loop
  vertex 2.9550000000000001 -0.050279699999999997 -0.0222925
  vertex 2.9550000000000001 0.0461629 -0.029899599999999998
  vertex 2.9550000000000001 0.050454600000000002 -0.021893699999999999
  endloop
 endfacet

 facet normal 1 0 0
  outer loop
  vertex 2.9550000000000001 -0.050279699999999997 -0.0222925
  vertex 2.9550000000000001 0.050454600000000002 -0.021893699999999999
  vertex 2.9550000000000001 -0.053263100000000001 -0.0137127
  endloop
 endfacet

 facet normal 1 0 0
  outer loop
  vertex 2.9550000000000001 -0.053263100000000001 -0.0137127
  vertex 2.9550000000000001 0.050454600000000002 -0.021893699999999999
  vertex 2.9550000000000001 0.053370100000000004 -0.0132905
  endloop
 endfacet

 facet normal 1 0 0
  outer loop
  vertex 2.9550000000000001 -0.053263100000000001 -0.0137127
  vertex 2.9550000000000001 0.053370100000000004 -0.0132905
  vertex 2.9550000000000001 -0.054793700000000001 -0.0047588299999999995
  endloop
 endfacet

 facet normal 1 0 0
  outer loop
  vertex 2.9550000000000001 -0.054793700000000001 -0.0047588299999999995
  vertex 2.9550000000000001 0.053370100000000004 -0.0132905
  vertex 2.9550000000000001 0.054829700000000002 -0.0043248200000000001
  endloop
 endfacet

 facet normal 1 0 0
  outer loop
  vertex 2.9550000000000001 -0.054793700000000001 -0.0047588299999999995
  vertex 2.9550000000000001 0.054829700000000002 -0.0043248200000000001
  vertex 2.9550000000000001 -0.054829700000000002 0.0043248200000000001
  endloop
 endfacet

 facet normal 1 0 0
  outer loop
  vertex 2.9550000000000001 -0.054829700000000002 0.0043248200000000001
  vertex 2.9550000000000001 0.054829700000000002 -0.0043248200000000001
  vertex 2.9550000000000001 0.054793700000000001 0.0047588299999999995
  endloop
 endfacet

 facet normal 1 0 0
  outer loop
  vertex 2.9550000000000001 -0.054829700000000002 0.0043248200000000001
  vertex 2.9550000000000001 0.054793700000000001 0.0047588299999999995
  vertex 2.9550000000000001 -0.053370100000000004 0.0132905
  endloop
 endfacet

 facet normal 1 0 0
  outer loop
  vertex 2.9550000000000001 -0.053370100000000004 0.0132905
  vertex 2.9550000000000001 0.054793700000000001 0.0047588299999999995
  vertex 2.9550000000000001 0.053263100000000001 0.0137127
  endloop
 endfacet

 facet normal 1 0 0
  outer loop
  vertex 2.9550000000000001 -0.053370100000000004 0.0132905
  vertex 2.9550000000000001 0.053263100000000001 0.0137127
  vertex 2.9550000000000001 -0.050454600000000002 0.021893699999999999
  endloop
 endfacet

 facet normal 1 0 0
  outer loop
  vertex 2.9550000000000001 -0.050454600000000002 0.021893699999999999
  vertex 2.9550000000000001 0.053263100000000001 0.0137127
  vertex 2.9550000000000001 0.050279699999999997 0.0222925
  endloop
 endfacet

 facet normal 1 0 0
  outer loop
  vertex 2.9550000000000001 -0.050454600000000002 0.021893699999999999
  vertex 2.9550000000000001 0.050279699999999997 0.0222925
  vertex 2.9550000000000001 -0.0461629 0.029899599999999998
  endloop
 endfacet

 facet normal 1 0 0
  outer loop
  vertex 2.9550000000000001 -0.0461629 0.029899599999999998
  vertex 2.9550000000000001 0.050279699999999997 0.0222925
  vertex 2.9550000000000001 0.045924699999999999 0.030264199999999998
  endloop
 endfacet

 facet normal 1 0 0
  outer loop
  vertex 2.9550000000000001 -0.0461629 0.029899599999999998
  vertex 2.9550000000000001 0.045924699999999999 0.030264199999999998
  vertex 2.9550000000000001 -0.040612000000000002 0.037090000000000005
  endloop
 endfacet

 facet normal 1 0 0
  outer loop
  vertex 2.9550000000000001 -0.040612000000000002 0.037090000000000005
  vertex 2.9550000000000001 0.045924699999999999 0.030264199999999998
  vertex 2.9550000000000001 0.040316999999999999 0.037410400000000003
  endloop
 endfacet

 facet normal 1 0 0
  outer loop
  vertex 2.9550000000000001 -0.040612000000000002 0.037090000000000005
  vertex 2.9550000000000001 0.040316999999999999 0.037410400000000003
  vertex 2.9550000000000001 -0.033953299999999999 0.043268599999999997
  endloop
 endfacet

 facet normal 1 0 0
  outer loop
  vertex 2.9550000000000001 -0.033953299999999999 0.043268599999999997
  vertex 2.9550000000000001 0.040316999999999999 0.037410400000000003
  vertex 2.9550000000000001 0.033609600000000003 0.043536099999999994
  endloop
 endfacet

 facet normal 1 0 0
  outer loop
  vertex 2.9550000000000001 -0.033953299999999999 0.043268599999999997
  vertex 2.9550000000000001 0.033609600000000003 0.043536099999999994
  vertex 2.9550000000000001 -0.0263684 0.048267000000000004
  endloop
 endfacet

 facet normal 1 0 0
  outer loop
  vertex 2.9550000000000001 -0.0263684 0.048267000000000004
  vertex 2.9550000000000001 0.033609600000000003 0.043536099999999994
  vertex 2.9550000000000001 0.025985399999999999 0.048474299999999998
  endloop
 endfacet

 facet normal 1 0 0
  outer loop
  vertex 2.9550000000000001 -0.0263684 0.048267000000000004
  vertex 2.9550000000000001 0.025985399999999999 0.048474299999999998
  vertex 2.9550000000000001 -0.018064299999999998 0.051948799999999996
  endloop
 endfacet

 facet normal 1 0 0
  outer loop
  vertex 2.9550000000000001 -0.018064299999999998 0.051948799999999996
  vertex 2.9550000000000001 0.025985399999999999 0.048474299999999998
  vertex 2.9550000000000001 0.017652399999999999 0.052090200000000003
  endloop
 endfacet

 facet normal 1 0 0
  outer loop
  vertex 2.9550000000000001 -0.018064299999999998 0.051948799999999996
  vertex 2.9550000000000001 0.017652399999999999 0.052090200000000003
  vertex 2.9550000000000001 -0.0092674100000000002 0.054213600000000001
  endloop
 endfacet

 facet normal 1 0 0
  outer loop
  vertex 2.9550000000000001 -0.0092674100000000002 0.054213600000000001
  vertex 2.9550000000000001 0.017652399999999999 0.052090200000000003
  vertex 2.9550000000000001 0.0088378499999999995 0.054285300000000002
  endloop
 endfacet

 facet normal 1 0 0
  outer loop
  vertex 2.9550000000000001 -0.0092674100000000002 0.054213600000000001
  vertex 2.9550000000000001 0.0088378499999999995 0.054285300000000002
  vertex 2.9550000000000001 -0.00021774699999999999 0.054999600000000003
  endloop
 endfacet

 facet normal 1 0 0
  outer loop
  vertex 2.9550000000000001 0.0092674100000000002 -0.054213600000000001
  vertex 2.9550000000000001 -0.0088378499999999995 -0.054285300000000002
  vertex 2.9550000000000001 0.00021774699999999999 -0.054999600000000003
  endloop
 endfacet

 facet normal -1 0 0
  outer loop
  vertex 2.8300000000000001 -0.0053709600000000001 -0.075308700000000006
  vertex 2.8300000000000001 -0.016033800000000001 -0.073777800000000004
  vertex 2.8300000000000001 0.0054012599999999997 -0.075306499999999998
  endloop
 endfacet

 facet normal -1 0 0
  outer loop
  vertex 2.8300000000000001 -0.016033800000000001 -0.073777800000000004
  vertex 2.8300000000000001 0.016063500000000001 -0.073771400000000001
  vertex 2.8300000000000001 0.0054012599999999997 -0.075306499999999998
  endloop
 endfacet

 facet normal -1 0 0
  outer loop
  vertex 2.8300000000000001 -0.016033800000000001 -0.073777800000000004
  vertex 2.8300000000000001 -0.026370299999999999 -0.070745000000000002
  vertex 2.8300000000000001 0.016063500000000001 -0.073771400000000001
  endloop
 endfacet

 facet normal -1 0 0
  outer loop
  vertex 2.8300000000000001 -0.026370299999999999 -0.070745000000000002
  vertex 2.8300000000000001 0.0263988 -0.070734399999999989
  vertex 2.8300000000000001 0.016063500000000001 -0.073771400000000001
  endloop
 endfacet

 facet normal -1 0 0
  outer loop
  vertex 2.8300000000000001 -0.026370299999999999 -0.070745000000000002
  vertex 2.8300000000000001 -0.036170000000000001 -0.066272000000000011
  vertex 2.8300000000000001 0.0263988 -0.070734399999999989
  endloop
 endfacet

 facet normal -1 0 0
  outer loop
  vertex 2.8300000000000001 -0.036170000000000001 -0.066272000000000011
  vertex 2.8300000000000001 0.036196599999999995 -0.066257499999999997
  vertex 2.8300000000000001 0.0263988 -0.070734399999999989
  endloop
 endfacet

 facet normal -1 0 0
  outer loop
  vertex 2.8300000000000001 -0.036170000000000001 -0.066272000000000011
  vertex 2.8300000000000001 -0.045233299999999997 -0.060450000000000004
  vertex 2.8300000000000001 0.036196599999999995 -0.066257499999999997
  endloop
 endfacet

 facet normal -1 0 0
  outer loop
  vertex 2.8300000000000001 -0.045233299999999997 -0.060450000000000004
  vertex 2.8300000000000001 0.045257599999999995 -0.060431800000000001
  vertex 2.8300000000000001 0.036196599999999995 -0.066257499999999997
  endloop
 endfacet

 facet normal -1 0 0
  outer loop
  vertex 2.8300000000000001 -0.045233299999999997 -0.060450000000000004
  vertex 2.8300000000000001 -0.053375800000000001 -0.053397300000000002
  vertex 2.8300000000000001 0.045257599999999995 -0.060431800000000001
  endloop
 endfacet

 facet normal -1 0 0
  outer loop
  vertex 2.8300000000000001 -0.053375800000000001 -0.053397300000000002
  vertex 2.8300000000000001 0.053397300000000002 -0.053375800000000001
  vertex 2.8300000000000001 0.045257599999999995 -0.060431800000000001
  endloop
 endfacet

 facet normal -1 0 0
  outer loop
  vertex 2.8300000000000001 -0.053375800000000001 -0.053397300000000002
  vertex 2.8300000000000001 -0.060431800000000001 -0.045257599999999995
  vertex 2.8300000000000001 0.053397300000000002 -0.053375800000000001
  endloop
 endfacet

 facet normal -1 0 0
  outer loop
  vertex 2.8300000000000001 -0.060431800000000001 -0.045257599999999995
  vertex 2.8300000000000001 0.060450000000000004 -0.045233299999999997
  vertex 2.8300000000000001 0.053397300000000002 -0.053375800000000001
  endloop
 endfacet

 facet normal -1 0 0
  outer loop
  vertex 2.8300000000000001 -0.060431800000000001 -0.045257599999999995
  vertex 2.8300000000000001 -0.066257499999999997 -0.036196599999999995
  vertex 2.8300000000000001 0.060450000000000004 -0.045233299999999997
  endloop
 endfacet

 facet normal -1 0 0
  outer loop
  vertex 2.8300000000000001 -0.066257499999999997 -0.036196599999999995
  vertex 2.8300000000000001 0.066272000000000011 -0.036170000000000001
  vertex 2.8300000000000001 0.060450000000000004 -0.045233299999999997
  endloop
 endfacet

 facet normal -1 0 0
  outer loop
  vertex 2.8300000000000001 -0.066257499999999997 -0.036196599999999995
  vertex 2.8300000000000001 -0.070734399999999989 -0.0263988
  vertex 2.8300000000000001 0.066272000000000011 -0.036170000000000001
  endloop
 endfacet

 facet normal -1 0 0
  outer loop
  vertex 2.8300000000000001 -0.070734399999999989 -0.0263988
  vertex 2.8300000000000001 0.070745000000000002 -0.026370299999999999
  vertex 2.8300000000000001 0.066272000000000011 -0.036170000000000001
  endloop
 endfacet

 facet normal -1 0 0
  outer loop
  vertex 2.8300000000000001 -0.070734399999999989 -0.0263988
  vertex 2.8300000000000001 -0.073771400000000001 -0.016063500000000001
  vertex 2.8300000000000001 0.070745000000000002 -0.026370299999999999
  endloop
 endfacet

 facet normal -1 0 0
  outer loop
  vertex 2.8300000000000001 -0.073771400000000001 -0.016063500000000001
  vertex 2.8300000000000001 0.073777800000000004 -0.016033800000000001
  vertex 2.8300000000000001 0.070745000000000002 -0.026370299999999999
  endloop
 endfacet

 facet normal -1 0 0
  outer loop
  vertex 2.8300000000000001 -0.073771400000000001 -0.016063500000000001
  vertex 2.8300000000000001 -0.075306499999999998 -0.0054012599999999997
  vertex 2.8300000000000001 0.073777800000000004 -0.016033800000000001
  endloop
 endfacet

 facet normal -1 0 0
  outer loop
  vertex 2.8300000000000001 -0.075306499999999998 -0.0054012599999999997
  vertex 2.8300000000000001 0.075308700000000006 -0.0053709600000000001
  vertex 2.8300000000000001 0.073777800000000004 -0.016033800000000001
  endloop
 endfacet

 facet normal -1 0 0
  outer loop
  vertex 2.8300000000000001 -0.075306499999999998 -0.0054012599999999997
  vertex 2.8300000000000001 -0.075308700000000006 0.0053709600000000001
  vertex 2.8300000000000001 0.075308700000000006 -0.0053709600000000001
  endloop
 endfacet

 facet normal -1 0 0
  outer loop
  vertex 2.8300000000000001 -0.075308700000000006 0.0053709600000000001
  vertex 2.8300000000000001 0.075306499999999998 0.0054012599999999997
  vertex 2.8300000000000001 0.075308700000000006 -0.0053709600000000001
  endloop
 endfacet

 facet normal -1 0 0
  outer loop
  vertex 2.8300000000000001 -0.075308700000000006 0.0053709600000000001
  vertex 2.8300000000000001 -0.073777800000000004 0.016033800000000001
  vertex 2.8300000000000001 0.075306499999999998 0.0054012599999999997
  endloop
 endfacet

 facet normal -1 0 0
  outer loop
  vertex 2.8300000000000001 -0.073777800000000004 0.016033800000000001
  vertex 2.8300000000000001 0.073771400000000001 0.016063500000000001
  vertex 2.8300000000000001 0.075306499999999998 0.0054012599999999997
  endloop
 endfacet

 facet normal -1 0 0
  outer loop
  vertex 2.8300000000000001 -0.073777800000000004 0.016033800000000001
  vertex 2.8300000000000001 -0.070745000000000002 0.026370299999999999
  vertex 2.8300000000000001 0.073771400000000001 0.016063500000000001
  endloop
 endfacet

 facet normal -1 0 0
  outer loop
  vertex 2.8300000000000001 -0.070745000000000002 0.026370299999999999
  vertex 2.8300000000000001 0.070734399999999989 0.0263988
  vertex 2.8300000000000001 0.073771400000000001 0.016063500000000001
  endloop
 endfacet

 facet normal -1 0 0
  outer loop
  vertex 2.8300000000000001 -0.070745000000000002 0.026370299999999999
  vertex 2.8300000000000001 -0.066272000000000011 0.036170000000000001
  vertex 2.8300000000000001 0.070734399999999989 0.0263988
  endloop
 endfacet

 facet normal -1 0 0
  outer loop
  vertex 2.8300000000000001 -0.066272000000000011 0.036170000000000001
  vertex 2.8300000000000001 0.066257499999999997 0.036196599999999995
  vertex 2.8300000000000001 0.070734399999999989 0.0263988
  endloop
 endfacet

 facet normal -1 0 0
  outer loop
  vertex 2.8300000000000001 -0.066272000000000011 0.036170000000000001
  vertex 2.8300000000000001 -0.060450000000000004 0.045233299999999997
  vertex 2.8300000000000001 0.066257499999999997 0.036196599999999995
  endloop
 endfacet

 facet normal -1 0 0
  outer loop
  vertex 2.8300000000000001 -0.060450000000000004 0.045233299999999997
  vertex 2.8300000000000001 0.060431800000000001 0.045257599999999995
  vertex 2.8300000000000001 0.066257499999999997 0.036196599999999995
  endloop
 endfacet

 facet normal -1 0 0
  outer loop
  vertex 2.8300000000000001 -0.060450000000000004 0.045233299999999997
  vertex 2.8300000000000001 -0.053397300000000002 0.053375800000000001
  vertex 2.8300000000000001 0.060431800000000001 0.045257599999999995
  endloop
 endfacet

 facet normal -1 0 0
  outer loop
  vertex 2.8300000000000001 -0.053397300000000002 0.053375800000000001
  vertex 2.8300000000000001 0.053375800000000001 0.053397300000000002
  vertex 2.8300000000000001 0.060431800000000001 0.045257599999999995
  endloop
 endfacet

 facet normal -1 0 0
  outer loop
  vertex 2.8300000000000001 -0.053397300000000002 0.053375800000000001
  vertex 2.8300000000000001 -0.045257599999999995 0.060431800000000001
  vertex 2.8300000000000001 0.053375800000000001 0.053397300000000002
  endloop
 endfacet

 facet normal -1 0 0
  outer loop
  vertex 2.8300000000000001 -0.045257599999999995 0.060431800000000001
  vertex 2.8300000000000001 0.045233299999999997 0.060450000000000004
  vertex 2.8300000000000001 0.053375800000000001 0.053397300000000002
  endloop
 endfacet

 facet normal -1 0 0
  outer loop
  vertex 2.8300000000000001 -0.045257599999999995 0.060431800000000001
  vertex 2.8300000000000001 -0.036196599999999995 0.066257499999999997
  vertex 2.8300000000000001 0.045233299999999997 0.060450000000000004
  endloop
 endfacet

 facet normal -1 0 0
  outer loop
  vertex 2.8300000000000001 -0.036196599999999995 0.066257499999999997
  vertex 2.8300000000000001 0.036170000000000001 0.066272000000000011
  vertex 2.8300000000000001 0.045233299999999997 0.060450000000000004
  endloop
 endfacet

 facet normal -1 0 0
  outer loop
  vertex 2.8300000000000001 -0.036196599999999995 0.066257499999999997
  vertex 2.8300000000000001 -0.0263988 0.070734399999999989
  vertex 2.8300000000000001 0.036170000000000001 0.066272000000000011
  endloop
 endfacet

 facet normal -1 0 0
  outer loop
  vertex 2.8300000000000001 -0.0263988 0.070734399999999989
  vertex 2.8300000000000001 0.026370299999999999 0.070745000000000002
  vertex 2.8300000000000001 0.036170000000000001 0.066272000000000011
  endloop
 endfacet

 facet normal -1 0 0
  outer loop
  vertex 2.8300000000000001 -0.0263988 0.070734399999999989
  vertex 2.8300000000000001 -0.016063500000000001 0.073771400000000001
  vertex 2.8300000000000001 0.026370299999999999 0.070745000000000002
  endloop
 endfacet

 facet normal -1 0 0
  outer loop
  vertex 2.8300000000000001 -0.016063500000000001 0.073771400000000001
  vertex 2.8300000000000001 0.016033800000000001 0.073777800000000004
  vertex 2.8300000000000001 0.026370299999999999 0.070745000000000002
  endloop
 endfacet

 facet normal -1 0 0
  outer loop
  vertex 2.8300000000000001 -0.016063500000000001 0.073771400000000001
  vertex 2.8300000000000001 -0.0054012599999999997 0.075306499999999998
  vertex 2.8300000000000001 0.016033800000000001 0.073777800000000004
  endloop
 endfacet

 facet normal -1 0 0
  outer loop
  vertex 2.8300000000000001 -0.0054012599999999997 0.075306499999999998
  vertex 2.8300000000000001 0.0053709600000000001 0.075308700000000006
  vertex 2.8300000000000001 0.016033800000000001 0.073777800000000004
  endloop
 endfacet

endsolid boattail
